outbreak_escalation_rate,critical_network_threshold,baseline_outbreak_prob,baseline_network_density,meth_annual_growth_rate,housing_instability_rate,incarceration_annual_rate,ssp_coverage,oat_coverage,p_outbreak_current_policy,p_outbreak_decriminalization,p_outbreak_full_harm_reduction,p_outbreak_theoretical_max
4.263987085993573,0.31713973338842066,0.054613396139119676,0.19126445514114065,0.029682265363507862,0.7194040691140227,0.36917879551454247,0.281569859927454,0.042931632814835086,0.4788394788055938,0.4773923774689527,0.40839136305962515,0.09737182267251063
1.571917415051944,0.3856004400921904,0.035474751915589305,0.17547116773389376,0.017466074964599343,0.7542768989384938,0.38725775066786294,0.216833859762172,0.06346768902852862,0.08952292523363044,0.08942332184630264,0.08443337230489176,0.04915285244238831
3.5360807984576845,0.27884465811501763,0.03915898897054643,0.19484359708596183,0.025777140460129556,0.6579899564145969,0.4442500697314916,0.2805309488326111,0.12445219009130318,0.280649403126978,0.27994569955962423,0.24594393185863045,0.0748802942871156
2.495411594007259,0.29320060581171303,0.05847236073936616,0.1538342644506631,0.0204869510995654,0.5840438881154925,0.3591816341845132,0.1992370577037097,0.04763914113265191,0.21576158175497767,0.21542061148158176,0.19854528855096984,0.09386494848217057
1.7806035297333938,0.3073074998489299,0.0214766372676344,0.17905841597178734,0.027802056144861788,0.773854558916674,0.2913432529905741,0.2330237336320683,0.0981810435084393,0.06484756004951653,0.06476690321792757,0.060739932222320145,0.03368559630833462
1.3338059783068124,0.2887430609902481,0.0584931702005305,0.10304280601191282,0.04604604136932226,0.5816847522502722,0.21605463314580778,0.26287779678572465,0.09095679158712802,0.12126174796798751,0.12117158431497622,0.11661081504349687,0.08198244613253623
2.3120902294914183,0.4194081919884185,0.024931865978322552,0.1863353181064097,0.046936134127046,0.6588071523805243,0.42406475067489546,0.19624426118716642,0.0791416775455566,0.07444657812268198,0.07432647889320149,0.06838760034468154,0.03144751299736095
1.5218717482040223,0.2510275665433787,0.051447448456757056,0.09751672873399242,0.04908986959066038,0.7858629276696992,0.4438057019869457,0.27851437461164463,0.07529039035836499,0.1390759777295023,0.1389376484938759,0.13198624680875357,0.08237832962359437
4.727674951487575,0.3493655491368559,0.07686567816032935,0.15518443252419561,0.034183431455511,0.7940551126758993,0.2875658505349902,0.20677671721427326,0.12272506432594757,0.618274396435303,0.6162861126543785,0.5219508252839757,0.11350157785258365
3.230235008764505,0.439430861534261,0.041157094617632194,0.14895462590033615,0.0489862526474516,0.663843106489654,0.39947195050596873,0.26109973067482517,0.05729340755250728,0.13200126891714412,0.13172033951993103,0.11801267857216845,0.045786055340683425
1.4781196486746346,0.38049976485941217,0.05522076918376294,0.1524860919314171,0.020819071625593474,0.7763030471877238,0.44560047328632735,0.2077817195567253,0.05096919346975372,0.13585840203438362,0.13571715797934342,0.12862760964562048,0.07764944503006203
3.853669415328654,0.2563916302033915,0.05672433160738445,0.13115788823381108,0.03576863914976197,0.6143877337170721,0.44860475725546406,0.24573707023213043,0.09719435519875821,0.39328673353511046,0.39232114687692815,0.3456026995061739,0.10786533425161172
4.7743115153419495,0.3832585309904586,0.04325907012804986,0.19586731080650577,0.012988831985096122,0.7206316368493122,0.38265155373850873,0.17341750920644927,0.12243869043978467,0.3656953729356344,0.36444548783825287,0.3054502433308114,0.06110272679865457
4.285069796305952,0.36769669471386346,0.07137575879081143,0.11071364668901243,0.022923061392040887,0.6262760300221224,0.295182230557043,0.2502775575164923,0.08686316995085097,0.29999392612349884,0.2992329811848099,0.26249301753463505,0.08491477278001457
2.3958314897157575,0.33878680172944325,0.04578050876342383,0.2247674588006648,0.029106091086092287,0.6980902835045284,0.3839788757120255,0.2894470382334645,0.04461148429393449,0.18267961568723595,0.1823567311335577,0.1664539757111596,0.07200571970069629
1.5011348962270987,0.38523188985188406,0.035002971756707364,0.09931936887980447,0.030596293722658804,0.7415467062150126,0.40849273487748466,0.2550627271381825,0.11076364253601975,0.07452008624316142,0.07444894567247204,0.07087021577896654,0.042263795848191975
3.844794466602946,0.3246749596245985,0.040988921654550384,0.2031003323755938,0.031255723979488066,0.5585567634476735,0.28869287292280055,0.18621058934072132,0.07954589242819526,0.245711302965155,0.24508864784690496,0.21502370322694525,0.06464205976883257
1.096890032109708,0.4444136831784004,0.07955672663559638,0.09919188351657966,0.03874870997597886,0.5895127345498148,0.25943662499725023,0.2664885563080876,0.07186599087913312,0.13113435710912225,0.13105318685065173,0.12693393375364617,0.07438581417280588
1.5641262343414077,0.3996684551424379,0.04939730899157691,0.1260143657726312,0.03465787304524314,0.6174528796999735,0.4239705743463934,0.1699984725124243,0.05770384497505905,0.10915405950871504,0.1090466902913038,0.10364956299760204,0.05997687086535282
3.145937504642723,0.32374910818264946,0.06939363276946711,0.21816712300789326,0.04638760517834126,0.7894754310263004,0.40099896178920036,0.16221927355310803,0.06509970284794592,0.45748415537426906,0.4563896517141039,0.4033479254561264,0.1296943336495068
4.2546213083701625,0.2912016825939253,0.030420002212750215,0.1563872810839652,0.04687728659159644,0.7634530854055006,0.43305324152479396,0.26446290807682116,0.11010720455934911,0.2819583170174888,0.28111817759923274,0.24101473745246774,0.05863513396201516
1.6943787269833457,0.319027422982239,0.0303340664353419,0.16404989181517793,0.024180631311011693,0.7459980767602282,0.41402063745977935,0.29430965072551557,0.13347611148738225,0.0834422217525996,0.08334330282592038,0.07839704781240273,0.04469720183911171
4.400572094603681,0.3870955382217405,0.05898837290330707,0.11751060277267741,0.011366944605804594,0.5692520426739391,0.2812292883501359,0.23062666097000672,0.07803744230551526,0.22388432653422197,0.2233133791449757,0.19575658849263405,0.06601002747359706
3.091928746389783,0.36333158314850883,0.038126249766825736,0.17411278375675485,0.0411571013695604,0.6880019587284063,0.38408880315106,0.1666629308598522,0.09563144401796869,0.16844243067926468,0.1680847982520421,0.1506322073827689,0.05506812219447812
1.896188572106976,0.31641814544553015,0.07055829863481297,0.08926316853676924,0.04195802619122949,0.7691875007003894,0.28689313447149944,0.23608604644333692,0.1474415288026162,0.1817179899828594,0.1815074148461521,0.17097067844590694,0.0987180359658493
4.183734606081002,0.30021875314465724,0.02046720222470648,0.20778221254129503,0.030935128480824407,0.6395333010073596,0.23354043866209226,0.20076104923051216,0.13470464549949837,0.16223655440554974,0.1617777007627506,0.13978922504455343,0.03654398360963625
3.715415687788803,0.4230479213264642,0.05636981771696022,0.23246204078843036,0.014773397316337915,0.5900858138006689,0.3621941529240288,0.2516655339057772,0.12285275988986935,0.2614319312033673,0.260742443123552,0.2275389798436012,0.06908276346570007
4.593660038358318,0.28068426492406706,0.042605089337238056,0.2126576164884576,0.04153631009818925,0.7825991512691942,0.21521643319504086,0.19127501733577004,0.04105552767493301,0.553720618354058,0.5518950260196648,0.46545871706891256,0.09739037978468651
3.279951795080736,0.44627580017651336,0.014074504485184871,0.19513369250287593,0.018754151163764443,0.762637804488598,0.3700975808229444,0.15718550853142516,0.1477130851845141,0.057212565485069825,0.05707649133592114,0.050479687695762554,0.01726803926831465
1.0956843093110338,0.36044368520075376,0.0687584188562731,0.13373941803286618,0.019145084419089305,0.7443646672753433,0.4291444664212287,0.2958896261432592,0.1309553101991022,0.13653453547390706,0.13643379072863226,0.13133703933733665,0.09166356467566143
2.8718867647025554,0.3413208726883437,0.024465870313390207,0.1387470238807811,0.0326893247380139,0.7671287403672258,0.2445270938338209,0.21481048904925734,0.09623613831853454,0.09297510076077432,0.09280174373274476,0.0842850043378883,0.03481923977727273
4.362253870513582,0.2753046064900102,0.011112426603958758,0.13580139637231772,0.043853214099957724,0.6550860504909743,0.44196801531430313,0.28373169076634497,0.10851526531765326,0.09185355824781895,0.09159242773319101,0.07908363509515835,0.02053131198309748
1.429591577130334,0.3066462630319483,0.0747614787342392,0.22751842901062047,0.033351756055142366,0.5557980625957822,0.21963951404659676,0.26953884944598916,0.07790818811161357,0.18405153130403795,0.18387553020532263,0.175022158453301,0.1112445193957166
1.161091351388162,0.32708147753485184,0.05409723084152415,0.14466573617432585,0.03333770195214246,0.5675834299016013,0.3339372700298656,0.22940361322351643,0.09382205186490572,0.11089164204877601,0.11081240992358533,0.10680154782342138,0.07567935970812907
4.11308699119016,0.32807296819935944,0.065204378840606,0.16174533584273593,0.04998947689280776,0.6537622045402014,0.36119324901929895,0.1614468439712872,0.13849753790726732,0.42540592182198633,0.42424995186556785,0.36869686151147213,0.1016021411631786
1.527797843152641,0.3986408600767627,0.07261981439411512,0.23962252350870106,0.024903559747560464,0.6667421350399299,0.2820424193183907,0.1979045600596658,0.049489111474333165,0.18371286519445468,0.18350971229597554,0.1733303190794777,0.10078238196639512
1.3519436076372935,0.30175947026719174,0.06822943338479223,0.19763752314776042,0.039044291640748255,0.68899217604248,0.3307245420267658,0.2891357609019152,0.04234502505838062,0.17160720767266743,0.17144490447974928,0.16327834449188597,0.10429692495922117
1.8714096766460864,0.3498436246520946,0.07181569965385727,0.22524186736272694,0.047156921131177185,0.7976899251017721,0.40425692697634324,0.21347885918156184,0.08332233437989506,0.24315688164260932,0.24280625858955027,0.22539068273919516,0.11378464327718991
1.2149658767789435,0.39835790161097906,0.07299822770676012,0.11502650345615056,0.03730017441908446,0.7600636980667582,0.3084721805618476,0.24463605864220606,0.06143568237605792,0.14403667388834748,0.1439251633996552,0.13828911752520814,0.0871063007794319
2.5329128077158036,0.25755175052443935,0.045302944428933616,0.20787443505628345,0.04047738260723994,0.6972043510234768,0.29033075409353937,0.21396875741321109,0.11542426592911373,0.21789610330646522,0.21750774127755776,0.19838744024040378,0.08521765521464651
2.4347726829144465,0.3931680966600125,0.04385308012314496,0.15570174820143645,0.03782111176171209,0.7929475086188185,0.3321884021969592,0.21476348217254418,0.06406947656894134,0.14154162520293986,0.14130404608215558,0.12957571376069,0.05810065121794524
3.5387231980591456,0.3029507708843533,0.06509730866269998,0.24121016658107325,0.03040783316936179,0.7251929433208535,0.32685904658718484,0.2403091546084562,0.12246788926615207,0.5088750177687495,0.5075246508383247,0.4425227265309197,0.1256923928309217
4.162783013683369,0.42479406109981677,0.039747335626369215,0.2119354227217956,0.012116003524548913,0.7496986488936108,0.2547752808047542,0.21854838879993094,0.09034650273336917,0.2223158717088953,0.2216539038339102,0.19005368054655278,0.05011453588064667
2.1981795064705025,0.26534280281815814,0.04992127502694975,0.11328455030200332,0.04006815230753645,0.5807323287715224,0.41597509675439054,0.2395046271406043,0.14887113608641386,0.15615769491354928,0.15595012060567157,0.14560955127922706,0.07754512370957399
2.5701548721705207,0.350001591630304,0.06914628076023355,0.2456947228431699,0.018096446963741082,0.6242013833474477,0.3985234718175952,0.15264892459980656,0.09645242979548713,0.30373344180742984,0.3031563354731524,0.2748301405491861,0.11163974890409271
2.3035597396877447,0.3862236373535409,0.015743857882169605,0.09277880878181172,0.017142005976690515,0.6331494792943496,0.3496238057621529,0.1641839993186786,0.06453142277343858,0.03944507636442011,0.03939168773033554,0.036733744154236234,0.018492591378978233
1.9668921457858404,0.2916500606858107,0.06634738872684527,0.1739958905954506,0.014070230844528703,0.7729892390050475,0.39987909559623624,0.1627509472215746,0.09009080972919857,0.23884907239932432,0.23851363220069174,0.22183590866822742,0.11400327402382987
1.1418613689770893,0.2840540571851889,0.037738201725919795,0.1606158643184868,0.02341164948035998,0.743401995077323,0.22294414965739728,0.2401952755004364,0.0750121386246435,0.08524422690387615,0.08518003178907353,0.08193364387299595,0.05734333293221666
3.121224442017188,0.4344552384789312,0.0220633947670716,0.14668482865609547,0.028837817371944748,0.692270645211849,0.3200210021017777,0.16954593232639759,0.0997375668870396,0.06969063966075546,0.06954930817317605,0.06263526721328594,0.025152515440049174
3.664070351964369,0.37567145520982703,0.03720805064150395,0.22344284419318794,0.021141872428126783,0.607749632228633,0.22555099688330918,0.26731756808525414,0.07504937193872488,0.18158042341859953,0.1811277158960113,0.1592456041882382,0.049604269816584674
3.950315046682635,0.30632746481426176,0.021342069911270203,0.15416785472628738,0.02852677201370566,0.7785266770868067,0.23951849333377184,0.20543714900671103,0.06923860690554957,0.14640910898044474,0.14602396696163256,0.12747356862963283,0.036605529127369425
2.590411639586026,0.3100664903679041,0.07576352903544696,0.22528311532867157,0.03413318696189794,0.7533875116698325,0.3138992281814738,0.20261460066003742,0.12560849092692394,0.3624156838320081,0.3617203932287001,0.32760965359815764,0.1319195019274146
2.1639514720487796,0.42037040322731195,0.0575298109415188,0.17287095353586765,0.0303195986016372,0.5991952509013587,0.24063262256359083,0.2440826555141294,0.08981478817320811,0.13781575627264428,0.1376269096924816,0.12822932348224464,0.06412220818931381
3.8344374084523034,0.37984112807526205,0.04672775913970662,0.08487344300676025,0.03779696548647916,0.7049783992179595,0.3936260004431592,0.2841227740528522,0.06840690775677477,0.17690133627550259,0.17648852998256825,0.15645269773472306,0.0547974622472098
1.687031511352576,0.3544402169099146,0.03421803537754132,0.24648567672504068,0.03243692990123392,0.729257593839983,0.29346491323576335,0.24736636746464807,0.047306454978728034,0.10143055389690515,0.1013021769983899,0.09489632591749741,0.0520851924864037
2.59587235386328,0.28611789247856567,0.04591587042018366,0.1543023842959121,0.023350343650588495,0.6294362630219024,0.4299316825665933,0.16198944793936934,0.10963426002617302,0.19222833707413797,0.1918989743001827,0.1756543652138049,0.07796146834607466
3.8399543854598286,0.3722413987376255,0.03373541395573805,0.20622449982554386,0.01987128598244173,0.6580085627925572,0.41050569902314726,0.15059878709693292,0.05625872535723593,0.2143197917757902,0.21373267034226479,0.18553312656207188,0.05059292552389591
3.360472720870767,0.2693786816291707,0.05756755891440033,0.09052062367977354,0.044497171601881616,0.6356785863897362,0.3046173712273605,0.2726516686299287,0.08781543527799596,0.24963114020136914,0.2491467488903358,0.2253961679782125,0.08982078967861556
3.9220982352875002,0.438590897300555,0.06464869442926545,0.08156546637184617,0.037077392511725135,0.7476679950160963,0.4025832012681828,0.2765023598089573,0.06311687635458023,0.20894112387315067,0.20843364964375521,0.18386355313574765,0.06715223693647975
3.0543072036650756,0.3273593613191318,0.03838683057875636,0.16698061490732347,0.040696045491309445,0.7906421411772667,0.23240803414150418,0.17773991604107464,0.13707190030292898,0.17977257876819994,0.17939900510504247,0.16114716895169492,0.06015723031060974
4.138126656957406,0.4409299370343355,0.02565881300163645,0.1345179631729595,0.010596371425503692,0.6549913776279288,0.44630483689339007,0.28230202025856116,0.08338750941245335,0.09809605971685534,0.09783166236724163,0.08511815511897317,0.02764272247620539
4.780390248482185,0.30416822897186596,0.04706984366500275,0.22694130270318574,0.043097592597180025,0.7978293608724316,0.33456115833536326,0.2046681048660372,0.09143510438160252,0.7176064716061071,0.7150058112407095,0.5928996196579253,0.10619099840755124
2.9711371394294073,0.38227401462086963,0.053670568472845064,0.18809070966296468,0.028462275638621838,0.6447303820375723,0.21944624097684637,0.25136243617446524,0.13493315903582997,0.18580642106213094,0.18544403141225763,0.16767998447038332,0.06704672001019166
2.9618248975925914,0.4275332212778781,0.04012916769272678,0.23152967786352002,0.0383658527875381,0.7382382430661477,0.4061071812847087,0.20809175619453016,0.11237269901982014,0.17164059016331817,0.1712544309992259,0.15247134114729316,0.05324716905072373
1.7630744377673886,0.25518265478614893,0.040859073539972875,0.09962556493161338,0.033079522270679076,0.7726162731663736,0.4179487375353418,0.27949049049897357,0.04913931133374143,0.12125246426543823,0.12111418704463242,0.11419176802473836,0.06651170355202067
1.057251979113398,0.25160736958321384,0.035347017295335265,0.09142878509423638,0.04171089552319928,0.6710935143270462,0.25587234076863064,0.27864321953950566,0.14119605375219818,0.0703051605907657,0.07026208582982049,0.06807575411710719,0.050922965841192776
2.5184037345032193,0.31270107537176,0.05377683968675179,0.23127190929761804,0.04394352927720084,0.7257883685394043,0.4490908511361621,0.23578366810807427,0.08341025259194859,0.2625310466915799,0.26202585697790676,0.23724514215775777,0.09526886882965767
3.669601167241348,0.3268122970772632,0.018583732506896166,0.23609752817617158,0.01341006111266399,0.550228616577357,0.2872485646497839,0.21867992537794018,0.0591076409629028,0.11483162705711779,0.11454181295809501,0.10054441045238939,0.030374266676629375
3.7532355778170112,0.29721560083478277,0.0684415821008939,0.1536642383366402,0.020272915683506074,0.6990650228639353,0.33706884364390954,0.19170718442617637,0.067997474115758,0.4441511086060236,0.4430485803051393,0.38974178659625036,0.12008303813883858
1.9457282736583854,0.2921878929032948,0.016424858915121375,0.14005036000914184,0.026316564439678752,0.5754089567402284,0.3670848061485579,0.17381720936808762,0.137984564225526,0.047236967013538626,0.047180041463719555,0.04433504168213902,0.02504292810859476
3.5218976862140114,0.4340424981702221,0.014947834938070193,0.15852101640832372,0.04105624353452047,0.6471732217262492,0.20484223732150808,0.2736717769651279,0.1028203804784941,0.04572476686201654,0.04562392238209572,0.04071313964742076,0.01569125183845954
1.3606958015515132,0.324727493169197,0.051932922233230566,0.1956004471104791,0.04500098482986665,0.6511626529413467,0.22896934337932112,0.24704033680825696,0.13940870917936088,0.12004415463104916,0.11993511455756826,0.11444321153094475,0.07441222003820747
3.828181158117071,0.4018429075115987,0.02388896283284325,0.2244333354312421,0.01222907049973945,0.6884332755050004,0.31687805370354205,0.19594694282785113,0.04010556731405146,0.13740535630078554,0.13702580067176218,0.11880639757504492,0.03293689614513571
3.4584518579158336,0.3925394840892701,0.02746288785222794,0.23880519719813886,0.027400411381123743,0.6768476668922652,0.2051409342900919,0.23701490200078207,0.06872389150124586,0.1336983744622059,0.1333697006918883,0.11746861132847576,0.037171917190692565
3.8708756831313518,0.2994301461667988,0.07235830712230003,0.19534035853303133,0.013277763122473325,0.5851856084177304,0.4047784652982537,0.252776041734752,0.1428849205382479,0.5035868798869262,0.5022587930198881,0.4383023656035362,0.12546576438568385
3.463891387303649,0.3963137899582412,0.07107375895483428,0.14166809892810217,0.02508347812151037,0.7771584823222614,0.2884089368113596,0.20513627685520958,0.13840610943100598,0.2852055005891689,0.2845504519701795,0.2527269996362818,0.08820357432236575
4.648756619644747,0.3204655915461974,0.06067769389966651,0.22504096990979983,0.037012497493903354,0.6015109253843349,0.3061131710236619,0.16791164479612422,0.11323854157101276,0.5952547456472814,0.5933309836372114,0.5020943603928121,0.1083581823373707
2.1615415464273307,0.332413660440278,0.03104181129402813,0.12491436652982715,0.030391412367425603,0.7697319695108913,0.23571532540293405,0.23960840031234543,0.14248090348275896,0.08902244727007169,0.08890019164157296,0.08281685540057106,0.043192554446611055
3.249080953384342,0.2663775424452673,0.03963559243220094,0.17183840489409177,0.04657251058869286,0.5990521710758471,0.4163929102013168,0.29144327687305016,0.13320748599673637,0.22081173186646766,0.2203344088217749,0.19706406201554932,0.07070169593751939
3.580365617540862,0.26762016880132805,0.06706222566868032,0.14603376558315967,0.02703126833245663,0.7151802403181718,0.40617829437913516,0.1641047546660603,0.053792384240462766,0.47740052288260626,0.47625211544130963,0.42061693369808967,0.13440829026699014
3.170641468237907,0.4134731371307133,0.0277970631076198,0.2142117985485828,0.02543431177354733,0.5572204651962791,0.27903039019314113,0.2305473535111237,0.12832343718906825,0.09733992680523257,0.09713389616564382,0.08707781940412172,0.03302200384540195
3.8333063837700454,0.32018055861056954,0.06313549379009022,0.23366675399437792,0.026212522199320465,0.7193562158119832,0.41872873295582136,0.2797474820502437,0.08476552273158644,0.5489501540606928,0.5473542538687421,0.4710330406439127,0.11860925652383936
2.76534570678937,0.29111253260097747,0.010279117279982018,0.19227154082489062,0.047621806004935416,0.7463138931134969,0.31811472462325247,0.24275058073451627,0.045458271604754796,0.05153173650605002,0.05143083678911379,0.04648579456202976,0.018370729166593987
4.156869519493618,0.43350867457682885,0.062385414808407674,0.1781069162844312,0.016107335359020147,0.7902040459792261,0.3240205362671017,0.249441131118723,0.14918209465768753,0.3148938202186859,0.3139672274733049,0.2696947921513946,0.07387799246973499
4.320457291205324,0.4138949572770654,0.07108434179083709,0.1778578376360998,0.040310931868718695,0.6662798945875674,0.4375520713477472,0.24108288284048868,0.048912668445359575,0.3993269705819399,0.3981298104181432,0.3410110995839707,0.08948211045794592
4.313443813559026,0.25284630468067526,0.01708300150915588,0.12765066418034743,0.030106503948517965,0.5997418834931958,0.20336910462315666,0.1782985053225754,0.10218961968269681,0.11707737108488983,0.11678292789741937,0.10255869517981935,0.03111359454633582
3.5703377460832253,0.3641630235494973,0.05481478690243901,0.12757077168014253,0.03105520661769614,0.7225709901585078,0.3970821361803365,0.25396157763420035,0.11437027907819977,0.24352542219002973,0.24295613636000307,0.21532842292521093,0.07208876241694445
2.1878733393837306,0.38630232604401216,0.05132616368034504,0.14988722995674292,0.04790635795430111,0.658214950611312,0.35723351210854287,0.2876273684602436,0.09350400915945355,0.13578793358142416,0.13559472519934723,0.12599322686577474,0.06263127921890814
1.368375807158073,0.2577278710180556,0.07880739940433694,0.11805843395918345,0.03773657368348606,0.7027642766317941,0.4316697117163756,0.2706031498014544,0.045388064998480165,0.1980560144014546,0.19788063467108555,0.18904220700872745,0.12425481479922193
1.722214624725665,0.35225053976545595,0.025201250404654464,0.16382699690199815,0.029862934674419632,0.5529546151190448,0.3609012127957796,0.2107268675030703,0.14434313804972287,0.060859580459524214,0.06079308693269177,0.057460141386656186,0.03350189277031406
1.3489952954047308,0.4449886218313389,0.06902653750308982,0.1093473559049601,0.027995387851299722,0.6559211187228005,0.37483641296612236,0.20522524309991327,0.043040583193788055,0.1314709259806775,0.1313619015026325,0.12585943212289694,0.07278693119501997
3.9690390991962197,0.3426271439417564,0.022165762265049217,0.16706607762072845,0.030343669308815706,0.5898062578718973,0.2975171782918597,0.1833790546255918,0.10344382355863585,0.11664852519431983,0.11635430863283161,0.10214370135064484,0.031124468152883677
4.219016385829557,0.2989775191319859,0.037698767039734016,0.09078190927040168,0.016650560305608242,0.6945852702540428,0.2464799877370908,0.18090841517321896,0.10855368020720566,0.20507522781396115,0.20457058223140798,0.18015760550317259,0.05607900935797296
3.3008733349786774,0.29446622129282585,0.0281126463463178,0.23782222713123402,0.033106410487459284,0.6329745409429011,0.39521935464460695,0.20442489628237231,0.131048426789857,0.19254371525822306,0.19207754356888931,0.1695027002640729,0.05376546546901398
4.00598962978566,0.3138115270767806,0.058933699767015714,0.22267510826203651,0.04407274668871954,0.7884186706547919,0.32416311332937836,0.2603204010161477,0.0774669408075733,0.5564463516178595,0.554775289518393,0.47505640271811506,0.1142939764609792
1.2229725612253413,0.3360293375172792,0.030235868603570207,0.17144467869034147,0.01770425480819683,0.5831091546065293,0.3443123389399649,0.2587805983644238,0.12870890682637895,0.06361468937733224,0.06356434022616722,0.061020705738783834,0.0419365480440488
1.4969558931614797,0.34732378640364386,0.06034403854400271,0.09451909890102356,0.03921590819466703,0.621402373788024,0.38484989923745244,0.2605333243175621,0.10917248741192417,0.12660772871134787,0.12649539672356583,0.12083457681872858,0.07516847383517916
4.8888435321254295,0.3850442527587573,0.07621702286541196,0.14981813581315562,0.03197147167732733,0.7694453622791578,0.3633668637899715,0.26302301863575855,0.054693462755914586,0.5507193205090298,0.5488818632772839,0.4619718744778713,0.10028835245889002
3.886133651509403,0.36906353342430476,0.026182227531601064,0.22992142216943645,0.016519145463081853,0.5537689081850419,0.2249190200619859,0.15830312244741707,0.06249524414717142,0.14331215238059358,0.14293842137006496,0.1249270639818194,0.03689504865892394
2.623185913262299,0.25764334197555083,0.021628742748301177,0.11452753063562013,0.03187423540657831,0.7122861562215493,0.42509874897729816,0.24080422548250008,0.06061194756214874,0.09284185338303592,0.09268477571130347,0.0849331700306457,0.038082967156529104
4.066455935544447,0.3737244536575752,0.06413600017772973,0.1851877744522462,0.021692147910790063,0.6589869264336747,0.2390243083851368,0.2860211925595636,0.09522087216911762,0.328575556436111,0.327692086504912,0.28520344936644737,0.08231677351951709
3.445275217960458,0.25236958787682284,0.024278219555812684,0.16569005054708302,0.016356583173808927,0.5970014445970094,0.23998794251739833,0.2024233257386016,0.12518842291306018,0.13947373520277326,0.1391732041824019,0.12451915833725247,0.04482147341656057
2.190101666923897,0.4037584471094712,0.03245106932659723,0.09040627753127525,0.024604393651355236,0.7248644513985807,0.448710781251275,0.2623724854525767,0.05949911845522016,0.08067643750642657,0.08056508067933803,0.07502506536963403,0.03752366531848852
2.213962774202506,0.25155193139074156,0.019450301173444852,0.1731192310904302,0.02945265484921729,0.7145410502542393,0.3548940924150088,0.15185872413382204,0.11215615471364435,0.08051734198481174,0.0803947044578216,0.07431609300172738,0.03610025386963782
1.3009380101580255,0.37575544195974464,0.04243408522660166,0.13313179306042286,0.030647808076991898,0.6384619744274846,0.30384247861520125,0.2192561308546659,0.052087452109034704,0.08730091277295254,0.08723062631426295,0.08368102594526876,0.052874179964311284
2.543793510743181,0.2934221900646294,0.023909527128056565,0.1684393220847472,0.01949487581958293,0.5930114647868043,0.44146550720890854,0.2841866564731568,0.08674418889812982,0.09310087034146332,0.09294331051750764,0.08516800639541877,0.038179716751045284
2.1969511223464657,0.32416804310610925,0.07386357759378158,0.17695539199615162,0.029800489388189827,0.7973301589327921,0.33921778718211465,0.16565545292810485,0.04229590997408396,0.27780299823537097,0.277368335823036,0.2558472365613905,0.12185765576024225
3.7681206616371483,0.36443875005355386,0.012284720078054022,0.1834121974999533,0.01000855424193054,0.7097386826599706,0.42191810967717813,0.21433720514360333,0.08920171393254273,0.07391490440809256,0.07371752225027903,0.06422034168310323,0.018096219604958455
4.9016444270921875,0.317936346781973,0.020920084285033596,0.13440462008047072,0.04865303403803666,0.7119444002406751,0.3695924750312409,0.27088976993395836,0.05848951831498829,0.17998874108209262,0.1794128914120794,0.15207980032828933,0.033330978164249986
3.5312963674593343,0.4187149734208267,0.0390970573676561,0.2182181038733022,0.019809212786728845,0.7895452651872854,0.34760332125710125,0.18021914088712107,0.14855502055861816,0.2063696149255714,0.20582281441598604,0.17949903404707915,0.05237503882349355
1.5675635140951478,0.38975968373345504,0.028329667731991456,0.2092298652809062,0.014164759431914274,0.6179741972025121,0.39391839111369265,0.17518086836949237,0.044267576911062353,0.0719764466910755,0.07189720822870374,0.06792629263965383,0.039465133622688116
2.468856339727018,0.36966026644105465,0.014353758964905322,0.18487662828644785,0.03596928698503359,0.5858390906780465,0.2599009947083226,0.20838957139163555,0.04591000620824552,0.04454144153610728,0.04447057776836484,0.0409643539940716,0.019064120793405998
4.161275873488494,0.36393403006436664,0.02624767109488786,0.1931239292645192,0.01427699489050979,0.7090147115701153,0.2658609849901866,0.20932040215697995,0.06681572252095326,0.1695795894679604,0.16909408209877133,0.14584911543504178,0.03757363939310174
1.953712458007593,0.43578598500568655,0.0328362402402447,0.17718131709392518,0.045784136780345965,0.6940832126921096,0.3424525867581226,0.18579071742571138,0.07196777410140444,0.08293001769397941,0.08281924482989414,0.0773018888413838,0.03931706581288291
4.109262130885744,0.38848454578987157,0.016256332198315446,0.21342610582724553,0.0492473434432726,0.5889580819807606,0.3183075483961306,0.2782557982322568,0.1218622434975801,0.08696691879443375,0.08672280885670451,0.0750185134128613,0.020638222013086058
3.282695347269672,0.3293109054306482,0.07524418015803773,0.2449490782003499,0.021639806710430004,0.6899689901459201,0.27823496798824254,0.1638323719290282,0.14093183086976183,0.4635506147224665,0.46243328108408643,0.4083102464303458,0.13017628551993762
3.985325059188732,0.338669503838781,0.024724211321177636,0.21973859089199455,0.014958256343377808,0.7841645383581426,0.4467670007054473,0.2413186663940659,0.13968253732972832,0.22455321339779283,0.22386511876906118,0.19109077330112867,0.04465728987014285
3.3273437083772284,0.39373938347561854,0.03193335704083314,0.2002830447325446,0.044540679366842535,0.6656751597477051,0.31460132307573263,0.20352599920387243,0.05669068128503195,0.14082897389864585,0.14050475395487455,0.12475578377024507,0.04271932765743409
4.3159211739250125,0.43609997148510626,0.04571297582578898,0.2160465698630904,0.01891060663935204,0.6719950047570671,0.2764363526594854,0.1979861566476359,0.14680217746481988,0.23812757029371973,0.23740694948348762,0.20304976017987064,0.054564318907587436
1.8727418246430831,0.3501225023629685,0.05266396176669829,0.09611536570015405,0.010501308260536957,0.7121966821150972,0.23775531553268978,0.17085200674837173,0.04371399489064555,0.12928439259662225,0.12914104074874877,0.12195866243769453,0.06899284181320584
4.484850163535028,0.4139280524205414,0.04506631468548182,0.24042115182853085,0.016018478098473156,0.7301885631221373,0.3884965765857098,0.20541015347557579,0.08437998776994514,0.36998976030530895,0.3687254011610544,0.30904613321830404,0.06260359569519701
4.9936242459223745,0.28754421062945557,0.05141606565182808,0.20248899102603676,0.027868830898253698,0.5568733562115253,0.2568472583428436,0.21567000965096111,0.08212823548160697,0.5392909623197554,0.5375357637525258,0.4543421531324509,0.09699545986382704
2.523011524629485,0.3831268715148681,0.016126088188268786,0.08892942888553347,0.03714836874007856,0.684903694703987,0.4304018444779818,0.27734647107753285,0.060517694319317986,0.043796448266093385,0.04372860979065851,0.04036840656978787,0.01900998946301019
4.519473146186232,0.26286919933663866,0.017150790668236077,0.20362855753460707,0.031205458920636787,0.6489247421137574,0.28249046194750016,0.22300109230672277,0.06357284288993247,0.19441592892990275,0.19381496895206718,0.16521061048601549,0.03812026184983678
3.646919418928907,0.3763480908112181,0.01837216526798894,0.2328888602721027,0.012431376379607843,0.7693449854451995,0.357366918194832,0.20652127338446014,0.12565145785247037,0.12227542717473572,0.12193638796467438,0.10566622693455356,0.02836208179413924
2.6744309902836254,0.41722208788348497,0.016809153816991666,0.14440451494179327,0.046462899974459876,0.7444641375726608,0.2816000582000121,0.2012074911304713,0.12606682290905924,0.04939100491783133,0.0493044532511382,0.04503992650321488,0.019685116461816858
3.127490407685562,0.43885063740694863,0.06736215605474138,0.09200038243722636,0.026635979100010712,0.7889958375803845,0.3013908963041428,0.2815137296565565,0.0862271742882516,0.18328829027826898,0.182931813833675,0.16545515246254036,0.06955412772573222
1.4162623103383694,0.4433888787766365,0.04300046181285132,0.2034079276319855,0.04112982420689693,0.6369567875426004,0.3563982976666542,0.21226169306800272,0.04280929468599897,0.09353249879573987,0.09344042243954431,0.08881211584501207,0.05130540351688991
2.9863971673270626,0.44947923956468505,0.042770704020448275,0.08258205880620743,0.04477132925782629,0.5545391368716561,0.35234425411686304,0.2750287349829015,0.13554682536462972,0.08774536956514094,0.08759969282833029,0.08040479856508284,0.038066018637389364
2.4072536499655683,0.3738498828924427,0.07357500091367444,0.13176197127166767,0.01877681609495309,0.6402997064958819,0.3729892257213079,0.24773335504960042,0.12737706384926353,0.20542652595302333,0.20511449007247162,0.18964655212209713,0.09068057445078558
4.797494539600384,0.3078288492603142,0.02361627897696779,0.08451504356892618,0.0394637029754777,0.7750112141155021,0.3614018772672368,0.23913711784367608,0.14807937882994504,0.17312853594387304,0.17261203592911287,0.14795961433254115,0.03593348625845145
1.2077893757737357,0.35421798864647025,0.05212404572276773,0.179181098649384,0.04432350366146685,0.7368654650322903,0.29405760347940296,0.265247970658013,0.11080584931185208,0.11282339151993748,0.11272953622110879,0.10799297901989728,0.07281010460750775
2.780545172994832,0.35508783828771867,0.057217217879301785,0.19278720874302585,0.0473484160334574,0.6187660835028433,0.23576934924496032,0.2790427890799362,0.07370793920263119,0.2028326095802998,0.20246227431564898,0.1842500429409999,0.07747660103842133
3.552221448517201,0.37507101669404985,0.047832851215818026,0.2046799274197222,0.035195722564823895,0.7114432129655096,0.3766847509803538,0.16167846871063818,0.06381660607764245,0.27526073114621247,0.27455594142966516,0.2405482421874688,0.07141610137701826
2.193912093319045,0.32405721633031476,0.07821034268421984,0.10191375149700198,0.04270117091107041,0.5524251743905773,0.29945531614125437,0.20730292459826807,0.13238329102039514,0.19914446427116073,0.19889815679153067,0.18659847966636153,0.10096585899259722
4.744308846176045,0.3459879434645954,0.03919749656692532,0.19214571135130942,0.04311590340407798,0.6375167779516291,0.2911273193610512,0.2941602255541147,0.09954715162950972,0.29883998090505404,0.2978880473926803,0.2526877216543309,0.055748957313469065
1.6043953339645092,0.38691216902873743,0.029729477903795175,0.22872563416407127,0.02119001513187184,0.7499116240317032,0.3842053658989618,0.17555708550817115,0.08297264053232015,0.0832364586289941,0.08313543224597686,0.07808751463524809,0.04392824120938757
3.0105826589071167,0.2885682489286002,0.03532488071338517,0.16776924445811098,0.04357123526899897,0.5899541961269881,0.41432996874096073,0.20083358867763582,0.12690619941704603,0.1693823781634458,0.16904656526592107,0.1525990190044467,0.05960670639187472
3.6190587827080525,0.28102167123124133,0.03456304751993807,0.23303608072617166,0.022591287718765583,0.6973789064363889,0.2631818760608582,0.2917276720375738,0.05700063239980994,0.2728506119216635,0.2721375215317904,0.23777631571727417,0.06883720058623148
1.731765651132068,0.2524120577441016,0.07249164782373631,0.21667941449416456,0.015741123347779155,0.6302457486916689,0.3789869252828243,0.1671559072532449,0.1428483075426515,0.24428201637834665,0.2439816653137915,0.22898039994566027,0.1278517093682819
2.0095210920454596,0.2903465608510007,0.046336712018973304,0.20276468865104233,0.016224995415954364,0.6219886369522463,0.32939185237719004,0.17617225800648767,0.09982223039584974,0.1589833417118111,0.15876451245542153,0.14787663746197718,0.07701010637603782
1.2934163151076852,0.34323873929297644,0.0499573945190043,0.23796511724188596,0.0492751059490303,0.6912605751807909,0.3706314139788067,0.18299581640053147,0.135335679517051,0.12596268741512193,0.12584113382039055,0.11972802553777309,0.07578483894130074
3.8143503611357117,0.38839411736093254,0.05704280981144487,0.13830174318817373,0.04340824536238979,0.6738585441935443,0.44568697889499687,0.1555983361380488,0.04257584499939433,0.27296149683117593,0.27227408261901836,0.2390687652343774,0.0756916122468789
1.978715365263052,0.3373323979546752,0.026855460579690897,0.1565245657037232,0.02549121033964504,0.7326660714023185,0.3941916293150103,0.2994989500934053,0.14610068349128255,0.07732235701877149,0.07721756989818815,0.07200099339181694,0.03787565466352261
2.2249568098521735,0.3088814902259052,0.050957444668191264,0.09352797789708092,0.04225889737244053,0.5986334380560657,0.42278333614828045,0.26685105824181565,0.047101981033721985,0.14471948875894855,0.1445287558676768,0.1350243642151826,0.07229477793020754
1.6742948519069711,0.42297488270004685,0.03228397277529933,0.1240563499787219,0.03394092543536635,0.7200382641042865,0.3217452034633317,0.25782237060906815,0.14775586596355839,0.06702486059570172,0.06695339883149666,0.06336895897787295,0.03510069411460114
2.2145468594042534,0.40086679238700584,0.03659398151066049,0.12995954149255365,0.03352899360731348,0.6497261109367772,0.3919067159049979,0.2575073477885128,0.09284199593209724,0.0925553601933504,0.09242508326337136,0.08594838685128453,0.04263693694130919
3.6586166664079056,0.347192040047296,0.03215883336552487,0.1580180875908247,0.03496722548265696,0.591083228931521,0.27415877022859164,0.20663602705888484,0.10063248926403362,0.1418895303119316,0.14156616926495896,0.12584947571981808,0.0432745379744286
3.936254552396658,0.3861407924594381,0.062129009399325204,0.17758972782394788,0.03744212898852389,0.7467798199500839,0.3518513733068527,0.16239114433110033,0.08667534169629122,0.3619742073261759,0.36097629734855036,0.31306796649625784,0.08654353970757941
3.0231004793838165,0.4460389671185983,0.07208067325557217,0.23543284557789135,0.014759015886975195,0.7605898970595714,0.4186153529594786,0.2537952396986932,0.14858278481201248,0.3007183484211635,0.3000165111391046,0.26595265452100314,0.09029207563628384
4.953410056393048,0.40261609474235815,0.02113572960715316,0.22114821938697554,0.01025922919179497,0.6473384776393138,0.2828170174682506,0.16920496669054919,0.09784775140536982,0.16126786629017323,0.1607086492249867,0.13434695062476582,0.028054314650541784
3.166139863262954,0.37682757620754953,0.019364828328451253,0.15698184781176863,0.030366229763083792,0.6748428576704384,0.41237738174836835,0.17923406030817096,0.0963090915875906,0.07973574329669054,0.07956608212455794,0.07128754565596038,0.02624567040978932
1.8509622462035265,0.30268797764560607,0.043168514364365654,0.20203203979154577,0.03673893433221378,0.702192582083458,0.35879442936031947,0.21771765369983595,0.0409577291840671,0.14271339782487905,0.14252513210516612,0.13314398428990007,0.07124611910685359
3.4755644223905358,0.33194743821329115,0.062092417776253385,0.20027155473497263,0.016560703472134487,0.7222273682065151,0.315402992478577,0.29270162606435085,0.10403151051846585,0.35863794139862787,0.35775532346479644,0.3150576449903977,0.0980589467624066
3.177495980257905,0.43163413533221906,0.044959119379597096,0.13944445498271626,0.04587961791980673,0.5784551702772447,0.35018887725591685,0.22920460062309866,0.07050465276517194,0.1276999010312542,0.12744986336077685,0.11519564781028488,0.048103570681821174
2.083630146192437,0.2649216112055082,0.04865787303647664,0.14505048018834754,0.046736718640328176,0.7565156749012181,0.2800853214736586,0.20578843896921128,0.11739908744596184,0.16861518500022385,0.1683836166858258,0.1568609864718798,0.08180814594795452
2.354896481266341,0.26334849602502436,0.02069694481939792,0.22616440414929484,0.04382428660441622,0.7714762819984695,0.214924054535676,0.27582399667057955,0.12679815612482015,0.09275061110110504,0.092591627682247,0.0847504973918785,0.03760266417546032
4.69764111416528,0.33947166653704647,0.02333993054788467,0.20957650056903526,0.01697199094307869,0.5564154710131306,0.3995671699975908,0.2856207774674529,0.13006886886602972,0.19229532981561945,0.19167615207255048,0.162301970511524,0.03522539133735244
4.342481506142429,0.4215286692025457,0.07828581060610865,0.11030026911314657,0.030835965987247388,0.7545881293397747,0.39384498253930156,0.2718472241537142,0.048773209983568336,0.34042056715825275,0.33946455301014455,0.29362837020055466,0.08895018014840379
3.6107216211228352,0.29457577165208126,0.03296177619997888,0.08969588854444788,0.012646385979280157,0.6023343914632615,0.24403076837605914,0.23738524070887262,0.08349309014577327,0.13300990224150988,0.13274305347628146,0.11968125956523316,0.046244178333130125
1.2503527111528356,0.2984629787774725,0.011221637205186938,0.10644760058504105,0.02844707503584186,0.7227919890651296,0.28764949598728295,0.18012807356647223,0.06366607702239585,0.02527037710866147,0.025250961265960693,0.024269481087637216,0.01686325009952687
2.880934969078857,0.327178756256254,0.03428589248344869,0.0911295068696104,0.04943257945551186,0.7138952104573111,0.3118507043683534,0.2115677246713619,0.10309739163301196,0.11774634051410951,0.11754222855125591,0.10748040443240166,0.04714271376038545
3.250784120044831,0.38682509096288753,0.03463326570037067,0.08187580477339196,0.01552294188101867,0.6964618697609926,0.43637962795298013,0.18783912609484638,0.12748522875867782,0.11383737344215022,0.11361107207158075,0.10252875413614776,0.04105193625920426
4.926481854232828,0.3980631028144733,0.07720698642319322,0.11235016237537784,0.03830236421219445,0.797481127919135,0.3991438245729638,0.24434640794632828,0.14646355830828403,0.46619999340770524,0.46468020631564555,0.3926545262699598,0.0933837865159879
4.515503561418462,0.2828153735279489,0.016633391052818233,0.17092913887746652,0.04644499610556239,0.7192297789146169,0.4321265445931828,0.17080785712258653,0.12307273499316701,0.18763476616777008,0.18704057698079343,0.1588133580189018,0.0353506989770237
4.828627693544224,0.28553637969821644,0.0495078640985192,0.18616600839991748,0.04139482519490694,0.5808283131052333,0.397944423099182,0.2039143175273836,0.05085932978717159,0.5462313409832246,0.5444645391108841,0.4606777360332167,0.09929244917821906
4.792545608660292,0.4400724360094843,0.07505361342134395,0.10381893359257434,0.03890733198452823,0.6796534259087169,0.20007501071647593,0.20675802363119078,0.07999179497423145,0.24738768441709982,0.24669709019618544,0.21357217976834794,0.07499979905627013
2.822261780661701,0.364863166838558,0.027154043241778655,0.10068705112262219,0.04351014716443304,0.6011645262459129,0.2266913788367962,0.17940663221357572,0.11757581805118308,0.07398790175848986,0.0738704324736395,0.06805774833325985,0.03159699328267868
3.522877643403604,0.4493187860725337,0.016051343941993434,0.13299807948300085,0.026023909011136152,0.7559693284601174,0.4260517836286638,0.15141844894334494,0.12530287304083537,0.058420294587401396,0.05828139640514727,0.051547540977266194,0.018378101017542316
4.482605929257675,0.40008583426720923,0.06495562388374723,0.17021403560005424,0.02002388211334699,0.7203013567412134,0.3046911286404273,0.2572432820740381,0.13807125338058068,0.36415786148213874,0.36305306987528524,0.31039001427250157,0.0796928942006892
1.150738545682682,0.4114053350982345,0.06471101284926947,0.11541516493694266,0.0432530090251847,0.5938415621773085,0.2018992422251895,0.27332635618994217,0.0709962382377847,0.1121517135419496,0.11207814947338623,0.10834850496939608,0.06583653235143168
1.504471994525241,0.28775952156885165,0.05819153530202098,0.1679942437889663,0.02660216750503737,0.7261636812490742,0.3257282803406045,0.24358450791612563,0.05776601149901735,0.1575670086150836,0.15740556499064295,0.14929894765794716,0.09186899540658783
3.9435263109796397,0.36709838205002315,0.04568196159286832,0.18021716604959645,0.01641335681454433,0.5932507897808171,0.2728725966254633,0.2862918478083739,0.10051789556800993,0.2147412817561149,0.21419570085289952,0.18785674034257996,0.058052687869811395
1.6818600066947096,0.35035315047318427,0.06265305121390848,0.20486513353931954,0.015448014037046978,0.6138254362580821,0.4426925778603308,0.2547022794814431,0.05181186293859766,0.17177374698553188,0.17156972570671983,0.16136862440338556,0.09190420479195041
1.2809958637055778,0.2874800671819959,0.014394377985980433,0.12873436852101572,0.04971342541827236,0.6975751145443883,0.3862967944422898,0.25411559528483374,0.12836119386957642,0.03295389946180394,0.032926579429455115,0.03154772815475238,0.021298497541575596
4.4952859968466825,0.3059595180973189,0.05161434890664913,0.1873857413379315,0.027567634589540313,0.6187034443353475,0.2088489728395699,0.17373629908793578,0.1322944622780693,0.39828312859228165,0.39712646765910903,0.34180675925003406,0.08619478239437482
2.0997343445532133,0.31877830883149233,0.05161918706593344,0.08526563134997786,0.01087692104367299,0.6035335232044711,0.2737741339913855,0.22207933256276127,0.10453985072591732,0.12810555358039696,0.12795555327851765,0.1204522225093696,0.06715264095309853
3.3339976592746674,0.35276555941353555,0.07642149320970772,0.08782380636056422,0.029121111123384315,0.662226383868789,0.243665096695762,0.28876200046373335,0.12112934916985926,0.2388046169635113,0.23835010717700492,0.21604320310469136,0.08885142991263056
2.1032270329694596,0.25906911320145376,0.016206701405178544,0.08633505553011149,0.04907786594623625,0.6736859333548538,0.2977424975729294,0.28679628284950365,0.09837554412035783,0.04702050512567501,0.046962831682459585,0.04408206451752226,0.024647970476146582
1.3057795589330796,0.4108227811151086,0.029534096724479666,0.2294791141317124,0.02762537322354476,0.6733452984886231,0.28977328677157727,0.15003703806833749,0.09790229249227012,0.06763524432170329,0.06757187028168475,0.06438236669538165,0.0396535412723975
4.705817216493111,0.2574741820913573,0.025239767667437355,0.24291943837601127,0.046420850844199314,0.6942013866830471,0.2447640144472296,0.1968617325397336,0.13582420373111487,0.39131262058612765,0.38997420628385593,0.32680436326528756,0.06448503493114328
3.947582902975615,0.43972379098866643,0.05285920635072039,0.16003929244101195,0.040531248088437645,0.5658020088518503,0.20806829421195558,0.2285404967061932,0.0435999364136106,0.16564100307257276,0.16524537333752526,0.1460704426213915,0.05498737487093884
2.064921862782146,0.2656980640275143,0.0592872086573205,0.17979069185696656,0.016464487084607623,0.6655849533558301,0.27194842716708534,0.2566566391269818,0.06961751865432081,0.20437073736426,0.20409024683572682,0.19013296656082568,0.09920265664807
3.1421623080008474,0.4443227787190961,0.04028918443106839,0.24112870790223978,0.022909184062463686,0.7981968721695015,0.28557464376300135,0.2501835411042008,0.04840693016965669,0.17696278558105355,0.17653860624025305,0.15598448820246286,0.05172139538243672
3.1400316111108806,0.35662366840035975,0.04925724866089154,0.21254240297487448,0.04997604628412125,0.7601888388916748,0.4018955597786301,0.2342511625371449,0.08785668268483232,0.26880506302980917,0.2681745532149746,0.23758186740915288,0.07811111094080542
2.3849544012665658,0.2643858673120484,0.04775017568069021,0.23315069386171455,0.03321583093521496,0.7243310700657399,0.3135901430909111,0.2682344853326518,0.10515027302015226,0.22558488421027872,0.22518686248626368,0.20558186800275977,0.08906248940180542
2.5129886290670695,0.3851242985861963,0.015415310620791921,0.17606601105782155,0.03189200771232567,0.5683857423720459,0.2851552851409916,0.29069940967690916,0.054576693449336626,0.043848008944253086,0.04377794256281987,0.040311800255141125,0.018645734082380776
3.432814724775726,0.29493609027934914,0.02658427415865281,0.10241587748041805,0.03757955743817315,0.5774887826361694,0.3627435128188684,0.19727373979319432,0.08180513353910357,0.11444349263976866,0.11421438890873954,0.10299889031989795,0.03986513952150909
3.5111363347025826,0.4193714640161179,0.04847931991161193,0.12518816710336356,0.04018927502190492,0.7340418852557603,0.2280284946471686,0.2001354859344215,0.06734713975925008,0.1611698403822331,0.1608168839331924,0.14362221579918005,0.054788258947918896
4.291104325406609,0.2557158748580195,0.039659803854641185,0.17151544472525282,0.0461607877678071,0.7635280866204485,0.21287716393488762,0.24424761084987884,0.14882958428503287,0.3831994717811424,0.3820928806996212,0.3291456053085866,0.08364915653429907
2.1276732260820657,0.3160159071754828,0.061502384224705935,0.2443199555534024,0.01549638850299621,0.6883464745447095,0.22394598064916468,0.1927566801585546,0.05974726098495954,0.2302843200439339,0.22992996250457717,0.21237314147939468,0.1023999632229017
3.8822173142065246,0.41904863584232666,0.07539982236824334,0.08609187979011326,0.03458442587740114,0.6009039027358866,0.3825253559841384,0.22572873240772612,0.1299769788013724,0.2205708197443769,0.22007585639955696,0.19599683360003234,0.07665383957874858
1.9424503553322112,0.4068243696754233,0.07093879129359833,0.23697264316473454,0.04252352477617994,0.5714994712029002,0.38457857172816845,0.24318387982652062,0.14622852173052003,0.19137984847477774,0.19111459881467927,0.1779203524328476,0.09049546409973812
2.1055860099579196,0.4221235657955569,0.03220094223739682,0.1820415998722052,0.048861400198439334,0.5595525615676955,0.43477865167007135,0.15323812608581502,0.07706112585672252,0.08536633313798382,0.08524635289219717,0.07928123141410998,0.039347925804044386
1.0616956737344474,0.2704009238921419,0.0411210162128382,0.11283893108305394,0.04100655799887277,0.6604120780510829,0.34092851054552376,0.24978229063947754,0.08830220316551057,0.08584313907042418,0.08578727623215714,0.08295468742288196,0.06094317601943298
4.685989648427242,0.2696370449591198,0.041863504846682054,0.11962415716218949,0.022446523179341087,0.5832577581340783,0.2617724393000985,0.1827345500885701,0.04150357958876506,0.30669494902261757,0.30585885911090144,0.26568752225182773,0.07291055321589343
3.2137458240327743,0.3197318250554618,0.018819067392540093,0.09583464664463441,0.03806605543063933,0.6423802255221706,0.4046786014196347,0.2775480552731181,0.09267498587047299,0.0718429928836012,0.07170368320180488,0.06487284017911728,0.025872133957030346
3.5677797980141444,0.3958031155810827,0.06381539558348384,0.16531992541080848,0.030191863858795374,0.7081368925701426,0.30789206504234046,0.179320285036229,0.06147085584486702,0.2809330132591175,0.2802619492446987,0.24773776927340876,0.08292519080525045
3.08662869588526,0.3425621233178214,0.01519502835319722,0.13536979906158642,0.011115030843386562,0.6202506291036015,0.4450422466322157,0.2747073799191646,0.05223791183427097,0.05974427817537544,0.05962584350618131,0.05382508227717799,0.021039952384618404
2.1088033232680186,0.4396626655182003,0.06643980779133284,0.08039973062556943,0.034498755334372945,0.7457908862474258,0.30052486645210225,0.27985368375303077,0.09201950887272026,0.13727225935752999,0.1370989766378456,0.12845162888020986,0.06582179736506266
3.778536170209641,0.27270708004717736,0.07204341767943996,0.08303790776262487,0.036441881001573605,0.6147888068000127,0.3221020127340979,0.16499772361614568,0.14123581023343973,0.35259037994503645,0.35183412919419127,0.31494950476027594,0.11390255357882893
3.4072125987963853,0.44673170415629093,0.03231022337121517,0.24920730446905054,0.03316300763664976,0.6519287614681799,0.23934116926044932,0.23323431233792424,0.14306097318143385,0.1299474035508982,0.12962858007654052,0.11420211601646502,0.038105877529326794
3.335877610708414,0.40948728055319955,0.05390566984314885,0.21393225076601302,0.01473179685021049,0.5859041153654052,0.4351458524247705,0.21240209638545543,0.06761475674332382,0.2351844231994595,0.23463130735331403,0.20779814242528546,0.0701469414471222
4.794689281773023,0.43095821670682444,0.034069549039528364,0.1214469186973677,0.026921962711877544,0.672132842644743,0.398635363069066,0.29423374398104396,0.048613443870770795,0.1484183001996841,0.1479666683797167,0.12644339936337065,0.03679043292993488
2.717114003563763,0.4111411974724012,0.055957130190412215,0.21502406586819067,0.03170741528569239,0.6300088953159941,0.23037821807575165,0.27766635083715335,0.05317806623719874,0.17946861377973333,0.17913706166527707,0.1628412224186592,0.06822956937809921
3.482592599260907,0.3591465101928464,0.0546789028198901,0.17360181441838396,0.01699249104461092,0.7992727682969132,0.3150283339745168,0.1895312627687255,0.14838339041939724,0.29370115230664473,0.2929804053923165,0.25810711617841237,0.08060156501146626
4.9663395999475455,0.29762082799944356,0.02615415647342762,0.09214163828788835,0.03605561090064078,0.6119145736908587,0.3179350221707496,0.23786140704144126,0.10795738456175308,0.16906915035619743,0.16858679833893242,0.14548694852811206,0.03759008154471002
4.806390371059637,0.3082811881500708,0.015101486329139494,0.18276196245466142,0.03388435198574916,0.634393499006277,0.36504998539960803,0.17132555385316442,0.07474481109313405,0.15340355674170977,0.15290540009604664,0.12928916000936058,0.027697026588270973
1.6081158906890765,0.2830914004705451,0.05066939256633179,0.140814651145576,0.03275335971128194,0.5766706397279519,0.43787143737897033,0.15472296940977984,0.14911142200099445,0.1348329139668114,0.13469545758540907,0.1277923922275919,0.07882734300879923
1.3978985870460185,0.267791066404225,0.013282851417537538,0.2018843252942502,0.014992917393316945,0.7247402775191703,0.316474030705649,0.18318545520729385,0.11387762788527814,0.03726503898995513,0.03722799764389361,0.035366543479634215,0.022080421513295437
2.0328057592170152,0.37582239343916923,0.05471263260144277,0.18216982953570648,0.03895719232252517,0.7759077003761913,0.40325977333534346,0.25681591161451317,0.06915575101019883,0.1685766737038402,0.16832883460176992,0.1560276071263059,0.07772030424050283
4.8676682417840045,0.4095310740267777,0.06457093086128625,0.1453213266525698,0.02876627494991528,0.6396460499146266,0.3510198665478167,0.23482280481331808,0.10776406864396285,0.32763236943252283,0.32661328838986536,0.27813137781378344,0.07450469089813763
3.601362658945379,0.430216062277481,0.05093558913400717,0.19719157020676872,0.02499500183729776,0.6648330970316253,0.32912832488148436,0.27071354113435675,0.09720871353756855,0.2067021123850648,0.20618740597502525,0.18130654371487084,0.059753388505280614
3.718383842322822,0.33003072011336326,0.04985920046103495,0.0888097221787513,0.02891503999728883,0.7341863601297451,0.37101727829517983,0.20048047948285025,0.11258107740020351,0.23256234017714333,0.2320293511575187,0.2061324646435006,0.06976792091811691
2.088350924493158,0.28723328053721225,0.04048263449222759,0.08826516750936006,0.024344783890839827,0.6818809067519762,0.2763161771436033,0.21488106559657638,0.1404529074100029,0.11228412519651468,0.11214735257466217,0.1053141039407593,0.05912203774317452
4.653623976403021,0.30946331057370646,0.047198885863282296,0.1932240026027191,0.03273242315675517,0.6090984759163959,0.31963459225441565,0.18777564695114574,0.0465092219300357,0.43618575694471484,0.43482619095789327,0.3701567980789807,0.08436683603546222
3.2965294234212394,0.4183189646381548,0.0413316139012227,0.2421335352014498,0.021933503241753367,0.7720894178714818,0.37575748349341376,0.19218710969167707,0.059960047303654826,0.2217598027229807,0.22119439882695757,0.19390476655323302,0.058410619532863736
2.363826570367404,0.2901919396924368,0.015239940155252228,0.1315769124247787,0.04614548856825245,0.7593721622952176,0.275264770188037,0.26802181731108365,0.06947450967334717,0.05364974321483315,0.05356779636862926,0.049506502109636516,0.02399933073826664
2.758280110809379,0.2837103099470085,0.03589580542316201,0.1266076364463286,0.042569035999907294,0.6471172883274453,0.20270867670563417,0.20773872450061442,0.12280463903542285,0.13092726943525956,0.13071214971437126,0.1200827655017021,0.05510582816876774
1.8553554172289088,0.4224006878011034,0.05335383559383195,0.09332667729130142,0.03396871555454513,0.6306980310367032,0.40525241976561355,0.2097511037708232,0.07808521752495878,0.11221806510388485,0.11209355407537096,0.1058552796266845,0.05693959973665295
4.663628947752062,0.37298549451286306,0.04096400132143249,0.08592065814296686,0.03303547019136742,0.6399607526616976,0.3066212032625243,0.16176463423935192,0.05134487423940623,0.17847917742226924,0.17800102914083774,0.1549996975035281,0.0489910532611747
1.4684705127768312,0.4113703769807766,0.06276250568001879,0.2322941210149045,0.013140013825118275,0.7224261883529984,0.33342259828293935,0.24493070163674663,0.13913529461242,0.14957052735609502,0.14940745264061495,0.14123294936431863,0.08249903192702272
1.164552414726913,0.39003553598703566,0.0448122941677744,0.20565428797551205,0.018950020532229134,0.7583610583983161,0.31304207342012796,0.19122557998147452,0.11267760055399934,0.09866095852495169,0.09857781698426923,0.09438313274425195,0.06249757786874914
4.753929037772278,0.303259549970591,0.04189530332517281,0.15534995402754165,0.018423686816271274,0.59531910110315,0.354809351604246,0.18353510240560167,0.08235038235113196,0.3481963822612507,0.3471425438335585,0.29689894213408413,0.07063901703216628
4.492529195210692,0.3023223544100839,0.031878108353037504,0.21992544482300214,0.01279293683936111,0.588040693915792,0.3680647327243271,0.21783621207096562,0.13502672171579003,0.31371949552056455,0.3127353111019134,0.2659456745497333,0.060035669263637854
2.9948599140998002,0.35981683896486455,0.0423339700216661,0.24186095934488677,0.03383360737725942,0.6596261864364887,0.2758025016736205,0.23613248195195002,0.09859912153096964,0.19799354023911855,0.1975652257806604,0.17668499914364255,0.06334204630204274
4.872865031186485,0.2596471149135139,0.04492801005075871,0.14758263725366283,0.03873002253017387,0.6871983062206222,0.32643579073510176,0.2688405521511226,0.06432225671163212,0.5005685498542373,0.498983082316176,0.4236659099289807,0.09427804083476996
4.818506069499859,0.2851353187829721,0.0529399887817382,0.24380577573953516,0.048470840590835694,0.5850656792363144,0.3219174667375937,0.26185433571451233,0.10290164439225219,0.6900677890207262,0.687702815361057,0.5761014723973727,0.11330727833328086
3.939551582172874,0.3352615230050535,0.030906686974382334,0.2171228936457401,0.04802630116378111,0.717601484647233,0.44079025092759044,0.263896532793636,0.05707462175790064,0.25747984565097704,0.25672274958639746,0.2205468381690879,0.0546655108906465
2.0775436986864584,0.3290218149184561,0.03478327355529578,0.17941431990796694,0.01934626645358601,0.7756483755782884,0.21550341440813942,0.1704294341905827,0.09248725515238052,0.11393740333713497,0.11377527854555936,0.10571849307925639,0.05385423377777981
2.7427566360284477,0.4019662927700561,0.045079804843567106,0.11930750294516154,0.03239490234119701,0.5984769251584809,0.29495897506675967,0.22204182134144967,0.09990769459099116,0.11723472430102096,0.11704423503192896,0.10762742968889685,0.04949128029737605
3.7396702515821616,0.4283766861520303,0.07726449923815334,0.17352268985856809,0.011082634627348526,0.799001910451282,0.41782715899744566,0.2201546156482412,0.11353825279169702,0.3806283948384449,0.3795979557591652,0.33006465100226573,0.09698660930213036
2.012426149868798,0.38461666361430286,0.06927795350776716,0.1497731945579863,0.015475430066293866,0.5791984141722125,0.42345860254717155,0.21104263255149922,0.08650266621553561,0.17713531796351978,0.17690705195995698,0.165523672803691,0.08667782892138444
4.040008611551336,0.2786043858283418,0.015563834298543605,0.18714463755376404,0.04671310026363204,0.6302996065501556,0.3456176318817581,0.29042800617605247,0.10783564943348883,0.12246371364679765,0.12212969718804358,0.10608187386915024,0.02909264068798254
2.5811423347241114,0.36814395873753014,0.0724169938356453,0.22457846430525902,0.02841768949369311,0.7054164400651679,0.2804341355924586,0.17952981993807995,0.13828721810538444,0.28235098436031103,0.2818262906408848,0.25604479301107713,0.10608966673797812
1.6319881555449047,0.31577740240859925,0.012749301524210208,0.2019439720217936,0.031605202893844,0.6866791619958958,0.2629852213042878,0.17314603013770793,0.10895968236465814,0.03591684201936192,0.03587639259250307,0.03385066755293016,0.019849851697976956
4.790077288619654,0.26816507798355743,0.01618765133775734,0.14621634194570493,0.015810123581036326,0.600402948935775,0.27605549290585724,0.21700391426459564,0.12133445563450895,0.14043438798893926,0.14002101058997415,0.12027042361615878,0.0297660203832697
1.830415996147417,0.38997018817204143,0.020823189717995613,0.23970764543373635,0.023360779790230587,0.6208979282066376,0.36980970175343275,0.17128557233013356,0.08468695140645227,0.06021664244915477,0.060136466757407366,0.05614264411209015,0.029713089348540906
2.931037829284974,0.43814028393399934,0.06862374314911308,0.16651788438353285,0.031158250131501093,0.6022256383605002,0.37857911906471436,0.16821956753770564,0.04103613952225979,0.21108275941680585,0.21067808788484083,0.19082432592202608,0.07955008148372475
2.4276198814728898,0.3717234945545253,0.06525073391853722,0.20092399805393635,0.03337350782921358,0.5780284697875289,0.2736519876749232,0.20398203632489595,0.0585614553043025,0.2066230360919277,0.20629196446626993,0.189915902489459,0.08810084121940814
2.20417808401015,0.4156531778843285,0.052665276414716196,0.08344545575223712,0.02443245750498143,0.559967121499312,0.28302716951531964,0.2957211441034413,0.1162942896522183,0.10171603542383009,0.1015937882435044,0.09548365442487189,0.049536761642197565
2.3987904693075177,0.3744204365693749,0.05858088036464699,0.13103849871623208,0.017914653784019734,0.7069639200680553,0.24556372898052747,0.27288272300188987,0.1465634678997586,0.15778538663773514,0.15754878730668379,0.14581438053712809,0.07019691087141429
1.4714941516012598,0.32187262286969853,0.06865587756057406,0.22105598486189015,0.019185686577135187,0.6693791750519634,0.30613357622721504,0.1677685305042486,0.1259821911827688,0.1849533937807374,0.1847597489291665,0.17504187932439014,0.10657207779066949
1.4467430864168127,0.422319696645596,0.03882758485347164,0.1628553837544716,0.011292077205375044,0.6502351340525235,0.284654582256178,0.1596657167228216,0.0764348800534656,0.08262440744608557,0.08254709626841011,0.07865602877325634,0.04582205462533658
3.0523776728409513,0.39432912632667144,0.046916707538167235,0.13359361703620048,0.012556018438208106,0.6133486693912618,0.2642241765191976,0.23780717904864973,0.07992838684434847,0.13891648539451024,0.13866024220495948,0.12606492590513063,0.05352358216428471
3.848390991654793,0.2776506544778323,0.0672874405600335,0.0856249620993897,0.012961805888894081,0.641224508406178,0.2859329666784158,0.21036264005213653,0.09160955419792277,0.33334026170114756,0.3326081028306037,0.29694612732405395,0.10479350480662665
4.994820097573831,0.31014867099341437,0.015929716092168776,0.2425249450932097,0.018499176337785805,0.7259761488815274,0.28525332774169365,0.23172976002297077,0.1305418739417914,0.23644642964481105,0.23556886380471123,0.19445737715601064,0.033410613631530514
3.500958834149612,0.3588600849376407,0.04852795139361499,0.10559572583348435,0.046977837736050035,0.6309478191536344,0.3485075926772953,0.21671342313467162,0.13609207033504833,0.17624462262373805,0.17587522688731566,0.15783586829700902,0.05978535117922625
3.957723628835632,0.36134374446005,0.07691781363556845,0.22154637249425113,0.04137926037667813,0.6553741726083611,0.3594899394223216,0.24379143143633564,0.07948361602367846,0.5175206467379322,0.5160510995074624,0.44565018592270345,0.11587955143028437
1.263284504837136,0.266091947330851,0.024076025988771937,0.12729125740032238,0.04893616697018064,0.7477723940175598,0.3737445898060425,0.1879813265083248,0.0773458216118524,0.059642711907129733,0.05959315494248088,0.0570921196719537,0.038510063282908895
4.325380803909031,0.30398399340941973,0.03305674477398397,0.0901908553610349,0.048345886221848794,0.6682590419913678,0.4115801379797277,0.17697482195163666,0.12194490995487664,0.201851982378437,0.20132246725798794,0.1758135246113081,0.05066234260715252
4.525965974343071,0.4195879113451237,0.029155772720266544,0.15609532241473695,0.012631631109352693,0.5842130209340475,0.29564811813856773,0.18632435924083376,0.07938339746133127,0.12326515351678403,0.1229175676804802,0.10625746151640128,0.032982689043682886
4.080823686880603,0.41666295165714035,0.06639625225510688,0.1580571658774302,0.02994240324844477,0.7342867421546745,0.39029601077593157,0.2750054744608096,0.10802139626469962,0.31885953800680633,0.31796746868197334,0.2751854053148845,0.07933531673711176
2.8788067088064984,0.4252635007915861,0.03129444641978628,0.24950895623585978,0.028715083334633323,0.7743260291529913,0.3641631833820652,0.2500878836520424,0.05937615080229214,0.13822944225334238,0.13791945798750932,0.12283873895881943,0.042717845984176536
3.6718466939354517,0.4273609198683716,0.07772023018319678,0.24248138805459002,0.014403072793319857,0.7912989627016174,0.2259731445401027,0.2973264890936479,0.10095374490741303,0.404247341559524,0.4031330167365655,0.3496353346106108,0.09836457990036432
2.32449175117401,0.39794348841544214,0.053715771962355864,0.11991745236918502,0.020617336478698484,0.7715416905198127,0.24781713621064072,0.1770860420938654,0.12855989644662225,0.14355632347835537,0.14334496831971374,0.13285515336687023,0.06436368724409762
2.359459630492606,0.2716322106001067,0.06594518741723836,0.09806523084021126,0.04266481113905026,0.5631116560780745,0.42784745706857685,0.19839416444317481,0.10155239833415022,0.21364770838121483,0.21335156369408864,0.19862057142649012,0.10296100400153449
4.099509146276436,0.3871592002887449,0.04820880166773493,0.16236090781535345,0.036063208238145655,0.6908927554323265,0.4440450638262769,0.16309801502721988,0.048693642907111596,0.28342914468856545,0.28263033250643527,0.2443411186964693,0.06649571368309724
2.818195575994891,0.31500255318371384,0.01875386454103989,0.1147646071315006,0.01480141808727382,0.7120236232067992,0.2501086889329346,0.23282773869791662,0.07531852745279621,0.06733792526890467,0.0672218053765362,0.06149625917488238,0.02715153252245565
3.450936462811387,0.34300074564314237,0.06683272887589561,0.17382617865913347,0.04187422730256102,0.6813334801066088,0.3296786452968412,0.2087274876844644,0.04223236625255607,0.34381033677626816,0.3430105195466864,0.30418362207121674,0.10092732776622743
4.5604011249426435,0.2986851641826297,0.04072796659092641,0.19872845017231566,0.0226837240755381,0.6042228251265956,0.27730217175854766,0.2002747303522284,0.14871133232362066,0.3598198083173344,0.35872757986437787,0.3066656052298511,0.07265402486783487
4.042370750545604,0.2897046424044778,0.0316681827187377,0.23507111448602375,0.021203953356241236,0.7467290268114981,0.2835611373047528,0.19202747682742344,0.0942454591080927,0.33257001613028014,0.33157270070705247,0.2839900120207733,0.06846443042200671
1.6689276562209256,0.36735247951503336,0.06628535318482409,0.24605428159802373,0.04968339393207726,0.6030288937145428,0.29169897571921305,0.24196757256605775,0.07589739350287572,0.17773632172701445,0.1775246590295382,0.1669423533988706,0.09493677824137098
1.596578859415016,0.37166149877629495,0.07135409340287313,0.08470487515561066,0.027206115902449368,0.6782352641772862,0.20411176398164477,0.2930464736271553,0.0468623295963013,0.14199122078501752,0.1418630806524525,0.13540819433902052,0.07957401641309261
2.8835921208952517,0.3841198171229623,0.0641869249474275,0.15775667024692475,0.01605882422868257,0.6635761938320531,0.3918072194430997,0.24860286955711713,0.09191890962202734,0.224540337596958,0.22410928281159972,0.20296254474201142,0.08211748091155695
2.487815209782781,0.33548957308382654,0.04797776288864962,0.1780196056468228,0.023909732433558487,0.7071029023023643,0.28911626702965176,0.245980969984041,0.06422418731241733,0.17414162240757786,0.1738479124345654,0.15935167451921636,0.07163013636681818
2.9436054412105768,0.33951900957717485,0.035268326738773864,0.14138841709571504,0.03284521755878612,0.6728835652425255,0.20617420854192087,0.1980719174224494,0.08110560239854414,0.12670426881895422,0.12647390567742892,0.11514291691150347,0.04858232943972879
2.7485320617452436,0.2850884514987367,0.03971124179484333,0.226288288996024,0.013643407815194089,0.7994196117919983,0.33566557158681776,0.21443385661991027,0.1290985246172923,0.2295797949270307,0.22910102403647264,0.20571399760626863,0.07652547043021685
2.4405482687873774,0.3402762990269333,0.03434795039154566,0.18774675987223371,0.04876037802839411,0.5710656079980614,0.2749118807009149,0.15099837937532765,0.05264681839008603,0.11652553382461732,0.11634188155508395,0.1072515498278432,0.050803667493366296
2.094509456700235,0.2942240742953524,0.012364300082455065,0.19965352575199705,0.025167299852941367,0.6774471196290728,0.38962764400058747,0.21015577833944854,0.10269598213208786,0.04533761121117359,0.04527026619385367,0.04192899159085186,0.02073531641267071
2.546270076192113,0.3392150744166276,0.07590217314437059,0.20826528579432968,0.019042201229484523,0.7100123839442593,0.37435614299257675,0.19159599778004263,0.040033483216280856,0.32540829625855705,0.3248087263866097,0.2953360317473644,0.12328986408813307
3.9718875967362073,0.39673162327101863,0.0746679432026289,0.2377184167899395,0.027140540239913385,0.6749423322805753,0.24138490421722034,0.21405122912199778,0.0654989752482625,0.4438624150481661,0.4426001590490594,0.3821363982020352,0.101866621681146
1.4188040955963142,0.33673979505662704,0.04463804388307603,0.2232570343357716,0.04964205959411872,0.5947081858041366,0.2720417914190734,0.21219040172560075,0.10451103891071284,0.10940723126606433,0.10930076266201122,0.10394743861057973,0.06554255748411451
1.7584493789490918,0.2737245784676499,0.04310452899474707,0.2034873523664546,0.029706370430327846,0.5641701993857207,0.4466563070982984,0.23269402350335333,0.11251639004900124,0.13441514048688671,0.13425169760407954,0.12608553063509245,0.07085467263735028
3.1696933421010165,0.39369988915487547,0.06896286359870524,0.18888830571340987,0.025875017274028765,0.7266875924055352,0.36296805459177417,0.2911769053985516,0.11591174114108227,0.28718255914401597,0.28653838380422963,0.25519973313444294,0.08912157453986651
2.3887983906053156,0.40902296523362397,0.07613262869104633,0.10592912808354954,0.046761339725023374,0.6462865708027056,0.43149157339695887,0.1933908282194318,0.09510918922974285,0.19524593634850912,0.19495709424496194,0.18062415190838768,0.08707071676539736
2.3960702336222193,0.37918306348269826,0.061043640252426444,0.19369771777339168,0.016133573478475133,0.5878588125339841,0.4232270887229911,0.18177301781313482,0.0803613138350471,0.20044500992009062,0.2001163291849314,0.1838743383970056,0.08402551320116551
3.2983238831404993,0.40211591177470907,0.0444576096862477,0.24537528930263924,0.04451241085057603,0.7218249008258363,0.31253999979121966,0.26946292050508935,0.11524308295851696,0.22070454375743248,0.22015841199412062,0.19374782543546862,0.06023943515445703
4.463278500680712,0.3960980244625276,0.018698286752718053,0.09367064265195484,0.03345763980410934,0.632818909237017,0.44230696966794136,0.23372946564159877,0.13862118557645928,0.07658512196704101,0.07637814713435746,0.06642765316526718,0.02094097555277094
3.7175658105483436,0.25292255234582833,0.07868262911583913,0.18502534268557838,0.011443679740169441,0.7336180446782348,0.27065587961205434,0.16959591726859788,0.07964851646291854,0.6636173120830646,0.661919135667149,0.5799751633334788,0.17230881377960458
2.3264218687769773,0.3683421688554783,0.03234568414431431,0.10507069652043027,0.02087588535411358,0.5874581164404575,0.2569904975239152,0.15064041038501338,0.04067655976723977,0.08214774963675196,0.08203907622709052,0.07662448055638023,0.039060253596759915
1.4658347911785323,0.2580558564066768,0.022558065517650223,0.10357172269458992,0.014977297304340963,0.7356599779301924,0.31563984307182374,0.20828022609807556,0.1410183012185344,0.05658375645812866,0.056532274659351706,0.05393944836843475,0.03504707431302525
4.777701994240104,0.44611202857151566,0.05341457796790366,0.23405382331954439,0.029359529682633036,0.6783302191351492,0.24986899430695558,0.20205314356670712,0.12932648020355322,0.32833812242348864,0.3272166974516202,0.2742816206736219,0.06379247947994883
4.821696761508122,0.25488168200674793,0.017490894591832243,0.19627810234665272,0.03103617098716039,0.7871202029320816,0.407601707103427,0.29830891779262575,0.1305943793519775,0.29808177770641897,0.29701840258779444,0.24701836559346274,0.045450472164285986
1.0404553222935984,0.3881274685532681,0.03702990567626209,0.18540913956068658,0.016922475364016386,0.6887529447819909,0.32871394721406577,0.2388163559062525,0.09113610516897674,0.07392629279215447,0.07387340537676572,0.0711962198457161,0.04861681388806198
4.7361010719773,0.3136549269901602,0.06415311096524322,0.11092265191252168,0.030038942580203266,0.7922033238758764,0.42097174920708125,0.155475541243141,0.13817386104278587,0.5723690825131805,0.5705717051426452,0.485128416242386,0.10935398630906999
4.435734847078965,0.4132549633810694,0.03627777537041412,0.15556598334074612,0.03865629984105608,0.7107696043701108,0.4152924183508628,0.25925095278453797,0.13655262093402235,0.19287152659155812,0.192288759403635,0.16450071455055534,0.04335054918440887
3.596611600457477,0.25126026406523255,0.024190725257046516,0.20898635362619927,0.022324246503689096,0.6003520574388833,0.2029119858134259,0.16131121166525592,0.0848823603872313,0.17463116153901936,0.17421640668967392,0.1541075621845933,0.04996370677431046
3.007237832762347,0.3489055485986524,0.06478481086900623,0.15472803919867634,0.03206330394801093,0.7905800855662052,0.25967267760819596,0.21586109089278419,0.07053788743619342,0.27464186590075235,0.274085275586517,0.2468554927620272,0.09442999122202848
1.6775199337674014,0.30751686187618316,0.02948837467093446,0.1885959032448169,0.01661872828300801,0.6586171236866213,0.3187727016560526,0.29584229267056505,0.12064169855274692,0.07957490897477643,0.07948413699881314,0.07493995627299664,0.043642960160412934
3.728256586517022,0.4489161192242923,0.028130672588159482,0.22312284444742514,0.046803113972522126,0.7044586972327622,0.3027182950106495,0.27389879887146157,0.06298643997127193,0.12598000444510907,0.1256407843959149,0.10932832927360359,0.033339626321420866
3.917561676709038,0.3253302051259416,0.037236098779495595,0.23291780859569977,0.026595542067708186,0.6932521523616447,0.2606843804796258,0.2478951566762549,0.04574305324951745,0.28973280581189736,0.28891522252045304,0.24972975724441776,0.06548511167654833
3.997877022917922,0.35731449141568583,0.013493943418678853,0.2222189206817603,0.011528105185085263,0.5856887942305502,0.44598572624478994,0.154854811104909,0.09356712200416638,0.09588163039128093,0.09560767275539732,0.08248927349960962,0.02126999876260505
3.4114567499314927,0.33139219213207743,0.015479272810468115,0.17301912188239876,0.022294476105309855,0.6528629585079521,0.3053597976886596,0.294612157693321,0.14735227715359164,0.07248284509797966,0.0723194836322152,0.06437426947418905,0.022107614281762625
3.3508824454969615,0.31235129544505114,0.06343707774211028,0.12082174291209774,0.03426183702760333,0.5606540378755215,0.4495194817348228,0.18576990697361873,0.13291979435229664,0.27515004842494845,0.274585515585637,0.2469851228658723,0.09335962304871452
2.6477533562775033,0.4067623575147703,0.011324336160516674,0.17931257369063353,0.028594501165754772,0.6690103620505226,0.34540235228358424,0.21000003251888893,0.06189136730232707,0.03687245001063421,0.03680616195201004,0.033543896240033726,0.014323223595094154
3.9250549152601453,0.40043574881753985,0.0372979687221006,0.16295590880548447,0.047890238227546386,0.6164649859836527,0.30105133002820766,0.2363471047635172,0.08537351227854564,0.15427656972262696,0.15388911638094024,0.13516996142352322,0.04433432157794431
1.5794895418556334,0.43322762461410336,0.029672219860975617,0.19662860252083242,0.03857800756770678,0.6275628135708674,0.2847648518074522,0.17332323243888176,0.06574055392878729,0.06685765584235745,0.06678665519367463,0.063224951397056,0.03539734001498971
1.6856410118877172,0.32525031771702323,0.07750797321601545,0.22054097897923658,0.022383767968344882,0.6060059494076744,0.33833617923559506,0.2373503017678501,0.06688708713194295,0.219890814798761,0.2196317088392178,0.2066731918933956,0.11823202349711603
3.155498705723398,0.42412943229748346,0.053214806815187705,0.11701385276658664,0.0267421871215595,0.742784989404055,0.2600921994569171,0.22359088841995486,0.1008527277508386,0.1573080960499731,0.15699805074958625,0.1418079825857953,0.05833139436026794
3.8245757097520965,0.364634364592573,0.027927245896023682,0.09472882907440548,0.012083924405969698,0.7064158435809554,0.2428401687948495,0.23120935241863622,0.048431571991418836,0.10671297796347391,0.10647228535043551,0.09476652980005175,0.034055514775023374
3.8622356878018116,0.39184527508742706,0.04489260957932191,0.21576867305740344,0.018561571507344988,0.7808334826847485,0.4324337762892523,0.175117356418467,0.14903245653355354,0.31194740115140285,0.3110299277842975,0.2671915909811273,0.06620481551514167
4.788476677058724,0.39755057336871846,0.06755414706581073,0.12341075393374869,0.029299603010817236,0.5739339500275888,0.2892304020277334,0.2461115453378053,0.064274630019027,0.27683659687294604,0.2760572828379282,0.2386994800715406,0.07448451922837743
3.7050057498739606,0.3809984314011782,0.013881066368460919,0.2029625167266253,0.023702457132518225,0.5901858987908202,0.29720073071834235,0.25568670177399055,0.118192901559416,0.06403939636264107,0.06388052250387977,0.05619874879594894,0.01781091790004736
4.6510105538445865,0.3215223322588162,0.045756178979663276,0.22813909072167732,0.030604017018911897,0.6822258254624494,0.22474920147202335,0.19261939447666745,0.08601149977241615,0.46959338026293135,0.46805216813287065,0.3950524417758668,0.08324794625004808
2.3191652886986294,0.41004879761648827,0.013168436178128934,0.12712443122391065,0.026696193714945526,0.7234098021373128,0.26710192977726366,0.25274573355879715,0.14561412976692206,0.03262432185221643,0.03257664196412602,0.03020956633202312,0.014660816000449035
1.2687902036750958,0.44171495117394893,0.01998058333768636,0.21775157043729326,0.048304935087914044,0.722959071592697,0.4198402823519729,0.2396370827097784,0.06780401256322986,0.04376297000509885,0.043721587999093155,0.041639372020534325,0.025157402701829788
1.7155737827628998,0.2785349999232708,0.03817200146685006,0.231035954991958,0.046484445866803815,0.6292959446631037,0.20176541285031468,0.1716983930127714,0.10932227225491595,0.11862381212929274,0.11848345102245873,0.11146454937918746,0.06361758780911919
3.6738263075006943,0.35597173107187063,0.030109483166757676,0.15155736292009586,0.032053446195608154,0.6976772962559434,0.446604075004704,0.16073591532559658,0.0408756355440757,0.16737308869821768,0.16695509842341325,0.14675327452453327,0.04489447881322816
4.274493450106959,0.4228174462143761,0.051020213234192396,0.1156082019883625,0.047727975304608795,0.7446944878016464,0.25091319652695726,0.23940792044333778,0.07799908079202296,0.19483887496060234,0.194320967389874,0.16939360602285644,0.05587591200051785
1.7874730464354038,0.423558135130755,0.01063063995893746,0.0832528628769149,0.02023670958307601,0.7784619558506003,0.35467736428694313,0.18026415187939424,0.06989895402506484,0.02332538588497603,0.023299496576025213,0.02200239832423712,0.011928907609965591
3.29135594370509,0.41164167010235686,0.01986221714117563,0.1974687608006852,0.025552765386913253,0.7568681494076125,0.37230784503557757,0.16615475319684708,0.04626809522953118,0.09367226129238859,0.09344839214212153,0.08259856160328007,0.02719344798371878
1.9090461809985586,0.40610515795444047,0.027085667772368247,0.10284939314281508,0.04816576429434169,0.7406586263953199,0.29579141381612234,0.22312846263276181,0.05300063198764606,0.061925146039298995,0.061852137168794036,0.05820084815816129,0.031106660275716208
1.0883770604677483,0.26209330752414783,0.033855955845246984,0.2484525586635135,0.029771958465512394,0.7486379681524553,0.2328885548500162,0.22463588961575298,0.10545483836517963,0.08442449875236634,0.08435592582735829,0.0808935077073279,0.055049464582913744
2.4575904645171653,0.4197413603140293,0.0520238378686677,0.11269674418108148,0.021777329232430958,0.6053035989903341,0.20464992048098604,0.15397782437846905,0.12541762087671238,0.11748923753447543,0.11732436567328325,0.10912687871836653,0.05386009967651061
4.169921252571258,0.3695783926535751,0.0545297777957532,0.22653857777773662,0.049027289659211055,0.5825683394998522,0.36372543330680407,0.26400184424622286,0.14168583948789154,0.3505489140799615,0.3495223643753397,0.3004561544159129,0.07489797871579967
1.0514436726644671,0.44354163134887314,0.0681549259832944,0.19895253287438397,0.03647472941443049,0.7362785004505049,0.303706533766529,0.21323838525703553,0.07038109198424342,0.1343102796994903,0.13421012220588383,0.12914411976259152,0.08220386984691723
2.383835719993251,0.44199373603215786,0.03237340905610962,0.15290803084090482,0.010828316659607543,0.6503613119717456,0.31049285518637076,0.1706807736969263,0.0720573150583862,0.08255130067582546,0.0824249494737029,0.0761634811289742,0.03612835802532889
1.121968370529896,0.3318290470334429,0.0719131210399579,0.23688439895947905,0.02325086146795557,0.793224855876985,0.40697763354420646,0.19012610774761568,0.10459523043544386,0.17856694083112876,0.17841046214704712,0.17052267495613638,0.11257228732960045
3.6787041013484787,0.26484122306496877,0.04408510595547222,0.23595222755704798,0.021174674000555962,0.6650617079891803,0.375925277528256,0.2910978358068645,0.07371561454817599,0.4008546006304687,0.3997676988033798,0.34752595255338015,0.09603554763597186
2.321276447105853,0.32507588642402596,0.030870081497702415,0.1632788745092044,0.016881210547426195,0.5869312579916295,0.2950982757688033,0.27439235910532783,0.0473440756623448,0.09533218688596434,0.09519256372237475,0.08826151068654407,0.04408146802062876
3.740947865475276,0.4447343667315281,0.06997350850718326,0.1417262142507453,0.036989098990446834,0.7672550926570881,0.4308220536490579,0.29488077776763266,0.08249270004030596,0.2740640436617364,0.27335945808071443,0.2393707559990754,0.07842729465998968
2.1459732574937265,0.25393643570713353,0.02149752215000039,0.1263546693749247,0.035041904270319855,0.785442111216597,0.42978578763535313,0.2714758418924219,0.11223983298815407,0.07955004573981811,0.07943430259015327,0.07368724267110933,0.03697086588213911
4.916187615648015,0.2641994823173414,0.05175360081402826,0.0909133415896452,0.03655450011088945,0.6055744683869281,0.40499688616416696,0.21554913183313504,0.11231609188532879,0.4200313262022456,0.4188171295885181,0.360725656329806,0.09154605864816868
1.2388247498285945,0.393255561452569,0.06030879100730644,0.1140635799841883,0.027132156125303702,0.6894864539726816,0.23199106137416928,0.2585456720446816,0.07765542044873036,0.11379628752385287,0.1137114684914884,0.10942125075799684,0.06806783751236349
1.4077510780890545,0.403668938045367,0.05233467796441176,0.08405588107793614,0.024846538593207786,0.6956876372582184,0.2676390248067241,0.2589000104046002,0.0458500606579984,0.09933510574838612,0.09925376343841731,0.09514729846768404,0.056169736553346526
4.124568102621053,0.3429643462234154,0.02634250473082106,0.15461583612744503,0.04106152563026785,0.7811446721778348,0.399854927685208,0.2889778664456909,0.12803954513134203,0.18069252911426487,0.18017275203365649,0.15529572203660214,0.03967715591196884
3.2215755857012778,0.34838279241471565,0.01529069838679118,0.1283470241284207,0.049298516049240605,0.622897507112653,0.34275971083997003,0.2970823139032815,0.08407257873903062,0.05552684717493742,0.05541649120986281,0.05001212372624015,0.0196045773991574
1.9267655663255605,0.30928618250994416,0.011629266996114742,0.22727066287974806,0.043006300074410954,0.7278949834273154,0.3222411023992215,0.1838231428266438,0.10648612011994374,0.04103941019375264,0.04098113259765801,0.03808481200921075,0.019427451379562713
3.2419599570797804,0.259756325613247,0.07874369855221267,0.08392189562135144,0.019125507535547932,0.672492316859257,0.39357802075535164,0.2692177536220726,0.06493040570375692,0.36683038532200046,0.3661185811222135,0.33121752605678406,0.13199145139355298
4.375767059672848,0.3074294556074966,0.06560161246261365,0.17499901369703474,0.02312202009941835,0.7622241736571701,0.42289582278055593,0.2905349526400442,0.041796663609332,0.6478015343423681,0.6457729094716608,0.5493151177304143,0.12433475255796728
1.5486026407153253,0.4425022800247575,0.04546779891211855,0.14102040003910918,0.037931547064181934,0.5601030957657901,0.436352157804476,0.24457388092620005,0.1069578300623357,0.08931848388381959,0.08923146102674559,0.08485601646034541,0.04756014985044266
3.2615403862270753,0.31756144032510647,0.05689886726256129,0.17967466982088814,0.016185313069107792,0.6487300541898513,0.3119394727300954,0.19191332009136666,0.12729056508017705,0.2840905197991656,0.28347243223135266,0.2533504715778223,0.0902939046897288
3.9306737130876663,0.29618254688332657,0.0757795393213402,0.22423612824642908,0.022956857061644236,0.5745119543303238,0.25338244373433505,0.2166305711907274,0.12077463376203176,0.5503713538269456,0.548906890717526,0.47842591236657306,0.1354242463853479
2.093212725680431,0.41174505398055117,0.04402476656731397,0.10481991950654164,0.029633655335672533,0.6952127721070227,0.42909980342309895,0.20744069110766408,0.14573106795931814,0.1050513764195806,0.10491245271919669,0.09799056819698618,0.04991712409466396
2.4393169615367865,0.38531647061404906,0.07859418999863249,0.137660532189807,0.04318007829811619,0.7187130420890653,0.43009854227362365,0.24550753131873798,0.1458548844868905,0.2368128525448505,0.23642597546011804,0.2173051559617247,0.09928211852858917
1.7016591908181713,0.36192880820729356,0.03288373033419981,0.14432147962401956,0.026351313492233325,0.7314031027134914,0.26368525749335625,0.1797835476033355,0.05696969469689514,0.08284459785870757,0.08275321256791293,0.07817383958557722,0.045269460264757685
1.440048901681764,0.4003509988929512,0.071274320086684,0.22624589648377103,0.015144636693536394,0.6378113332212799,0.4393413887083118,0.19601610985132317,0.14664728773186914,0.17150787336661913,0.17132690004608017,0.1622468798902282,0.0968369263522424
4.884440315782305,0.3000836681218978,0.045201208413065956,0.19164367260306017,0.04214030734240056,0.5532078038605148,0.28625501854112667,0.1591436810505591,0.08170127380558379,0.4247540622471812,0.4234137310744163,0.3597224223340823,0.08049836185354708
3.0354238356211773,0.2556171753146068,0.07227426503261913,0.16051538870168885,0.02983238734325975,0.7789871670546141,0.32478976332460185,0.2316588403724722,0.07969352315954736,0.42624033924811555,0.4253496236588642,0.3818447196070855,0.14175768533223004
3.289127046473939,0.37156121498757094,0.013697471872514798,0.23625090274065963,0.01694409828720411,0.7863888031888663,0.4434591527978201,0.18363014453762608,0.13363572107101646,0.08720524027129474,0.08698015120681638,0.07612488922825064,0.022379573974625575
1.2329912101564022,0.28637533686139505,0.01269633069549219,0.2310607226443746,0.016857992716199068,0.7712365241442509,0.2310288257156906,0.2585141149713128,0.14782565581762278,0.03178837156307244,0.031759531281270105,0.030306923367678526,0.01971592954935642
2.366110419913416,0.28279360475203347,0.019281891155036153,0.21307867609805237,0.034711467614819067,0.6814903018708243,0.2679313014224589,0.2854098136871095,0.08504513192301053,0.07806950732102547,0.07794021660014758,0.07155393492630474,0.03263332278701444
3.686696551766923,0.3638116703691679,0.052207629780664365,0.17597707451321465,0.0299041837021944,0.766865451229353,0.24749149334484866,0.15687634310451884,0.06559165390085117,0.2872057614544916,0.2864806250430214,0.25145896900177556,0.07613527268255144
2.8937302004638212,0.37459263916341645,0.0759658732353979,0.11548166784993444,0.04279958254879375,0.6692506043615132,0.3352283439723216,0.16877498513765712,0.05686682062797624,0.24685001312060736,0.24640961177480125,0.2247282380564326,0.09659218595701574
1.2860617856740721,0.3224601467535175,0.06796807353893462,0.08675948332533814,0.018030928831332223,0.7952776248465945,0.27406974956845787,0.22583960355050708,0.04032378434489498,0.14823201776880143,0.14811499533100947,0.1422027210380385,0.09782242255581125
1.2887928724707296,0.40537667015874324,0.02900889840813318,0.24612724993056107,0.018163309443442528,0.5897114056545032,0.40832208954135807,0.29244851028028396,0.11642657038857723,0.06335578053064592,0.06329600502992275,0.060288119387943755,0.03761215678222819
4.103890296575342,0.30950537747095686,0.06456321218057041,0.1963526690086453,0.02051034484340338,0.7174152174726236,0.31086087575216287,0.25694063727236016,0.12049473549195544,0.5226821202209272,0.5211763163503371,0.44911513238169404,0.1145103054490706
1.10210176146909,0.3774506148155641,0.07744892656831211,0.17617266939558246,0.03525918698116447,0.6238826354114395,0.24498288238776283,0.264299232823859,0.11598086731201168,0.14905667267141712,0.14895080751379952,0.14359113907331467,0.09615002712220853
2.0374994115020892,0.3532622629674081,0.036503997451681654,0.16160704072790194,0.04596848420461684,0.5903453677600687,0.4215110370917979,0.26116979376228344,0.12237231646181393,0.09990688320496248,0.09977367881035931,0.09313863324100806,0.04915439194394828
2.9525152252323643,0.43693068338398733,0.05120139218975498,0.13822433696099967,0.045568506910237894,0.6065035740240582,0.39718319717256223,0.2863624022559647,0.14272889721391313,0.13648455547302482,0.13622988117956647,0.12371861647516019,0.0529067760565369
3.983733217664307,0.2552431650208101,0.025960261233714414,0.2387668236052401,0.015429222534444495,0.6705557526659915,0.23414885670669644,0.18180533120467685,0.13147713760445784,0.2687289596680755,0.26796421129861425,0.2313336186276816,0.05997510375483725
4.199492135957919,0.25435542981352793,0.03458099471709344,0.08532610369625951,0.039605602071023094,0.7062434470113444,0.39776040246963595,0.2724565364667179,0.04317426870293119,0.24886366231637386,0.24822606853533183,0.21746197583406038,0.06451373317263738
3.0737714103417164,0.35295525479397727,0.022004096260505958,0.11363928750776872,0.043603235672260876,0.6195550291032955,0.2506615494385847,0.22976460001915966,0.08241841201406908,0.0699599514123154,0.06983424319212271,0.06364755933067213,0.027204521672405894
3.4184318495808625,0.2880041861525407,0.059151966615703336,0.16543589620947916,0.03609157855406737,0.7419889859106754,0.42170133047566816,0.1800417075150703,0.06827174857648333,0.4014158379686017,0.40045410744864945,0.353850917654296,0.11359501359070462
1.6390625855096372,0.37714394817665786,0.02804265067078137,0.21181510275749876,0.02195788400393435,0.6095511255307412,0.4347242962901071,0.2700783904789832,0.1013841073934105,0.0712451650095634,0.07116224541146586,0.06701367057608083,0.03847448180238916
1.1675585398871495,0.26352138181547924,0.04254110775243727,0.23548265866004553,0.03663471459483803,0.7276683357636378,0.3034890595461907,0.21968107927436187,0.1355925597841829,0.10894142926104233,0.10884712859487636,0.10409228687718187,0.06906686323343775
2.3724913994859897,0.30709166950780853,0.03805428780357278,0.10953656297101379,0.01844192374815275,0.702263422850325,0.31142786951684853,0.2927935967242232,0.090615409545597,0.11761615385760556,0.11744429846163326,0.1089124371687112,0.05448427760049941
1.8124614926105345,0.26469765799901235,0.06704102570275944,0.11180512853709257,0.01978801697952111,0.6156697613636284,0.2805527903841639,0.2932182548118348,0.13697199453154266,0.17251330659440722,0.17232957311351793,0.16311343471679868,0.0984633751324187
4.466054364266995,0.3162299646896352,0.02612315725538667,0.13675907172196825,0.015500105917598109,0.5939171233112528,0.37414415656848116,0.19959144050109254,0.1354846862225281,0.16826145203212797,0.16779377326269934,0.14535421149820657,0.03889035596712731
4.731917030587951,0.4262175185397251,0.05111129970580497,0.21695590437984358,0.01384615880771774,0.6659808188982472,0.2472743551604783,0.1974905595972396,0.11689811729549465,0.3095091155797435,0.3084916803343097,0.26030719467502467,0.062448281965148095
4.98742003376011,0.4392219504150948,0.05237273771175241,0.20641652271557182,0.03801338753185229,0.629739989396777,0.24463781186133762,0.21789306773896094,0.04071710090662507,0.2923181181239117,0.29133568042914115,0.24489634075886227,0.06111532629099699
3.7832711207080205,0.3866477752255353,0.04705797075267274,0.1420592838996939,0.04608580468566982,0.7682527412607192,0.3561219875682903,0.15495478184182143,0.08324889534098746,0.23401329229462084,0.23341687752486376,0.2046297502231226,0.06322743868738852
1.7914879894453901,0.31848745055991134,0.02468985669881804,0.1637862515488419,0.04339681116638191,0.6641372820513184,0.22901594967955194,0.246678732243872,0.10230525488048393,0.0653743257869582,0.06529925725905586,0.0615419566969053,0.03571179145290068
1.5530632258373909,0.26835000362149375,0.042367712122224684,0.20055514679361636,0.04910954768427082,0.5539554035583864,0.37521958030632296,0.27695399890122196,0.10817545782209126,0.11544664203839348,0.11532610263571524,0.10927650118702445,0.06662253604265984
4.618952267642181,0.3085055392061715,0.06488509591733993,0.18246905380112216,0.0457533833632568,0.5819355928610114,0.30316472053627086,0.2818697817610836,0.05886857316408805,0.5124224277667979,0.5108868778574284,0.43762052988424643,0.1056103100186287
4.594899064482247,0.34420398856027135,0.06283871858064487,0.2190032407023762,0.04753767730446563,0.6560371098293809,0.36681714347493377,0.22915383487464513,0.1411106207804113,0.5785875006667143,0.5766826893079443,0.48648454113853823,0.10202124993128354
3.8132808784242074,0.31782273909456227,0.04016079576693139,0.10837084960699989,0.025513656206172988,0.6900324883824646,0.345734088776513,0.257140302219389,0.05927364090752243,0.2015385863081986,0.2010640073288133,0.1780426297215507,0.05828155611313312
2.6824030699507846,0.32088427712776096,0.01627549882513739,0.193154251110802,0.04081794652408571,0.7585280843236899,0.2751170209314343,0.21932400480708225,0.11766948262902854,0.07090926136664472,0.07077531152538917,0.06419875529997893,0.026215035466425902
4.94377611739003,0.2647621480557535,0.05339561020647452,0.10166997093250395,0.02545616130711851,0.5704406813586573,0.3541550287898583,0.2846609089809936,0.06213051565328373,0.40917214514171935,0.40800178100350787,0.35196359154414264,0.09062198994108528
3.4496235047424384,0.4020562957853786,0.0421756649061156,0.18415231389786563,0.03241134128490789,0.645002184992061,0.37248890867542006,0.16468987579906463,0.0990335215267701,0.18213050672316777,0.1817022144782464,0.1609244390006375,0.05464425260299035
1.008699127222904,0.29813189695925824,0.026738534124178183,0.11689882738780971,0.01940594466200035,0.6444673605470587,0.2109065065542999,0.27234330746110913,0.12478215945934001,0.050699809806502,0.05066976082386902,0.04914377584913491,0.03711130966534527
4.031157218593625,0.2642929425405046,0.02749534838854182,0.08002042594478927,0.049525962848093026,0.6480375485009864,0.3054755996503288,0.23090934447548417,0.0446583510686264,0.15354503135618727,0.15319157804142616,0.13602247717158666,0.0456573594018894
2.4022820545999,0.4265331178244962,0.07479364569433407,0.1946712849789707,0.020697506621797167,0.5864283539314045,0.44300190629710734,0.22426979614910494,0.14595633603257369,0.21357634658016783,0.2132230370222331,0.19577056756794148,0.08858322381229286
4.565944692495867,0.2553834944412653,0.07717954258618512,0.13409984279213435,0.026521077684594767,0.6790658815247304,0.33269190393453363,0.25508902107058784,0.09439906747281272,0.7173567941993169,0.7152731012554645,0.6156176098103756,0.15520116765250344
2.6258057853752605,0.4420895903517976,0.01645287729905129,0.1464912713537615,0.019598828736961935,0.621276419950341,0.22609072658583276,0.29693044940620505,0.06931803757882396,0.03863160097127121,0.038569556380277065,0.03550089463807668,0.016554161743188894
2.8158437950129986,0.3347483335013216,0.04293143216378954,0.1471403139137778,0.019906541196003845,0.562110462830928,0.3152298673711123,0.18815131511409308,0.07761383776870866,0.1486449592820617,0.1483886752978288,0.1357519324050227,0.05977895898024668
3.224664326095407,0.29058942892694806,0.04204093325084008,0.2279439559327187,0.02071477742119627,0.6058352616568974,0.4086051411107994,0.1780808725355853,0.06698821202348765,0.27603459055677154,0.2753946325393882,0.24432168557224898,0.08137127043307087
2.938338269414766,0.3608276803287391,0.05226930081266538,0.12906483631814197,0.04618660059505275,0.7542337870427588,0.3686623584791775,0.23555778201854394,0.06027614485914587,0.1987357596633915,0.19835039674212449,0.17945469261881028,0.07166759460965552
2.020423544326933,0.41686584334261834,0.07593279136166253,0.13231335797804192,0.04633906602778466,0.7051844313256581,0.24173164370118513,0.26873495033482747,0.045110226070245285,0.1742677409180985,0.1740476265038448,0.16306344665231623,0.0844805244409813
4.55218000278209,0.25060879637485245,0.07197197662532616,0.17062665951313194,0.04592072948060314,0.6150540575572487,0.2992904558784692,0.1549202512914945,0.1179647828225279,0.7399135972231289,0.7377368975736673,0.6337326352385408,0.15697322090894075
4.288240221260203,0.37954739342140925,0.02672802930744137,0.1439351919969536,0.028427066377532804,0.6246546428210636,0.3905292209209793,0.29505097402835434,0.07630405478220473,0.1312093510218228,0.13084867047072868,0.11352932728795093,0.0328053896552818
1.2581426090683696,0.44132173318021584,0.06259808776352396,0.2271605557999613,0.03581734922094054,0.6658181050451509,0.35775018415871507,0.2598925372488509,0.13205429115967712,0.12946081112229693,0.12934253583187294,0.12338631172615949,0.07467410969898515
1.5099796461384098,0.36570627632779307,0.07210400723196862,0.20929420562450535,0.012765481130782741,0.6586991454466647,0.3260294644068917,0.2110957235402247,0.1417039249749255,0.17752553799389212,0.177337606303464,0.16790930518152483,0.1016675165881358
4.166148115366738,0.36590037255080776,0.043633278414514025,0.08843103504063743,0.022425512389531867,0.6979274904221303,0.24613980485297368,0.19387920290076155,0.08222164069877885,0.1760365941410517,0.17560981231795006,0.1549442090306991,0.052639505067590645
4.798265084161903,0.3154324752116441,0.0711983601191645,0.23656473398420463,0.017197975036321374,0.6115181728200392,0.3802093670753249,0.17500329215613467,0.043927038922282245,0.8922546393535431,0.8891594923145898,0.7432578910091071,0.1433115178094538
3.877654509191182,0.44515895305945363,0.07832079020630307,0.1366666782239493,0.02783661164506345,0.604409138057787,0.22101809845347012,0.28774212471150196,0.04044155241950092,0.22295403810764003,0.2224384785111383,0.19740177774083204,0.07732498083272155
3.653160480433486,0.2621455230347651,0.01826910046478785,0.23494829372639386,0.026062115423905928,0.7721267814386897,0.23057317293971807,0.27672956899229717,0.09010805412590231,0.1670627399264034,0.16661171428443242,0.14492669814821035,0.04027276454631692
1.3435488344091386,0.34003017692985193,0.044706760535546314,0.13144683199002477,0.028751603598197388,0.6109148923459773,0.3603908084699657,0.17592792420412262,0.09892659486415112,0.09825426193473596,0.09817239646207823,0.09404106766125012,0.06196186816098202
4.391261824015546,0.35209912000307764,0.04917048852158136,0.20357784613354307,0.0376244679037668,0.6875725948720781,0.44621305231660774,0.20491111354499328,0.0485026998721091,0.4368800967748987,0.4354874405736377,0.3693643403479173,0.08140151522541601
2.005764350140658,0.321493952503998,0.013520442381571263,0.1727657931885826,0.011464302765435298,0.5962444638872296,0.424660693187706,0.17573063777649,0.0492493993466752,0.04257385904643334,0.042516881024601556,0.03967912102994291,0.02104058280623802
4.7852769350555295,0.30301256533068377,0.07381765593078077,0.1956972565733954,0.035392308079738075,0.6406472370995487,0.2929135870484517,0.267628226879985,0.11706087124351747,0.7227696408617821,0.7204315828125346,0.6095551117537253,0.13136029270974423
2.869044250185806,0.4103415107426669,0.047503703491802045,0.18920840010350035,0.013002477323283301,0.572756933066316,0.3815800481643894,0.20709306045303827,0.046675692673214475,0.15942051005948332,0.1591150727146105,0.14412941532787132,0.05892880105320051
1.3854254993875226,0.34106488469339935,0.04685506561967557,0.17920007026120832,0.03174939558002006,0.550412038910984,0.3811173681654638,0.15384792685461127,0.08107422994006916,0.11081691677937003,0.11071678961164864,0.10567316161161516,0.0688662585349221
3.3948947855035843,0.333773349079753,0.06718469474741341,0.20005441249130945,0.024625116434685256,0.7110195997122711,0.29912395013124465,0.28810068634866476,0.06325312030350907,0.36979245813025236,0.3689116188877407,0.32621294740312934,0.10541414582277711
4.360692127645809,0.3834366372154909,0.04343766739207215,0.2496446417468235,0.04411707844945155,0.5949619398746118,0.43179465795144584,0.19442978833554755,0.0457026277071133,0.357439624075149,0.3562853917012434,0.30154085623048577,0.06515863992232508
3.5769353049049006,0.29877462818127354,0.03257990554519973,0.21494746071866294,0.019671089884647365,0.7385007186455659,0.32136829082165214,0.19871389503122988,0.09045839462466046,0.24917465512549541,0.24852604115954394,0.21726331030000343,0.06321104019858698
1.568339428210197,0.37361241500129105,0.04421032705499518,0.23006903558410896,0.04974430217662524,0.6348726083865341,0.4167015401835378,0.26130069778002957,0.09881930656802297,0.11446729184384566,0.1143360231686903,0.10776555647033494,0.06257934839966603
2.5695931434596053,0.3602331812625258,0.07784701620527211,0.1408900588833278,0.03137852931305444,0.5679819583344078,0.368863308572008,0.23139735017733368,0.0647074269124687,0.23413684373780388,0.23376487561492865,0.21535940673154727,0.10019506779176467
4.732521407562672,0.2721716433175756,0.06049230909486737,0.11477137974558298,0.02227645793060814,0.5660613338240095,0.4403784815185202,0.21541982753549022,0.08367754283755165,0.4890726160519767,0.4876697483409473,0.42051305852644694,0.10785587653899885
4.378307063092674,0.38916256827902607,0.06720835968541233,0.17664423261881304,0.01506530584460732,0.5786151177774759,0.227629146606481,0.21459271672744185,0.08213087124349383,0.31658625991925315,0.3157157129160972,0.27391431082435563,0.08155286572297886
2.2804927044835663,0.4137837210214862,0.02865652332537235,0.18558485576677164,0.042279221018156087,0.6734535074165822,0.437134321747213,0.23083414643984096,0.13167730825226348,0.084355106636202,0.08421973925167718,0.07752437694687406,0.03580645331814087
2.7616841403035446,0.37800468570226675,0.05619550293127273,0.11495670122037296,0.02878535477834284,0.6571242206095862,0.23085054912524175,0.2124938473497489,0.04332729015362213,0.16039720909851302,0.16013461288371775,0.1471573615027347,0.06707865866724666
3.7946604025911954,0.2943174391717823,0.06867597781261255,0.18261505283981203,0.03560585286244094,0.7497847882751763,0.37189224455974557,0.15698632234807916,0.07635516736404435,0.5631392492355105,0.5616224134899467,0.4886822957269128,0.13619746339901964
2.745372099739012,0.3720048494582272,0.03261269457203866,0.24140717501956827,0.024587719267086097,0.7844996132678272,0.259272073126455,0.22746388695046027,0.0920591045372658,0.1472488760055284,0.14694392918918056,0.13204229429347777,0.04945796531560024
2.459712819261312,0.44721921142242493,0.05703204898827853,0.18359491351338147,0.011143296104409091,0.5812725309115153,0.3498231749877483,0.22727872061223242,0.05365420781464173,0.14982961695650732,0.14958676620574554,0.13758023011455328,0.06334805158973024
3.9581554893338504,0.4142004282810633,0.06588310540465742,0.08267387303295234,0.023533740322774256,0.6161691772959549,0.2734946807327586,0.24338880254978762,0.06202350494553628,0.1861222166226629,0.18571081194491515,0.16567936061892977,0.06633582680089088
1.5355300488103563,0.2702504210301679,0.027207730322046923,0.1202862109578859,0.025791146746516558,0.7177419155100425,0.34182088906088504,0.16603134058917446,0.0688569826083029,0.07355590961828802,0.07348402871044919,0.06987018643136549,0.04397033294022186
2.114615330932758,0.3155528314395568,0.05215494199006075,0.17401448658736685,0.020317889249631037,0.7899213177856568,0.30896657447510867,0.2358492880746354,0.09757453593239931,0.1796242652521138,0.17935778283463846,0.1661358109886904,0.08223223511375226
2.476433244728368,0.37326578917814063,0.04627436739719174,0.2243209619824038,0.02862481750451293,0.7586512295471338,0.2796484667829363,0.15944589748252638,0.08161852649885709,0.18244684210732315,0.18211487724735512,0.1657869455259706,0.06996832798075578
1.705377802904906,0.3873384912447201,0.013378771852273558,0.1493651363235335,0.032123404617731985,0.7180074358881842,0.3738642717566436,0.22544083466846765,0.13310929642510158,0.03218354505106106,0.03214676501605149,0.030305602786023993,0.01703557397096315
2.6878195932454663,0.3148003207690685,0.014026770804451468,0.14335824610915443,0.03844717246785359,0.7573936197762153,0.3642569845810708,0.17217707365214593,0.14088291103776707,0.05784246042147118,0.05773773674859282,0.052585622457992316,0.0222882811396781
2.328590038417425,0.3428673891154408,0.07388546352174763,0.162029590414662,0.017882922173670164,0.7560444029300402,0.2694103523760389,0.24796207433441428,0.08805137618303344,0.24316767873991416,0.24278659577903747,0.223919568608922,0.10652344403834305
3.6391376676107687,0.3691054291087748,0.06855457629607468,0.09521491236429941,0.03613892302056334,0.6353026540065586,0.3123067155239162,0.2545862385928829,0.12128394071988613,0.2318715732445917,0.2313794770981914,0.2073644528765097,0.07902735848362731
2.2785796682276986,0.36938661704308173,0.033543176737119484,0.10685272310771254,0.047554348933937396,0.6443178063918026,0.37140327151934327,0.29685890915176577,0.10821696749529186,0.08490552307812457,0.08478785184303085,0.07893454973257844,0.039685296853956546
1.0911085711714528,0.3438022653987708,0.05544466269578961,0.11600470791119594,0.04075592383309298,0.7797266984993159,0.22408297010176415,0.18199120487104667,0.13266396983827208,0.11163731462512878,0.11156085119792039,0.10768715036118867,0.07592411101409183
3.3792437240613085,0.4093530475123257,0.06268278270860293,0.16212851678878987,0.015374960872467442,0.5638766768562273,0.43958484905415046,0.21261875876677097,0.05242671185634663,0.22959176427132935,0.22908709168186048,0.20450659222556103,0.07562091793539157
4.88122067077758,0.36588949178823854,0.05402108232766651,0.1383335261066418,0.04424485638349546,0.7554801395164039,0.38952648225232694,0.27772528672102925,0.09641041322844066,0.39845540491102616,0.39714727111763454,0.3351889176935856,0.07230177336930516
4.581247092739286,0.2685572489575789,0.03205911016083972,0.18229321118611486,0.04314281313276041,0.700447156167878,0.21737607390859148,0.20166570110971985,0.06371403455090148,0.33713247599360785,0.3361037902872693,0.2870905251567951,0.06750790360631276
4.366270159584435,0.3938608416746544,0.01893068295363462,0.10085243631551186,0.04130858867166019,0.7675945597572856,0.40963428965599885,0.2386154488555694,0.06597434730941043,0.09338404379083175,0.09312127812523557,0.08052473352424705,0.02316004756067573
4.097387080939173,0.30656816108483376,0.0327204080215082,0.16942181168196196,0.01681658038243549,0.6928446224025885,0.4390000534856284,0.16298634371399184,0.08821739891355077,0.2715246155469881,0.2707527550930272,0.23377854504951442,0.06069850862798166
2.9193495007127606,0.3363122408847731,0.07789052421477077,0.24478578176068994,0.021646610306572014,0.5732379003349135,0.21061317421443718,0.1859141899306259,0.13668263964782745,0.3441862400066177,0.3434947453541315,0.3096497445871092,0.11944060836361987
4.763365176244434,0.36686749271008107,0.011667498358900106,0.1669221413718479,0.010920191258844567,0.7985116725261043,0.39620270821190273,0.15844026722607188,0.10429630661785483,0.10603685769669677,0.10567664400847385,0.08866531531113367,0.0176899235714553
2.6061481411054777,0.3135880354882013,0.04556244321347799,0.22381186640977363,0.02467320121404243,0.6908214394110446,0.37401730440942127,0.2491086124276587,0.11652294822533182,0.20923309886061758,0.20883349992035252,0.18922489941727827,0.07650962672984801
3.736893677684828,0.2781974220832835,0.06582902649853768,0.10656053259340896,0.010804001261417064,0.5514886286910494,0.36351156411527485,0.2689124788626893,0.13571284634661046,0.3126610719447589,0.31198365296672437,0.2789625015985023,0.09984993318199385
2.8948180702640913,0.3295443051999358,0.07354718464035738,0.16128930026175287,0.012610856703247833,0.7292149007892548,0.21035219935805982,0.22928605286817738,0.13445821335596123,0.28981416352612505,0.2892660318302468,0.2623559215804935,0.1070145445053683
3.3201734229672866,0.4005344504851678,0.04963998906356553,0.132828478960548,0.04426029760100052,0.7281370731139372,0.431601379949472,0.27090845536312935,0.08965226627816772,0.18862966203098722,0.1882113571373195,0.16784772186095948,0.06054937433909013
1.0204447358557935,0.44657533096155966,0.022519009967113014,0.15175654907422614,0.04485017699711243,0.60895174553886,0.4104909224550268,0.2772496167347035,0.0660426543026682,0.039957920313765515,0.03993148000796347,0.03859117816838343,0.024004822235209285
3.710881925263596,0.2954542874288095,0.010811231361792715,0.2175831709299051,0.016147872169715347,0.6427249851136502,0.43064490918515685,0.2600160308901784,0.08908850599003548,0.08543577983281508,0.08520634359304259,0.07417114807821919,0.020750985490193746
4.7494858126197155,0.2564257304654455,0.019405430576717602,0.23391545279503717,0.047177608239739655,0.7815343577232883,0.40444028434501994,0.16265208440333326,0.14568849642672188,0.3949784498969508,0.39352773546733466,0.3254987840133544,0.056960805464801985
1.0164741241539694,0.34311721578849697,0.06795776337635658,0.13645304424563692,0.046314436275988885,0.6763290616543771,0.44026518450708785,0.1880880588892455,0.11059336205498965,0.1388260122710199,0.13873305239469746,0.13402174103032433,0.09758366295501296
4.661659499820249,0.32281702303005927,0.02888603676100874,0.18066706257349902,0.024920720563098058,0.6059800515276743,0.3644744549455968,0.26091335787301473,0.05164285437370712,0.2382206515774919,0.2374816097345907,0.20231501169260868,0.04643304980764546
2.5450915965714787,0.4205459177036606,0.048996864550687504,0.19822376308324613,0.038715790447932774,0.5678154833694886,0.4156765605979759,0.1647774030430345,0.04187588705444538,0.15413062787845747,0.15386330132504783,0.1406855921845506,0.061722805095269076
1.8395208433703694,0.39111701244056163,0.04659878403493494,0.20745797019863388,0.015675824549087513,0.5823992734001058,0.2667119781945722,0.2062328216174254,0.11749625406331521,0.11686344522084159,0.1167202124676653,0.10956561843443198,0.05920850557988651
4.870945111966673,0.33250197189440117,0.036647007858924115,0.15892520611496758,0.04655326819096667,0.6416937102652647,0.24325378921027885,0.2405079069427894,0.14542547344501272,0.25763537381565615,0.25684219327191005,0.21907652739938427,0.050848100232794256
4.860998388450844,0.326705208877497,0.0699217250711235,0.15120640469674954,0.03009858593471807,0.6955735004916445,0.3332222413746365,0.29185124827245035,0.13220633993471517,0.5623434886531211,0.5605472917681839,0.47527814157161696,0.10442517983958828
4.36523943877876,0.29029298845439533,0.04501058185433734,0.1206791208892938,0.027396065070553324,0.5948003565965293,0.3254036857855938,0.28660573867575045,0.07868141605859479,0.2747953761956073,0.2740778601793181,0.2395012688521917,0.06941535452095814
4.439855941216331,0.39160729613411605,0.018886695478568256,0.08850591428028627,0.03180437797329204,0.767459952078066,0.30685535054472585,0.17225591175000943,0.11108498678375542,0.08428205075716777,0.08405258345269387,0.07302644468386314,0.022446870092085718
3.756983625162826,0.3491073180690581,0.06293438987620617,0.19728333674550835,0.04528763091770049,0.6360541666118361,0.29302323231048977,0.2266489916055653,0.08904075503647918,0.3496242255444436,0.3487356788665234,0.30584026489072685,0.09162404690487133
4.751057315076217,0.33354511884455335,0.0555302632868311,0.21284844106316608,0.038766998464448726,0.6413596756359569,0.3699737621546994,0.22529908688710798,0.08681169365900832,0.5573547818803977,0.5554825063676861,0.4669772695025758,0.09485923421701792
1.053203993927055,0.2808245100282335,0.014182803077023298,0.10915952856480421,0.034510098156328786,0.6532239531834391,0.20726676321646,0.16038553821460594,0.09299379863256518,0.029285230254872133,0.02926727881159464,0.028356130445949215,0.021208293611262724
4.959475030274596,0.29629626938521725,0.011348094229613586,0.24924530622929886,0.011419074272403953,0.5972255964832311,0.3923329271547896,0.25790921630553404,0.1403260889480891,0.16597994244087896,0.16537643509389943,0.13704922056618338,0.02440708152933335
1.4821437006709726,0.43839109858394976,0.04902518257123727,0.23067966789218763,0.040092311967368954,0.6256907595881592,0.2257224073406512,0.2161099546119473,0.10654227631481877,0.10683512888660708,0.1067254042564806,0.10121611956183575,0.0577396313637973
2.601031374877044,0.3460404743248671,0.03914229864256512,0.20287638028426372,0.0365662587811884,0.5573995434775739,0.21667327910638903,0.28273994693613036,0.07094093111501593,0.12946698252187447,0.12924972461854042,0.1185244539342028,0.05338945661765165
1.1729631831784122,0.43874487315194166,0.03222877348457606,0.0916775139449126,0.028398830354767708,0.6858405527273885,0.4182805415767381,0.1987987295745764,0.08189959727907445,0.0591319452591535,0.059089305923162236,0.05693120352505892,0.034156186732033765
1.063843369968475,0.33743751136530753,0.07434675619451388,0.17669083613515993,0.03911400542945659,0.5817586151689474,0.27429306594933045,0.18052024802931932,0.11087965529822044,0.15235478786507242,0.15225129808690635,0.14700764375290545,0.10629302399309591
2.8549870131608728,0.3113037866116643,0.04665411108994805,0.17636478377828008,0.02304532161046964,0.6016896968670191,0.4130370739573731,0.21892479301210127,0.09900483905879945,0.20376733854393678,0.20337767349647057,0.18425776354016057,0.07441372158209361
3.8989366410693886,0.36742928468392544,0.04599373340380403,0.10341788049925987,0.027058130255376046,0.7547566223851853,0.2873291333287944,0.1716247640745257,0.0598737994071729,0.20536451897826732,0.20486796922025036,0.18082003364051266,0.05986172473100508
3.5959243999770694,0.3057122673469612,0.010088797707448338,0.20589691600759402,0.044186884257956055,0.5540660523359197,0.20838057021806003,0.2759234492859984,0.054307670442042585,0.054273450138479715,0.0541475110812585,0.048032907230004335,0.015981735780701944
1.6189011529272017,0.3018102370330015,0.02837550624401107,0.2123526020624763,0.032630324225511695,0.5882107402711412,0.3458801795481803,0.2848269384725123,0.08800903826512152,0.077606115934549,0.07751972102078526,0.07319156509590176,0.04318348250891466
2.534361768860644,0.35375608615729365,0.059569960425414514,0.24340730299249103,0.015269584456913794,0.7863023997808024,0.2722859715724818,0.2988928564650172,0.051048655176135695,0.25602488264667844,0.2555322140079502,0.23136568363220777,0.09290810827243705
4.686433832245612,0.35510987648577136,0.022879636417700216,0.09503844520441715,0.010858472617465984,0.7271771128958193,0.25640962167021175,0.288900233396244,0.09708358000684812,0.11437022099146489,0.11404950846283048,0.0986712668983581,0.027916082230389407
1.742190375076674,0.2958102931323795,0.01486700896940372,0.11064741122985022,0.022225313267188018,0.7963903492312843,0.3072721337797718,0.2579762878869265,0.09318440994633835,0.040302617167489334,0.04025746514521037,0.03799588589580556,0.022342712858585165
4.838001136258518,0.36554805137148194,0.03377617877208551,0.1878104487058665,0.03824666613493733,0.5554127312006624,0.3433396018683236,0.20911667847604204,0.12698778921247425,0.228152848460693,0.2274311169793942,0.19314198391392084,0.04491574167331723
2.8748638913220006,0.44084422823651226,0.025831249751623764,0.14076724002440927,0.042293203203666745,0.6206805342150732,0.2203779703654711,0.29814235339657846,0.08936318730929907,0.06231106439762204,0.06220270229165029,0.05686169689009045,0.02560630159156578
2.7975384851625966,0.3609137634785132,0.06730827850723264,0.1419980337332752,0.03147773231405828,0.7291079452673288,0.35349052934617387,0.2631414126048639,0.13090385320352046,0.2374722379836418,0.23703231964815005,0.21541311901593413,0.08947804701001236
3.1354669328856,0.4170004449024809,0.04743896733214549,0.24868327745087943,0.04514229768181338,0.6937372474877924,0.3243446858533079,0.19980231944412702,0.10325605739846913,0.21650472854223912,0.21599718459647158,0.19137001867277914,0.06393490121170292
2.7540642981756056,0.3027192974441768,0.0795886710329539,0.22858990244310345,0.03372419767037811,0.742369197512751,0.4264253697127642,0.23920622769413924,0.08178806758860294,0.4452920631435472,0.4443576925444378,0.3987307529566447,0.1474214301444291
2.3931399658071877,0.3993235892254182,0.059366109427044775,0.09128267908036915,0.020478960689649682,0.6897625329621409,0.27173236680249185,0.1927349530104113,0.06677467242042204,0.1452522918823775,0.14504808389631862,0.13489547544048103,0.06656352158808931
1.434308566250827,0.30358002484436086,0.07417757022483983,0.19786952575135722,0.02185554594208809,0.7549120263514086,0.42207726918967425,0.18517704451791064,0.12984674556032386,0.20766141224885423,0.20744223003395842,0.19644522831818748,0.11912293002132852
2.1718821525695295,0.29079154383505273,0.0751462812720415,0.12537251073939304,0.04728692139534976,0.6243078641148442,0.4359462786952,0.26967179561842847,0.08044633558946712,0.2365014535679627,0.23617663228574523,0.2200138561225417,0.11473958189928811
2.824334729999288,0.2710405944397488,0.07170320704031762,0.23583264126164133,0.010747152696161593,0.7217052179780488,0.37978912723261826,0.23618687847437114,0.10774109248857766,0.4409505706521267,0.44001150683022716,0.394192516345976,0.14359390203747946
3.851253278435395,0.2826405026726501,0.010944288542222994,0.2406020645236206,0.025209390677413325,0.6310878498112,0.42145788808420237,0.2975147129530788,0.09521532597265288,0.10193094348973933,0.10164029098713825,0.08772039057243002,0.02268108013038652
2.608652476724328,0.28467124812837596,0.06537418857486907,0.11511930904547982,0.046353475989995056,0.7149732520360774,0.3486424618388856,0.2641043015196676,0.10100368803917367,0.2450196089263618,0.2446157810704143,0.22466468933924522,0.10284928581367064
2.405283122651929,0.43196269220157046,0.03556203369595403,0.1078769829144682,0.04231122082209303,0.6223119842262576,0.4189406124117973,0.15988590917467632,0.09105711065351318,0.08639384835811295,0.08626668666443627,0.07995543122131579,0.03865468266851698
1.0728245171929283,0.3628184140186693,0.013997279022443227,0.11995731657452967,0.04613552239904997,0.6770695730333284,0.27951451375759245,0.22902928651980142,0.1252319281248085,0.026507985009811923,0.02649055856395474,0.025607084475933017,0.017410360181857217
4.153519286104613,0.2728107689122296,0.010671537635844499,0.23713516613081237,0.011921083335835603,0.6727450713361315,0.4094306433676568,0.21576583763444684,0.12777082694025946,0.12700278851205662,0.12660895569454306,0.10786814198056088,0.024772723345638986
1.9404613582506558,0.3475437611890655,0.02121718429434184,0.10207494687853805,0.049636380814850306,0.6624050035349738,0.20870203390121278,0.18858876449211626,0.07853586379878505,0.05087817216321314,0.05082110458436174,0.047962796544270485,0.02684254531858271
1.0778115837058286,0.3288564828363163,0.02107973394878472,0.15030840760026032,0.01558116102703505,0.5811004699678606,0.2892694379296924,0.19578645847538836,0.12434749633784561,0.04224559573427075,0.04221754248066074,0.040795565047546646,0.02951889249875485
2.7990004192986264,0.34451387076031587,0.04973989782142092,0.2352410524724956,0.03387761947850044,0.6767139772542947,0.2052777649515097,0.20280280728992742,0.0983047157659665,0.21805157554766932,0.2176197137698128,0.19646674730022717,0.07681563933594114
1.0435121862954257,0.42092932734934085,0.05046953942055841,0.1286236657581748,0.03634086508870695,0.6373925112295911,0.21660165721563965,0.21739003605657822,0.06389385441187191,0.08988945029274129,0.08983337949754165,0.0869882382526707,0.05406780600111436
3.3136994603828027,0.35563059429964305,0.05834475175509889,0.22208231170189485,0.029422556648627578,0.6479908114615898,0.3315319641084043,0.2716891482275608,0.13756395960843276,0.29374740218946205,0.2930555588164812,0.2594952831741917,0.08492651133344502
1.0039976572219096,0.3317261298201024,0.016894724485471926,0.21880456974214002,0.027703603687436344,0.7883569195195158,0.36513694450725853,0.19707047960869145,0.14748989023590903,0.037876273614029565,0.03784757853036115,0.036396621585520504,0.02541848226823457
2.804447891331188,0.38884607612662914,0.02536232870808966,0.2104265402213299,0.011184461015642792,0.6478474380816122,0.44491633626515886,0.16253482662290483,0.05536595530775442,0.1056509543563068,0.10543724053587629,0.094980806763246,0.03646365854633531
1.3385737848271269,0.306165306358432,0.055607656459434635,0.1302341506987317,0.0327880352414518,0.6870158466979692,0.2757418924925384,0.22871549759322712,0.05118466566167767,0.12741893663135834,0.12731240516129805,0.12193671391892556,0.08204781411492304
2.496500866173464,0.2797509389883616,0.037497979272819865,0.16866572916102374,0.022873109640137546,0.7933924588163866,0.4499617228201962,0.2381590524228555,0.08693495116951022,0.1766076808896656,0.17628840909432217,0.16058002392172635,0.06814855614560823
2.6205257426643196,0.39692014565622474,0.01362099071626197,0.23345835861917774,0.015117852067638157,0.6744603998072749,0.4203219292900313,0.2289446981993435,0.13852726173287333,0.052611404531969864,0.05250854208853894,0.04746693213398753,0.01879052015099582
4.445164889483079,0.4217102939047047,0.030149108493401973,0.15555666702245413,0.027250490056202732,0.6106384087518975,0.30785505245268724,0.28992454125623046,0.11913253503222149,0.12209985879670422,0.12175664253138788,0.10530221578045308,0.032498546426462833
1.1359870450462917,0.33028218704628987,0.044565893624693924,0.10132451911594088,0.04663064979481695,0.5500141644507379,0.347207523406254,0.15917710675566238,0.10690502845162378,0.08799291585388604,0.08793576501928345,0.08503777126500507,0.05889768615614496
3.4939805561741855,0.3361479304682718,0.012446123834002884,0.24798750528411895,0.027426386101958994,0.7296750349333693,0.37360139318110075,0.18408780397983124,0.11906838971017991,0.09244393436016603,0.09219637323096457,0.08028711706997084,0.022542454782946572
4.991053546462725,0.3397062139184134,0.03551734459100011,0.0890676818996203,0.02567601360848612,0.596875672236097,0.2140821446252742,0.2961296323364475,0.06114433311686257,0.16088245487347233,0.16044274880262643,0.13932012262415172,0.04177964633260207
4.359278054420529,0.395925812149965,0.06968723592692203,0.1297153236145824,0.015602209724562364,0.735090185425352,0.3094830322275214,0.262107411745009,0.12573806087576062,0.3289969335648773,0.3280739247512884,0.2838169865440664,0.08228396391999711
3.9757199410874033,0.37408040337783843,0.03155949229440215,0.24556018458462303,0.04536602206361316,0.6193175258741469,0.40132800102193944,0.21313473177738332,0.05540983120698016,0.22616249045500914,0.22549899826352773,0.19379023782526428,0.0481869405905073
4.277865866916907,0.4499751726324773,0.05953137998721469,0.1419334204767393,0.04740193962827478,0.7975097717686519,0.2717831093586699,0.16682197060478174,0.1249267596301615,0.2512349468101185,0.2505194175806591,0.2162483509567778,0.06672393472269712
1.692407721254659,0.3895875816632898,0.02078445667038273,0.15311296892723758,0.032204283616376526,0.5624429478435579,0.36175513976785645,0.2409194659453681,0.04805242493396489,0.046839293270573075,0.04678958216576336,0.04429581259591259,0.025104644079881028
3.077057083457885,0.3819602087826002,0.07320051402021002,0.1661112052288685,0.023331731958231117,0.7380067609841097,0.38138816503086503,0.24170087423296052,0.10170858582229389,0.2993234241394572,0.2986853220425653,0.2675526721312367,0.09802193500865651
1.869665674109323,0.3827422905934358,0.06606221023060062,0.22183224288528436,0.023942519207759617,0.7527588370132499,0.21506405572320225,0.1844080512153988,0.054118488800282555,0.19386231345797575,0.19360184999576774,0.18063136683638764,0.09523740483476055
4.380606404153269,0.34224266349975546,0.011388529574168613,0.22930252343158358,0.012522012355905271,0.6541856832737689,0.3301214710475744,0.17647581491186837,0.06522389484195988,0.10252028999998847,0.10219746848645053,0.08685465071009066,0.019498156295798975
3.1388796180849607,0.42141940000444933,0.0394971668540066,0.09396023311607718,0.039456518216228795,0.6678124779063145,0.2078449327107781,0.2965070576986104,0.10998146840109688,0.09497189042637225,0.09480151908478623,0.08641611530176675,0.03847999999172944
2.261971242203024,0.43266507989615177,0.06752928025502326,0.08835488543257151,0.02832236598256188,0.7379173743466116,0.27484693033377583,0.250223079815881,0.05349123335826856,0.1498140067357379,0.14961101853771558,0.1395056666534107,0.06975991991808049
3.0599700933934417,0.3561585068756093,0.047244751973880124,0.12057832741006211,0.02717216106699824,0.685452721432289,0.4333329733902434,0.19663248903404443,0.09538261179343392,0.18174583827415972,0.18138738135370383,0.16382609604076798,0.06450231396566844
3.90781221362153,0.2923154864411429,0.07200628776641176,0.1571371192724304,0.03254704022365788,0.5862984198003319,0.24186293601657988,0.17716076555434657,0.09612348057741793,0.41675106126784,0.41575023395670097,0.36725958423278293,0.11758348434289333
2.1595968966896564,0.4130885662920045,0.06550219068388959,0.1918931720123725,0.04145792734243552,0.6029483700723767,0.2810919324149428,0.24620836848772504,0.12897410967181586,0.1670418962911832,0.16680379741725088,0.15497223847658428,0.07643357518616258
4.956538261001446,0.30503684682033105,0.02112529308122136,0.20625791979212726,0.04651415100073617,0.7686687231171749,0.2274072954263589,0.16647460549627136,0.1261745740979294,0.2735086472337958,0.2725462413990671,0.22723740776732299,0.042789140589783135
1.2726417001481343,0.3510049738765521,0.03062361823349393,0.24754483728896143,0.04096118860463026,0.7287143708705824,0.33193743528564634,0.29091321971802936,0.10961116376068145,0.0740298833556788,0.0739584223275883,0.07036457099144221,0.044532613119062266
2.8470945656824096,0.26523278809207795,0.019734460076632848,0.22219357518555172,0.014557909362210186,0.6176974107646824,0.4334255428745396,0.20429926825105552,0.05893279331854542,0.1166406542254538,0.11640099240451575,0.1046846661124964,0.0395146441413559
2.867121554749124,0.42138698567147115,0.03494733816552539,0.08685177809695115,0.03816827797789072,0.7416450054433553,0.2387706738522636,0.24041074163400378,0.046285839103307184,0.08892095499625538,0.08877010534211957,0.08132672685411367,0.036861994204036366
2.445011005638714,0.39509169565858615,0.07482897919207625,0.16747741868569116,0.017585964548979684,0.6145857836068973,0.31715279713309263,0.18972745586210438,0.1356462640588836,0.21379887305015474,0.21346068333750773,0.19672362922841488,0.09154541548608022
4.481273340559833,0.29284903984172594,0.03618111753174123,0.15109602932424462,0.013873455640431256,0.7925979919903168,0.2637856445985291,0.22670324707038453,0.12882331582082948,0.3250036710866159,0.3240256979081181,0.27737819346040693,0.06654398272218684
3.180816646045266,0.28849563399400735,0.07988888247472774,0.1247454208525225,0.03185435947842465,0.6483832342584945,0.38777170545812406,0.2740383429937016,0.06067090591499308,0.3677981982137449,0.36706199133924355,0.33102164759757957,0.12813429754394443
2.737498348314631,0.3011875241809212,0.07889770968968338,0.14839105277467157,0.02752606501553742,0.6475762450744126,0.20390216354990448,0.24851385938863957,0.04755722063465924,0.2909243864815955,0.29043324443978635,0.2661936288486683,0.11956603660889789
1.4606670998529567,0.27608252307170994,0.028491432159634997,0.0870217539175172,0.040547033130919945,0.7067238037070016,0.276739549170128,0.1998830735805426,0.14509908314502262,0.06635508240532838,0.06629795990915344,0.06341736398404979,0.04217323872266697
2.8426613539938925,0.2566859710064682,0.0383504000186831,0.1421898438816433,0.024223126610190132,0.6648893316122224,0.44091790490102617,0.1608734522216317,0.09407345242045992,0.1945398375466063,0.19417447716055797,0.17623122610134226,0.07233774560818809
3.6422544519237836,0.3928381875412169,0.03621623646056478,0.21801432175987423,0.044811868871296186,0.7702377065524669,0.25897843958619793,0.25597926280084304,0.10864231207625694,0.19666951221746548,0.1961481608405983,0.17105036927817058,0.049130557756103366
1.316377424420058,0.34647564689407556,0.06102274181446962,0.23479378509392096,0.03277913818106663,0.6623018498482817,0.23163304874304097,0.23474717808801532,0.08983744113092246,0.14566290469914436,0.14552706364311524,0.13868963304925896,0.08914712865682914
4.331701041757842,0.2747577339003076,0.030177139705973778,0.14148091838704868,0.04040833248924687,0.6879672299776374,0.3384977261736991,0.1503191518669264,0.09966858806399191,0.256696527175088,0.25597729351501075,0.22148784721613232,0.058632967239956826
2.5668925646771608,0.282471968400174,0.03709524027172538,0.20656647456462968,0.02199992412363189,0.6491123812308537,0.2203455989676612,0.279186936294076,0.05546382699181844,0.15599243126041906,0.15572196542707462,0.1423893079788395,0.06258713311028558
4.724455735573105,0.4066177786107581,0.03745254769695372,0.09661364452852683,0.020003528292089914,0.7083737046438588,0.3233633395083842,0.20999629961278077,0.06068374694513833,0.16234133072516732,0.16187563629700258,0.13958248335219733,0.04241526001681165
3.6275186822000447,0.3303731393911775,0.050885785680163824,0.22071150155661556,0.03639592198918084,0.634572990633004,0.22919073892144745,0.21305074954050984,0.13213520507830198,0.29733499104972877,0.29659489841498926,0.260817962109229,0.08010287326724942
4.7411079622516334,0.31709575924341943,0.05609895085436132,0.16939741778906525,0.023758562165072286,0.634713034241063,0.36257931723977505,0.26366891710089035,0.083857828438833,0.4775734661259328,0.4760731536201939,0.4047540250202338,0.09118066777143863
3.9100423120228465,0.38133026633223815,0.0417546707737236,0.11137920494046166,0.047073761087053266,0.6024064624592648,0.22954510237866743,0.24279944196441627,0.08292730371532944,0.14061791444388064,0.1403026389779529,0.12496431996504717,0.0466030735851868
3.5686327229146735,0.43399861613239554,0.06402423279916118,0.24027867702885564,0.04498218652578622,0.7786612557965232,0.32705400390262174,0.22217193045334682,0.13208297544227077,0.33749400217738557,0.3365735728587061,0.29235128129494825,0.08318780516583225
4.404354002822243,0.43363783760148056,0.06201735023127343,0.24994106900682406,0.02446653082707677,0.7827313461783629,0.31034384285179106,0.17737745832480695,0.0892693144207416,0.47710719246785827,0.4754867936275959,0.398960897313231,0.08411317012943545
3.2093117457219655,0.3134199723497021,0.05005202848784498,0.2235124629003588,0.015721713316263545,0.6591747804879566,0.2751312460799999,0.20749397491702135,0.10148779144356061,0.2821958641440281,0.28155771598005047,0.2505269481726297,0.08572805066759501
4.57655006208126,0.43501122862298003,0.053066727580938486,0.22141613938330157,0.024712034962418312,0.7967278042443036,0.44700456891692497,0.2722822575949186,0.050905995988706716,0.42611916666552996,0.42460990675582333,0.35359794389807836,0.06988592977367221
1.6121298935584198,0.27717849619132884,0.05624970104087142,0.16874608158412874,0.03201996297618318,0.5601313246018174,0.25248436513096606,0.19366682258977128,0.14191120981830393,0.14581846864517584,0.14567258951808654,0.13834289286970053,0.08610925356829255
3.5841098699783953,0.4106554825400377,0.04223950197296925,0.17522913654555916,0.027967495092264705,0.7087772816777241,0.27013875095500617,0.17732881605932904,0.05555498557131609,0.17930875380649658,0.17887692782265402,0.1579583778905037,0.053236016031215895
2.3331634545959172,0.4272307131293662,0.07520636029724376,0.17429826247456187,0.04796325890085053,0.7858962617611214,0.40546512874366747,0.2684205706656091,0.07700873111515705,0.226690187054731,0.22630993256330126,0.20753775518111178,0.09301237646025232
1.7880434469114082,0.29776084503697936,0.07601124105544321,0.1950658386915074,0.01910537280389334,0.7209408834337129,0.27589994284966224,0.24306363000888326,0.10869828343222124,0.23118842666686837,0.2309008349219001,0.2165422472316898,0.12008133923693662
2.217697584226272,0.2598332101187841,0.03034725626563098,0.13305693407528102,0.010731416039384205,0.7917600663184446,0.2707957761108023,0.2003572805474289,0.07524587230613186,0.11357600921726244,0.11341078350935037,0.10520669257454066,0.052790375051765
4.074310794238515,0.30134483577573284,0.07327015807274881,0.1560705301044637,0.012671379235736685,0.5546679838046777,0.3859116937274301,0.25634849647699265,0.14277222587996377,0.44471246988316493,0.44356770650786476,0.3883498226391164,0.11454789402584546
2.183213132670391,0.36078626641257533,0.056799593935455535,0.0894348097659875,0.04088459641665873,0.5556232806387313,0.2298112919362338,0.22630965883297244,0.053972104222034245,0.12791997589329207,0.12776927558171822,0.12023233742801465,0.06404703440440694
4.436889376056021,0.3966668166476859,0.07099754430407276,0.2364696073619697,0.024275014094810757,0.7875992771420876,0.41135333268582336,0.23657618564086613,0.13326645077173452,0.64951073148223,0.6472661840656294,0.5414252012363429,0.10504987591973947
4.376885703042464,0.34687624018397045,0.04747504860082599,0.23863547556262438,0.016861760245829867,0.679345073926615,0.28235944176135597,0.22675409404571614,0.11420829432987023,0.41610053505422145,0.414778766790246,0.3520034192866138,0.07798836869983884
3.52414359428472,0.4476583493551469,0.075555138022181,0.12935642866559618,0.013552460805655281,0.7171418893374302,0.24702775556564927,0.1935655962514883,0.08140383916425017,0.23006069715009572,0.2295527803788528,0.2048204239499669,0.0802275528405184
1.4676055045004244,0.35799913980488857,0.05872093617555437,0.19696706758269433,0.03194851397897901,0.6924205698883228,0.29041720606239496,0.2534450816062943,0.08304442940266332,0.14190569495232808,0.14176152924716906,0.1345208543395175,0.08311676726592077
3.0297861049695065,0.39512414100662907,0.054141826162543844,0.12503905874183505,0.049162543500396866,0.7588350734964109,0.40160461460739855,0.1631416577072218,0.04365707824740014,0.20080591188620592,0.20040215416765353,0.18064117890638978,0.0707134237033266
3.5160220333347683,0.2619262291160719,0.06197696423188678,0.21952885939405714,0.039772687695041914,0.7658777031546555,0.2516362043752419,0.24719704104931148,0.10363628609224756,0.5092022632138627,0.5079012820261289,0.44511708361195834,0.1324962022489945
1.1543572083513942,0.35750925589387383,0.04554359700868446,0.11843499732913718,0.022033460988363902,0.7309292470613721,0.34888961210481695,0.22790507016809997,0.05660393211024904,0.09378238676923593,0.09371311997247365,0.09020892736772174,0.06134494084616496
4.545807808377591,0.27015540195020704,0.013431386954151045,0.22665283040756273,0.018808800405912623,0.622741073723653,0.22005994767746104,0.16633228356110746,0.08989311604073741,0.15342171185150072,0.15294293806685533,0.13017164806145937,0.029616902713316674
2.1350989872256,0.3206613359236408,0.05766309260432985,0.08049306313328147,0.024095959856389307,0.6505102924758626,0.34022376804451404,0.2954805217799141,0.11330563321673073,0.14574456704673702,0.1455643645234206,0.13656562841247685,0.07474662936948683
1.0343000791564965,0.30717259615728987,0.03661725367241311,0.17875896927523127,0.03743018633168821,0.5929882824173383,0.2069169970226356,0.2270012180522159,0.09157284893855408,0.0749497917580578,0.07490088566903148,0.07242116113746676,0.05316020937065599
1.7604055809052184,0.26183354459259495,0.07176547840283354,0.2397591756378894,0.019565715089041973,0.7040243152030652,0.41838367898868634,0.15068184359756806,0.07146382650005123,0.27272980124108287,0.2723647459707719,0.25418345284205207,0.13477329352185893
4.037319972488474,0.3929012256801865,0.019966274589282754,0.1104708264775264,0.04983907202555877,0.7483986384029181,0.2666209834434008,0.23908152591354168,0.07885982183047649,0.08111897441902244,0.08091557303300137,0.07108757016935335,0.023496883753747873
1.3754496336444937,0.2579632229537088,0.03689773673788846,0.15256881245345702,0.027238880880754997,0.7780244294948455,0.20374236391528214,0.22561866914251016,0.05132789645713088,0.0961929990651748,0.09610593493088852,0.09172049979191288,0.059729194664212434
4.63519885361716,0.4016998695492521,0.06120238770066888,0.21598522611791404,0.032021912427894365,0.6291164070102879,0.36320648767703856,0.20370993039481564,0.11831575448641057,0.4231641293632782,0.421780746528376,0.3562349884971639,0.08029720372687543
1.371906296759825,0.430729454935379,0.04258465842708494,0.15860501197905363,0.019078921625650967,0.7927004681242993,0.302335234551639,0.21194872522438618,0.0967130464102812,0.09043024430760445,0.09034505573410673,0.08605822913561322,0.050827829247474754
2.6969881272073235,0.3954183934452469,0.04539757251401051,0.1980976763842699,0.018015509647614766,0.7807188486181622,0.360241711918919,0.23287708978375565,0.13724952508836893,0.17372155937404254,0.17337889465293724,0.15659137564556486,0.061543463093971885
4.764600543824285,0.2910281766957826,0.04164440524490873,0.14737456368973678,0.010382132883251145,0.6325458009507606,0.24920548292684178,0.260177372707018,0.04209844987598282,0.33102932225637816,0.33005197789547575,0.283366505570857,0.06983589317610944
4.3489544658199515,0.4178425415474777,0.06566271333625268,0.16660287559220302,0.033470386505437044,0.7711091563669967,0.36234855155366413,0.19944824343993314,0.09548158959606401,0.37567326213825725,0.37453162321260547,0.320119249086789,0.08278222901071054
2.386719332587333,0.38542509129289526,0.0665328173863955,0.14231789965389402,0.03948069902620155,0.6409477421419894,0.39293293948358193,0.16866331515474198,0.1331238414666606,0.1922442236429151,0.1919482854171346,0.17728610860169217,0.08400552849677496
4.804448831785349,0.2906346960025368,0.022268585198347166,0.10731799161823477,0.04689177714141122,0.6673249793666509,0.3392785003247686,0.15607334580909987,0.10809355198094744,0.17450382113350496,0.17399352485710154,0.1496001928361782,0.03736582753998859
1.1000919264986804,0.424863820673858,0.07700324356604384,0.1949248126051294,0.03671866375283737,0.6210940401315098,0.3874790665189737,0.18743388957921617,0.08512146826685782,0.15450064238870811,0.15438362182870405,0.1484664885957138,0.09475733303047913
2.9827044249871304,0.2601345027986843,0.02940681572950004,0.22835975456928342,0.046667364194749705,0.6564717053279174,0.4497105477411848,0.2656046579875385,0.13124317891827372,0.19127578309844623,0.1908526817768775,0.17025256627400773,0.05964049213643149
1.0254228186954195,0.3331396058944784,0.07617671156516266,0.16965564397713306,0.019530172503481023,0.5503352329464484,0.2561611952714116,0.22153007263713898,0.14754195429297964,0.14725852153904484,0.14716498469995984,0.14242016067296603,0.10393012665989788
2.2860368756057503,0.34050400312627993,0.028909590734108967,0.17190174741769115,0.03708455120651805,0.7198898637416995,0.2402029094438951,0.24987341461858487,0.04982983298235475,0.09373886340105235,0.09359602736255197,0.08651638197804512,0.042013865284030456
2.220878357026412,0.4401917942501623,0.022583811615362392,0.23202606040784557,0.010630818924798578,0.6548583408240917,0.21897706049776808,0.20199250325091866,0.10045291785930832,0.06248347429833432,0.06238618856357492,0.05756839752757787,0.027023496779016557
3.5912880188028997,0.3385406885959915,0.0732917306437265,0.09377310978734085,0.04813605149337487,0.7480326123895107,0.38378379315329225,0.27354969044550576,0.06868916302292331,0.32583556321541823,0.3251013608876289,0.2893923845630019,0.09988433520398075
1.2772208082183485,0.3213328143516035,0.05713747363024423,0.24412630024921217,0.04896430516547875,0.684374524269793,0.4407210190135903,0.2852695780988895,0.12654696412683403,0.14428953184607443,0.14414886742394514,0.1370764714790949,0.08636049031454912
1.4455532968717775,0.3898086484196246,0.056327383782134276,0.22643970039906652,0.03883106973523929,0.5999231884914711,0.352134042923624,0.27532765549178356,0.07711972952449411,0.13054912964412668,0.13041597389801776,0.1237289754979735,0.07467377042059094
1.7416210394313194,0.41996341832153955,0.017595297665567874,0.24970457478130187,0.041627092865542364,0.6811399996621998,0.35057811860301763,0.2847568671733016,0.05395441064582295,0.046782981154036944,0.04672183898860154,0.043674195899005515,0.023095586516244163
1.8594234116418389,0.36788638249502637,0.04988810179693868,0.18129499189465761,0.021834957441561477,0.6921645108128237,0.30637486670315056,0.2627456553689456,0.09599664316334669,0.1326401543855047,0.1324723874753324,0.1241008405736004,0.06755568712073377
4.69220559539229,0.33220411532000527,0.03933595567028233,0.23470883287401384,0.03415404077323914,0.5913216917804501,0.3439832968421749,0.1553121259638242,0.13170726399608443,0.3972583042678181,0.39593741660108456,0.3334423249937639,0.06884386424117651
3.4269500448880086,0.2775145272467366,0.039775356582657115,0.15300184280719376,0.016713975793122282,0.6670489307797753,0.2843594572565363,0.15522627516313656,0.11100503060011721,0.22624283790792454,0.22574528982973013,0.20151245169532706,0.07102191877040195
2.085206811914975,0.2509146389828886,0.023599856853339592,0.1940457972301411,0.03248755606267449,0.5668535852111212,0.3012100446441048,0.185598406089065,0.11695825482785124,0.0843655962437177,0.08425025871339496,0.07851023568255772,0.04106699788632139
2.848491132077619,0.3490602274855348,0.033639051893720316,0.2099751972287216,0.01213198558605941,0.6847102757869276,0.4014326483909495,0.1724075520840708,0.08146842293524781,0.158452424621203,0.15812605627624365,0.14217298994677519,0.05353734210430895
1.6420851036352935,0.26879212305027184,0.06857929232502226,0.22500835858923507,0.044053021703673735,0.6336516813207005,0.40020965194149494,0.20145563508912123,0.10624506578011769,0.21929974825922388,0.21903942308052973,0.20602289332596274,0.11737274819750972
2.096447180641752,0.3222437768367066,0.03981498076500541,0.11765691508775755,0.0476936162794474,0.6036923566631205,0.42804014904213905,0.18204449780489107,0.13409771677010343,0.11283926231281029,0.11269313787590333,0.10540726999357655,0.05705542385115556
1.7569097888034653,0.3033343806448194,0.04124725602998518,0.1451634234233204,0.021711505127080755,0.5685984415000248,0.2933190960671774,0.25181413031007305,0.07410130509663407,0.10495668292084653,0.10484451109786996,0.09921847514898732,0.05978808376788126
3.268827860638109,0.25847658406855967,0.043969088274680025,0.24465959917472296,0.012857336094936465,0.7766114042189441,0.40381745998880614,0.19640828672502397,0.04813340318120329,0.4065754180257515,0.40553554667172054,0.3553557644554576,0.10564203699170746
4.980353333962654,0.34037425690617557,0.029975294301209085,0.14568113690018364,0.028344975971585404,0.7117993680418635,0.33331796629386545,0.2879886791814493,0.06006891678335096,0.2402249732541671,0.23943957787150089,0.20222719522370847,0.04287049720967262
4.951648831085366,0.2565246756139277,0.016769487009403748,0.1779259845315873,0.02284111613578723,0.574115558090019,0.3730514984488065,0.20605365777410514,0.1327109387934845,0.20321727123870556,0.2025577535866985,0.1712902438619594,0.03672924633840986
4.227851373337474,0.2924160826362308,0.02416761591425471,0.20444689357504164,0.04973925006907748,0.7998794961824525,0.3192941002287952,0.21950952357383313,0.14368139379978148,0.2590963683988513,0.25829160579454985,0.2200013810163611,0.05040367180515643
4.352402696638105,0.3257357810032415,0.014824016816206799,0.11956463479794786,0.01812121467453248,0.7410845864002725,0.3210412943142943,0.15691652055826025,0.06507318088433933,0.09851535304785441,0.09824185491593602,0.08511811131887961,0.02280933445553718
1.8898591458311345,0.38337756033922266,0.03600980528429068,0.21327949080455916,0.037358059113115835,0.7438477480931054,0.3509030913572849,0.18818118264323805,0.08663449251437785,0.1083349183020432,0.10818469764589403,0.10071243546285215,0.05219505847624886
4.31803572191835,0.2756695063389915,0.05029333109758579,0.2318335038803805,0.04733224569873909,0.6544281426725803,0.3545548184056172,0.24511849375688002,0.05931605756827848,0.590488610348372,0.5886376773932538,0.5006356816244538,0.11315361085003578
3.1938499249454138,0.3042665853706356,0.02064944960580722,0.09067706489366431,0.018718374807706294,0.5781263718094899,0.4443897182067045,0.1523927361121818,0.10181670900173886,0.0822447799036139,0.08209039416162171,0.07450815839954324,0.030596847375576004
2.349903857580162,0.3153829428560163,0.07192081286016437,0.2153640809213218,0.04661129907861126,0.7163358793950337,0.24398769669279013,0.29359080273154414,0.10494845728317367,0.27012504429985934,0.2696759661052966,0.24749754215499728,0.11253379271275978
1.132024103726032,0.44572771303123415,0.02653373872524141,0.20799658016682027,0.012216420174509857,0.7872928205303173,0.21763371047496421,0.19736110118325711,0.06927126820440695,0.054276034192180536,0.054232042915368844,0.05201071317447932,0.032384673976868845
3.4615260385935533,0.41913396837254696,0.04612675616240074,0.2378695301166549,0.04177442580526469,0.5945189766193366,0.20722967733934358,0.2243807501017458,0.07087666013971038,0.18882243936593793,0.18837346064132898,0.16660686184205728,0.05678235893802356
4.9399404031451395,0.3807042339450609,0.01474584387588243,0.13053717027236048,0.032930502242673215,0.7685196385970645,0.3960301560510455,0.2017507569698621,0.04799351733373791,0.106895578121586,0.10654171585756342,0.08979315661180544,0.019837164965715526
1.5178118044376356,0.34578687457758034,0.031773556540501416,0.20443580299878394,0.04122726647179907,0.5749711455069789,0.4111066523974347,0.18218387273390227,0.1311074024515668,0.0805587304011145,0.08047451138197127,0.07624789411049934,0.046456858399185064
2.4539414203223924,0.3568582429734922,0.05778444717035594,0.13587326979370856,0.04288005718041377,0.6432734236780266,0.3753400332743434,0.1600574702044321,0.14053389501551217,0.17880314802037808,0.17852401069939836,0.16470204662814786,0.07783186906375833
2.707100647011395,0.41292981222918834,0.029133293222608124,0.15135234947441137,0.03134501810549139,0.7991855122872679,0.33299012189015775,0.2665591250333306,0.06595308910460104,0.09473318075285575,0.09455696505203198,0.08589879029152644,0.03578305550119784
1.2261563122797707,0.36300694165314495,0.05239894907930967,0.2202405491317328,0.014479035336169479,0.7093712986699572,0.24098377912176797,0.2206840087773524,0.09566966199994589,0.11895776244481555,0.11885422679351108,0.1136343846555895,0.07522867957207567
1.34569957839561,0.35707234095031626,0.056039751195964875,0.13179326240286493,0.0472455092369573,0.7215948523372335,0.4368376359404461,0.18489605121859234,0.060930312305775704,0.1296408467908987,0.12952456972659895,0.12366642292921264,0.08011684065345176
1.8372276565116181,0.42017487375195495,0.05857292738385354,0.16035735726999387,0.045595037048853246,0.7295683992060894,0.43539395985288654,0.22655892937558447,0.09018937187997533,0.1471893176576826,0.14700124185349242,0.13761944913330082,0.0722829192334583
3.8612294734883768,0.4042666178652115,0.012904457904365185,0.1161508500987546,0.038330169952290626,0.6963160344190781,0.32756863066497555,0.1853129279338318,0.10789477190568647,0.049042982001994265,0.04892496364856646,0.043207635072019974,0.01502694562287515
3.2028345072197175,0.4120203780970947,0.0333997773724139,0.19099381016690262,0.0281061702876931,0.7787709159301934,0.37679247850670317,0.161844370451041,0.13782930903885646,0.14897745071613822,0.14863052234595306,0.1317900276435082,0.04455292629942005
1.255143683953042,0.32819132160585085,0.014902767351001225,0.12376908289248721,0.04827982186897925,0.5935558029468769,0.30048572195445505,0.21841470467994004,0.0677005283345438,0.031066122651913643,0.0310428612904044,0.02986638704545475,0.020403693599473863
2.5523071595581723,0.2559753158019021,0.01801860160409783,0.09254864340485669,0.025060939487550497,0.6307681124567384,0.28260902856175685,0.20171271387632933,0.08880013091381064,0.06279672499083304,0.0627047402191155,0.05813853570775087,0.029033967249173724
3.3674795400531323,0.4245657756323584,0.07537889752527104,0.21732800856115708,0.04387164154212948,0.7238854477644039,0.32266425468154986,0.2022786523364357,0.04887414942809009,0.34399650465095755,0.34315535043891027,0.3024469450927323,0.09843777808955008
3.4341500346147034,0.3411650943923422,0.052443773221946204,0.21722315030767558,0.013049230364320194,0.604763642154495,0.29645896244740977,0.27159299310938506,0.08234386025538434,0.2717873385549852,0.2711459508868652,0.24003694605090475,0.07838480685427723
4.171459561534087,0.40839043577000916,0.029661336419141683,0.12454106111871358,0.019881530528194042,0.7508258263945815,0.25154228560338215,0.18949613080278943,0.1215279174543446,0.12394602282453783,0.1236191501259595,0.10787798872723275,0.034478631183967996
4.355697956845249,0.2895928307133097,0.078063651731519,0.1639097846959,0.038864281924116305,0.5617741941228452,0.42533477381192397,0.23253167942364883,0.11284442469242159,0.6092501555879756,0.6075287915673524,0.5250340470062946,0.13744589594074688
2.784944937355129,0.38115956374180104,0.03706128661605933,0.23930253226014014,0.021353884839473557,0.7510186681893739,0.22420173388054923,0.28655180244353545,0.08581350931640955,0.15346117236138185,0.15314654811942052,0.13776374295168273,0.05211233564163284
4.803019660732114,0.3828416669410963,0.06780069267562887,0.1130748499702391,0.023582166572595868,0.7319833913702621,0.35843886849405654,0.19408794205354155,0.056162150446884954,0.3918214236909021,0.39062430449219215,0.33359161633934264,0.08615957931135314
2.2626244285458443,0.27393637339795596,0.059692932815316686,0.09552559402186454,0.030136020502210994,0.7013902516204044,0.3894848007517585,0.15750446513316632,0.14673844296164326,0.2003704824179844,0.20009068292894228,0.18617646270276011,0.09604098009323306
3.357938917167451,0.30698190788410806,0.07065032270370297,0.20989158966095178,0.024952501219879044,0.5937132043892387,0.40665575628321027,0.21502039597262565,0.14402172124966678,0.4168751097783,0.41589802286975175,0.3684870611845763,0.12125118798994987
3.033466248949119,0.42856446053398345,0.06740830674301612,0.1512372788859656,0.02892201715189767,0.7278021250327684,0.44534968333303737,0.25447818024964997,0.11301958124950512,0.22992782165410824,0.22944799532683594,0.20601028256153145,0.07915298348539
3.0887379771066006,0.26910772660302534,0.020555858662679186,0.22912251942805772,0.026365736292575263,0.5891973849672206,0.34496118846537155,0.28117362515419164,0.14343531111253768,0.12002583972004786,0.11976510161207973,0.10705716482475915,0.038215295547606776
2.636349614772466,0.3406142186013015,0.05354549856659585,0.14946616692635228,0.02678274355724694,0.6606279194268122,0.22528515848372135,0.1637728223793819,0.13412763591779153,0.17784785140919987,0.17755457025891608,0.16306537500340443,0.07432859390306978
1.2604391591844042,0.3182900185895105,0.022983539690559263,0.15574739814637906,0.014115952025911156,0.6847500024049397,0.3786777107193264,0.15922824750144654,0.06843698651714863,0.054778570725301866,0.05473246732408155,0.052406378560364,0.03516997146596199
4.212927844572221,0.3821884498148105,0.04413382715011474,0.1604224208694225,0.010410659192502513,0.5768521560680024,0.3230086267713154,0.28165452216136316,0.11993515906617808,0.19826494578549358,0.1977384836306251,0.17239756317464383,0.05249885425889282
2.7338851368006285,0.28869518324486976,0.02637043222950114,0.11759177748507654,0.042980056598734336,0.6725594301448138,0.2703246970822129,0.2159443656342913,0.08155294734099314,0.09816191699096326,0.09799896764029499,0.08995094339086981,0.04094757319269564
2.1074682926915216,0.30194278509673284,0.02834808895304794,0.12356563222988695,0.03089085807294456,0.5956339133670562,0.4412359863682469,0.18215989292607127,0.0940622578196475,0.08631373940517315,0.08620031974396533,0.08054794072395233,0.04320704137723397
3.770430487496358,0.3308784060907641,0.06245156188800076,0.16523443812600774,0.049209656073685305,0.6872929320128989,0.30176472730292475,0.25914190913769686,0.061655012279724516,0.35090109436556793,0.3500248316165726,0.307674116750355,0.0941310196519794
3.443719122266838,0.4477828225027315,0.05405307425074579,0.21020748601467643,0.029372861528059853,0.7790632943045314,0.37951649980750074,0.20451196593850898,0.1342759359658797,0.2443031686245056,0.24367569607379164,0.21340494969732957,0.06689503659580984
4.600756401046019,0.3666315696905838,0.05068149498362093,0.1088788705172278,0.02884069688110974,0.719016936684606,0.3436843208565572,0.22419842560503273,0.04903657822670113,0.2798982711048162,0.27909252948628616,0.240531056764728,0.06542386012289338
4.859703444365506,0.2804145337711227,0.04796865918528992,0.16199339812707486,0.03970070851583866,0.7185682922437222,0.38991015376300725,0.18682418577534288,0.09502869261351884,0.5892316167306566,0.5872713419160852,0.4945292923884183,0.10201412350631932
3.948483399195962,0.42279970263616395,0.01332098798143866,0.09104214808908916,0.04210698736210191,0.6200660938399797,0.22878461611392673,0.17852028068303138,0.08457481134015425,0.037188383245749926,0.03710629979768033,0.033109297967571616,0.013437838891146796
2.8112373212238726,0.3713030219203751,0.028089927447558893,0.20108417762823239,0.04043377076192323,0.6929503543957931,0.21832983376676462,0.2587263720602419,0.1192552817481598,0.10321370378532746,0.10301572995982491,0.09330309707013001,0.03761064718838553
3.2818533409761628,0.3684597335918711,0.029576577937681266,0.22395883533147254,0.04589333116185178,0.683601282725657,0.42267628204718305,0.19386001453176036,0.11556643050011595,0.16254128873328733,0.1621465756357951,0.1430357726626103,0.04521402838210046
1.4745157880182957,0.4428650212274182,0.06553605190906545,0.09762998774677821,0.04540556527158421,0.6994265973516733,0.43873058094486117,0.20364123445611834,0.13437472218835475,0.12758347091414313,0.12746531020294166,0.12151680493653982,0.06902959529436936
4.645385853181171,0.298368178934197,0.03794958217642042,0.22461282765707485,0.02546432135089126,0.6866110700035575,0.24580361326509295,0.18998068168087404,0.11474080595137415,0.43334331997135883,0.43191898561404746,0.3644635566219565,0.07662577034315833
1.0479746252399142,0.31592556277439693,0.032805741991357225,0.1702981955012542,0.04121366251194763,0.6681843342191138,0.3488269094352051,0.1914413435611177,0.13737357051673468,0.06999492199610335,0.06994568719188049,0.0674526161781822,0.04833307507557258
4.808301196574486,0.2823721579244299,0.014461709877984046,0.19382760696894552,0.02794054225472268,0.6961821436205269,0.3420497364223586,0.17277578092972803,0.12463583565288106,0.18480364002880342,0.1841822416672141,0.1548102765928259,0.03139860012202915
1.1381768045814014,0.42872163995632817,0.07823600914017892,0.18954771080030727,0.038211135666633894,0.7608319607123005,0.4129070029371462,0.26848629571379395,0.1480589695498977,0.15684458397552267,0.15671462265860248,0.15015535586489578,0.09546411530081117
2.9353483903848896,0.4474829038255752,0.058374747895531265,0.08731470628716835,0.021588481972840884,0.6220771901519156,0.3844339165133071,0.2062704572959661,0.11290314597184839,0.13619255649797873,0.13595839883610888,0.12441120643905357,0.05708490118905865
3.242679471895498,0.4353219116674085,0.02824930965315911,0.12230234824571998,0.03926478173635871,0.5962514293673449,0.29221506005326137,0.24006542144192683,0.11441924226983177,0.07318655620245848,0.07304558430046705,0.06613092849373813,0.02836390503382065
4.502142488954734,0.4076696706029076,0.03317621851166958,0.15410847911639114,0.01101040596178665,0.6324978038237781,0.20774410114258446,0.2930186824986679,0.04110923185974231,0.13881314734706132,0.13842678533574154,0.11989069597400723,0.0369916607272915
1.5569506112357672,0.2722783413485834,0.043224803693584,0.14557728140949375,0.04810434335313246,0.7396178366982681,0.3283802708532382,0.28835843902334235,0.09539810282088826,0.11555858754615185,0.11543910584346805,0.10944099778671344,0.06704518640919707
2.721507541359288,0.3531188945750462,0.02487947350875728,0.1610109670664565,0.04337128643211099,0.5875351607428121,0.4236914783684601,0.19822556976373445,0.13079927508764508,0.08765690280359276,0.08750105804975947,0.07982744173627501,0.03431683688547764
1.9845702448008304,0.36232379864876324,0.02180243734618277,0.19946141548423912,0.03442297947672453,0.5886948229175207,0.43832949575114827,0.2916065412298441,0.04636159525315184,0.06302894051497512,0.06294225388499415,0.058629029096464474,0.030548073838809763
1.1966700937550103,0.44917791037387345,0.033932367523952574,0.198604174261245,0.018608113858241827,0.7962213106466988,0.29863571506584236,0.23894983030153616,0.10929906670457948,0.06917343347783275,0.0691134219889863,0.06608766759424745,0.040361038575545405
4.093691398801294,0.2602085998971635,0.04438924427617623,0.17859877084214043,0.037410208526706096,0.7346150584780123,0.3823536463779903,0.23368004615207363,0.11956115375895834,0.4455575182457457,0.44427414417688976,0.38285662539353127,0.09764146391106163
2.019040143824523,0.26121907609524664,0.029985827509147932,0.2403687575421376,0.049460634020560876,0.7294482383300156,0.39003449399983225,0.1589720093727671,0.06156465875899285,0.13177989845619262,0.1315769651533023,0.1215228361565016,0.058562473517790176
2.9156854639376126,0.440745553090619,0.07295759835693308,0.13505631558341047,0.017312214344809392,0.5607523675166173,0.21023436399324474,0.17969260215060825,0.0772062769744411,0.17414625658012783,0.17385149503349004,0.15930561934236542,0.07342786521636861
4.200892778984287,0.27309301819287446,0.02140683139385753,0.1384388452881118,0.048515006305869954,0.7613350847434422,0.2476940758702188,0.23722797310989308,0.08571114814491962,0.16872657575866637,0.16826753802686378,0.14620916311025534,0.04022851831735135
4.87790595032312,0.3599561877834893,0.0635808150246524,0.22362530021162758,0.01563912147125622,0.5605116347586124,0.31764400986596025,0.2612818033396809,0.12331957498011178,0.5118160264526577,0.5101074966189035,0.429299181875344,0.08808213016187305
1.4773015891794354,0.4158387677848208,0.07075380559090058,0.10020641853302138,0.033184062527049286,0.5530838972216923,0.2013424026112774,0.26104910081774396,0.14407531388787673,0.12228733253423951,0.12218909051184995,0.11722745581119574,0.06679252284022494
1.7122317977306385,0.37309783702222227,0.037929727575498035,0.14248064050486342,0.03006417390734499,0.5648234284502539,0.2857696535628275,0.25828861656235835,0.11200584984392895,0.08239111415953629,0.08230601014798686,0.07803358469118311,0.04477655602850825
3.0997701859764533,0.33284637113062215,0.04330552406844383,0.14776392155458057,0.03786609661648458,0.6798300837034894,0.24446504730485605,0.20968334281752243,0.08710813973827489,0.174075047774016,0.17373353859621526,0.15699801732166072,0.06193112743178301
4.944978530381661,0.3024433734973688,0.04888369056699803,0.10516110224221145,0.02317781528074914,0.7970236572123732,0.22197602477742367,0.2698113698141787,0.05973438977537544,0.3915090405016206,0.3903063524908244,0.3330328763052819,0.07754646456595914
4.340283277935946,0.40354116443168875,0.05497320954813756,0.2162133336295039,0.04572813714327386,0.6808117012328516,0.426946941143141,0.17813032263396714,0.13490306914171232,0.38804913991688245,0.38681570901323403,0.32823879003382883,0.07498713428246603
2.3103053802676827,0.3416312180072607,0.021035963355567622,0.13243444298766105,0.03498603587626152,0.7232022445993084,0.30078388655574917,0.15164320511553547,0.11023710191270739,0.06615597884666113,0.06605792459344546,0.06119262300893243,0.03023707887691779
1.0873750678702196,0.43133256948097376,0.058120220181461964,0.1586768121354491,0.02821482361563759,0.6987875366139268,0.2483046672204557,0.2087072626684431,0.11863586255390662,0.10820911537134449,0.10813265814217926,0.10426146307525282,0.06519467510288933
2.770094745013459,0.25916878370599294,0.04240273654329456,0.10800751763986366,0.04044075980355156,0.657272702907678,0.32831600255687143,0.17530172970485586,0.1388368739234776,0.17222932436631172,0.17194080295871733,0.15769643528831476,0.07127052689395601
1.6485731875298275,0.2966040835597342,0.046217152957209046,0.21922370709704692,0.015990976290226167,0.7050278350923609,0.3072082226374654,0.18149879461854257,0.1124682408113506,0.1418770549232987,0.141708630830146,0.13328725936237995,0.07593334675869166
4.46827957518094,0.3110681816725646,0.054516369826995224,0.08443463857343685,0.013569003799821525,0.5722322520836388,0.24307924069228337,0.16427333311651518,0.10091893134090102,0.2524035583231376,0.2517925390677557,0.2222030602285864,0.07252926975286576
4.894882154859235,0.3305201204498126,0.026883446650347212,0.1899963413661934,0.04205249716421485,0.6355580679400369,0.37442505304117035,0.26740279204591955,0.0906664685666482,0.25364913008934464,0.25279918034390914,0.21261221855747542,0.043360202408481104
1.7268287075439885,0.28143842080032044,0.03734900192380606,0.1707729709875948,0.04859462199346981,0.6584576341721221,0.2968447707959326,0.16799810067741613,0.11262456164347756,0.10979715474188377,0.10967223279347238,0.1034179710694583,0.060312338498747856
4.555043752869378,0.43931465389725605,0.056782401830822136,0.1785067364491681,0.020986499767710904,0.5510643611080187,0.27934642704561696,0.27462510833077947,0.14736034055387118,0.21699192816017743,0.2163675038801663,0.18648276967752675,0.05858686264430982
1.0285592726582051,0.26515527510440723,0.011425823158823503,0.1294430526613281,0.011652728343720465,0.5893542659064843,0.3563370413998854,0.2481659396179677,0.05816560236447596,0.023882180311277385,0.023867161824377772,0.02310519591946564,0.017151471643065568
4.622064087178757,0.2634729350444952,0.022805790798593017,0.21559590822877817,0.03987048657405922,0.5635635618583934,0.23028401933802586,0.24404158156100514,0.045039064317744126,0.2408675177507014,0.24013148798203202,0.2050662739645097,0.04811812377285556
1.7092287722130703,0.27323546555760564,0.06883065458622308,0.09980242994209987,0.012562679356207807,0.6215116656641152,0.31343367453583937,0.233440233625194,0.12581562931553628,0.17236233899361217,0.17219024405402522,0.1635428900109594,0.10188957904780262
1.3367474360057647,0.274416341657754,0.07992024688685352,0.11831505443990332,0.028237634524160192,0.7016497480866917,0.3794290946252679,0.1593200225114684,0.05633761970377456,0.19996998351063827,0.1997996707296066,0.19120901279887023,0.12771003153000549
3.2153026699974805,0.3806226505581931,0.04646849124722376,0.18409728103960468,0.026675091803356622,0.6777516581768965,0.3121020990294931,0.1601885584395454,0.13997208452550897,0.19602028160943738,0.19559198195701638,0.17472419287701696,0.0627104948299941
3.5542173339416085,0.27098181129185256,0.05557625200166313,0.24780894746254128,0.03129843308268458,0.6568539405353825,0.3414760224976168,0.28586264156753133,0.11066083173537372,0.4638380815181097,0.46261899407367935,0.4038980210914618,0.11611230441740986
1.462027554710588,0.335926764873506,0.033378261894651304,0.10809361257958881,0.04819440809182929,0.6612079091041635,0.3298582601130782,0.21986732632775496,0.060012464245190945,0.07446155243351918,0.07439552753602273,0.07106824386945014,0.04547033375489768
1.1804965884957705,0.40927747025930117,0.049342246701871185,0.11262491898051025,0.04274489613120942,0.6498449002397653,0.3132788969726717,0.2581906025972537,0.12359315502791371,0.08913802685090143,0.08907442183178729,0.08585455038469612,0.0530073265921755
1.2849130946459881,0.3735331199406806,0.026504446765841717,0.17535812211910223,0.01294861052450272,0.651089377529337,0.3042185568208734,0.2650507191045307,0.05784729742511205,0.0565052681263536,0.056457159185632655,0.054030503168814276,0.034795952209497896
1.860788143948337,0.2938188732554343,0.015953156893495284,0.22038272155984312,0.028167737368508895,0.6606030599610921,0.4429837999010845,0.27840344018286856,0.12252240474957451,0.053330743176947436,0.05325787843531347,0.04963152726837697,0.02597146290463306
4.387620605110547,0.38787273085596274,0.020624880034131935,0.19615443747671613,0.03348071643865264,0.6462483711878897,0.4272708113426329,0.2899962288244443,0.11923222258520352,0.1328565825751331,0.13244645536406932,0.11292325015555636,0.026895523174631963
2.5847556752883856,0.41544685450294755,0.061113653839935965,0.14117430312540613,0.01862821096305958,0.6934566839162388,0.3421299921325781,0.24148458280190205,0.10604359679994968,0.1711633716384045,0.1708761740613018,0.156698157469016,0.07039575479345571
1.6110608823592063,0.3133031277251275,0.050602856330102586,0.11582990115176656,0.010106911389079955,0.7892815332003701,0.322388188568557,0.15288427789381154,0.07456614326972741,0.1348822149789144,0.13474121852847257,0.1276651484442366,0.07778864151022093
2.8911870311848844,0.31469599424193445,0.03641268408817585,0.1755755028882356,0.02684007847572402,0.6727626737552763,0.33207577529708776,0.20243928062232622,0.1188147341731963,0.1619374742279386,0.16162195110142655,0.14615448750993806,0.058022184439821205
2.6900436627832915,0.3398147753445072,0.0700505919299868,0.24261226061597108,0.033016942465181824,0.7754487184910493,0.32492770598380694,0.18910549765546505,0.08013006335871534,0.3547842031162061,0.35405373629191284,0.31834735355283467,0.11992506907022622
1.1830302667536925,0.4257353406976453,0.05589109648947671,0.14486571422243583,0.022982877488500156,0.5958463446326602,0.253774381420491,0.28445762426638,0.10315694586098745,0.09902521403232027,0.09895394188832946,0.09534652132904006,0.057781840015770705
4.496689662518798,0.42743847946349955,0.06840430528517581,0.12655962341479707,0.016170019043347705,0.7904451964642752,0.4493160379464696,0.28335814660404335,0.12589865400123695,0.3476566939018945,0.3465893071061948,0.2957568249409706,0.07862427590590908
2.5028425602553668,0.38904894298992587,0.07440626666422018,0.16916709644549305,0.04207569355646268,0.7650379443460069,0.39409819031428434,0.2438670149164941,0.10039829214633679,0.25315786493637016,0.2527105670630623,0.23067983636410755,0.09960253867999214
2.7522005747969907,0.4418785444022334,0.011159808875726035,0.24065444592719276,0.029032089627381998,0.7817149668559883,0.21160697721008714,0.2968276659597301,0.06650646829344077,0.0395106644684173,0.039429782569353276,0.03547493705628804,0.01367659171925199
1.6895656411312974,0.4071006090279675,0.05036015771432837,0.24021689470413732,0.026043387024507654,0.6094309965620087,0.30571896512284946,0.2919311874706296,0.04265871935601037,0.12548681640494488,0.12533575361641197,0.11778575070884602,0.06475545577993401
1.373884808501617,0.3342932472051336,0.06262596774641341,0.23892483975464363,0.022752364222513304,0.7984108236376616,0.2961106889243503,0.2596200946589776,0.14470267762141906,0.16374825184263045,0.1635765236510951,0.1549589105034737,0.09426698906175572
1.8000445376412593,0.4002645989460203,0.06973725767828444,0.1486803580813627,0.026115151937888978,0.7124801355610031,0.36945052317483984,0.25094126077093654,0.13837439195039306,0.1657814679683014,0.1655824121401732,0.1556329496910665,0.08443994068414407
3.0632027455256226,0.3091950648879149,0.07638089127955158,0.14386152368682015,0.033777095290322884,0.6054470648476398,0.3279796342100979,0.25141596099237806,0.1230002730198296,0.30751503510957173,0.30692734462183824,0.2780899078720015,0.11237289514782825
3.1235276881345766,0.4039817389537417,0.03781832730085564,0.10097488206915062,0.02864637307519475,0.7842854309997358,0.3258021483865453,0.29071013123674155,0.0723246890839486,0.11920107961891287,0.1189651466959631,0.1074085681474166,0.043230077195985074
1.9345696151772998,0.34179278382180833,0.011280701706937462,0.19062049606799805,0.026480678428010718,0.77316607554179,0.2867315598272072,0.28357956362258857,0.09919715002713614,0.033944508985474964,0.03389799089318511,0.03158311566126744,0.0164946010691691
3.9875751111697264,0.4186601000550936,0.035227906243657195,0.21833484781494295,0.02535215896412886,0.6815714581394232,0.30748697664860214,0.23420446598050643,0.05806096494891391,0.18852863188718982,0.1879933524244568,0.16234974198433752,0.04499380048628062
1.7352647101015326,0.4185357308982877,0.07600917828753967,0.14064399792018892,0.04814451537020288,0.676552865449249,0.3382108010075898,0.26084253981243305,0.09698530884541481,0.16574898950818606,0.16556397095313094,0.15629575934822945,0.08559770949982282
3.837858325264542,0.37434429140631137,0.030383683593278886,0.20862218142427702,0.013895617901478892,0.7595200648897669,0.4488038807880812,0.25325177952197303,0.062264554638672684,0.21334621060410663,0.21273065203099856,0.1832760005651997,0.046633410884739795
4.911962009622708,0.26626580323103843,0.026210247976192445,0.20849631827222137,0.042433597634187324,0.698326308741549,0.25266020923912014,0.1512732339651853,0.11187731496536577,0.38022981493910946,0.37892832153701606,0.31750513355577825,0.06257295107472992
3.4840846922279973,0.3741426931859766,0.06439473888840969,0.13636375553809432,0.04067546373709352,0.7518361387582566,0.3502906474341185,0.2861781083052096,0.06041238470257057,0.2770543717888792,0.2764148191252967,0.2453535326888195,0.08359172483782197
4.6568898755220545,0.4487731672783468,0.03550091171588298,0.16742311634397145,0.03985935062400643,0.5632500135995355,0.2418915443877592,0.24362163710773443,0.12809969367596227,0.12642063090539865,0.12605703572659,0.10865479385580346,0.03575702242345628
1.8630939755751565,0.37720918480160803,0.07049914860730494,0.12565944624533404,0.03005169094790297,0.7513171086645117,0.3483808952256576,0.280819169203415,0.13376938997826898,0.17115733103536268,0.1709493415851758,0.1605572692062202,0.08752009428118003
2.0402934864664153,0.4220829986648985,0.048226448238248974,0.16296395528881405,0.018998086271008203,0.5906971451849854,0.3101768022557623,0.2703500002025339,0.06893535118479227,0.11140808444881736,0.11126382870381576,0.10407110932546645,0.0533678777977788
1.1066725716608548,0.3751204188639642,0.06533087367369336,0.12506217573017803,0.03425283786764948,0.7412915080067787,0.2917553335856948,0.25520068587578804,0.05946985853508494,0.12804364108408117,0.12795320194779958,0.1233740421988936,0.08257833816509284
3.661975294895513,0.2578943947609525,0.0790884861928959,0.1705138934695865,0.03462363488692398,0.7709173414073798,0.3198600735033373,0.17246428592487156,0.13339025026880283,0.6418534245146316,0.640220951064455,0.5614157278111093,0.16803474874326396
1.066032460912685,0.43301555457999374,0.06541386254750861,0.18107997255150632,0.03677598616359018,0.6312897073602912,0.25358124476127786,0.23531451668115305,0.11413133231273523,0.12008934783071475,0.1200057712343676,0.11577293220403535,0.07268268846722058
4.868905015863049,0.2711129164196102,0.023832240902581542,0.17726366138276606,0.033273873972484276,0.663930666008541,0.4074804584057784,0.27565624810745426,0.058675705988794034,0.302570853011778,0.30155900979696054,0.25370921045831324,0.05190741774560164
3.233685309243436,0.30558118761105874,0.025442487264830765,0.24542173805699874,0.0325795587955535,0.7347264924848574,0.20893055208259367,0.1672762440771976,0.08273265059772784,0.16838691552609258,0.1679870712115987,0.1486009058547206,0.04818927828653075
3.2646478025254386,0.2852818701827703,0.0740285597535392,0.11253252133364092,0.04602486863977882,0.6080586282583866,0.2725279941179594,0.1578475539383779,0.13659859549550302,0.31295009685782327,0.3123530598096247,0.2830544718193444,0.11455961707728306
2.2289595970055105,0.44837387594198813,0.019549862951135463,0.18526786317921679,0.04304666251032568,0.6709992060883352,0.3861612848536169,0.16333106379720314,0.11503984663772165,0.052882543824253364,0.052800855216646396,0.04875417661121745,0.02298034169470953
1.587956091491576,0.37779605304639047,0.053315858621347946,0.09606020897828484,0.02609642982053205,0.7325470198343459,0.29810684164007806,0.20293600543002047,0.13426122078203942,0.11437629399204857,0.11426562539695474,0.10870031540518704,0.0638857242962975
3.9529497536729514,0.3982270539628685,0.03114236437011065,0.21087146758949105,0.03912125779196067,0.577087407782021,0.2348902366538114,0.29312308776148793,0.09245408772993347,0.13943020234813522,0.13906560500659582,0.12149764475380538,0.03743804787926085
4.932261842624293,0.26388266487389905,0.03567155426798103,0.12790016808374138,0.030972663995292297,0.6608186207089239,0.3450872832292735,0.24088933006772137,0.07754302851298854,0.35785045476184646,0.3567431211154745,0.3040409672807497,0.07004374067178246
2.112103442983333,0.4204352040530044,0.010738161608905984,0.2394308136291884,0.013670709521054657,0.7533452860776404,0.2991532112803213,0.28547270566582156,0.043830441153312125,0.03288503834380304,0.03283285193016332,0.03025048301695999,0.014137692841501653
1.4278908331448799,0.43235373986255693,0.0693042174939903,0.1412034361575728,0.02288337643744535,0.6723610455711263,0.3774191462350206,0.21624786586616873,0.11181254509651034,0.1403488355519499,0.14021854933580977,0.1336599854753986,0.07751295342287931
1.27053161882655,0.43754456000297015,0.027514123204980617,0.09189580612211094,0.030323302434185205,0.62281396041164,0.20375038084412136,0.15583545017217176,0.10297763129053158,0.048290002106470116,0.048255872931774635,0.04652784728819025,0.02677663856255758
3.3530081278131294,0.4434005850022674,0.026787692343299842,0.21693129651688547,0.047816203952425085,0.7113118099011474,0.3864348860961663,0.2715727031575922,0.1141464780849186,0.11172644437981057,0.11145137101711634,0.09814471689613757,0.03219767020453603
3.02418140353218,0.2690574462193539,0.0627992308888437,0.1919684718888272,0.045040308903108756,0.5644928398787368,0.30151604410214256,0.21621991692712222,0.06706996912506996,0.31914774039066,0.3185176438645539,0.28764997871772074,0.11280047895383316
4.370847310241102,0.4180747505887764,0.043665616417381876,0.12892840511603315,0.0482549368288062,0.7696167074465787,0.293982455926023,0.2645333309499503,0.1463247232813778,0.19167645987002568,0.19113214615019386,0.16505607079070878,0.048923437139272156
2.7698602110385,0.3682174552383575,0.015005569631393292,0.17198716279575188,0.02523465334454009,0.6231246245911992,0.4000122159898758,0.24287163574607679,0.09240635986751194,0.05359080779560155,0.053491456459606575,0.048609142498001516,0.020181325171255066
4.827004825987261,0.3944931655861893,0.05549208995877332,0.16139153510254103,0.03861299359952737,0.741769559489411,0.22053129606716948,0.21058199223943957,0.08006169803976898,0.3372721958368428,0.33620010562292174,0.28528564115898164,0.06983109777483207
3.751942270303605,0.33935303995394184,0.03758079304193345,0.1739055170853256,0.038388190353261624,0.7630004460904545,0.3298768498007356,0.2564854682696882,0.04250191832375289,0.23506942319016244,0.23445436076585435,0.20481907799792567,0.059210649172064554
4.072517671274475,0.2581178246003151,0.051555650143996684,0.20604988484660847,0.019160566413670484,0.6288046637877591,0.41499910967227793,0.22076281998967853,0.061784916818627716,0.5337474522872652,0.5322133919527056,0.45878716092439015,0.11735405725678778
2.5110090904794076,0.4218645947570917,0.03484578820983629,0.10544383343847757,0.04399603553336587,0.60746666752042,0.37933017971599436,0.29670120770835307,0.12056788261901205,0.0798249186933417,0.07970508077997315,0.07376185798146333,0.03535175072784951
2.587719061583619,0.4192191922708516,0.0566441644960087,0.23764894794735864,0.04134251414407613,0.7116341070012662,0.2365804471026255,0.2254876385679988,0.14758056449442536,0.1926612468315032,0.1922993979823651,0.17452864205260485,0.07187632737956783
4.412896504709107,0.44590635333482953,0.06646101988374283,0.1552858963047195,0.029065615749683194,0.7456717002040217,0.2966898576060687,0.1842023360192302,0.07322458128567096,0.30164251319063645,0.3007528352800526,0.2582517124402828,0.07611345489056119
2.3145589747471407,0.32596853152424193,0.01845217745904392,0.15541379764809898,0.018698935658535823,0.7361976824345985,0.35073350693740085,0.24054610465835957,0.11885966601548284,0.06297229294592824,0.06287368858882501,0.057991719886650465,0.02760526699997993
1.2017109507268358,0.4007110694883306,0.01335026664633423,0.19046846773117693,0.026006037220530326,0.5729015684281314,0.2601430235106056,0.2994492645037773,0.05441718283798291,0.02588945857402366,0.025869349690925695,0.02485305906277725,0.015707302393182507
3.776779778937745,0.26041062174483764,0.035302807016246884,0.08541071080958096,0.0362851027830079,0.5582163927497223,0.41622410648205826,0.16343509517997437,0.13695363467563812,0.18416599961603,0.183768389907654,0.16438285624823862,0.059052122277241076
1.3150614465821204,0.3294739943563182,0.07071220124197264,0.2465799464690394,0.01683946741110757,0.597528692206872,0.37285089043449404,0.27642843671577866,0.07241427296603367,0.17492734168022805,0.17475987530394554,0.16633606443681626,0.10566907643878169
3.5139530541328305,0.2742055202233208,0.023510863639400154,0.08824499551688364,0.04808171864404191,0.7206050840019018,0.2831295160447475,0.28789660396772715,0.13788768538451981,0.11034005406158567,0.11010922919775154,0.09883578564734673,0.036653264012759944
4.546372966589512,0.4271809769179048,0.07634248956508936,0.20061841975140127,0.02186321380775835,0.6970435341672098,0.2807665846186515,0.2352322270663947,0.06783276954383524,0.4336214116075293,0.43225238968075297,0.36720045468034535,0.09289590769622469
3.3046028012734405,0.4343796148758648,0.01840535365737098,0.2485721959287126,0.019288766350297637,0.7059498310559247,0.4078183936126091,0.24445291162888327,0.1288437694110211,0.08783507475169101,0.08761250351949226,0.07686560190847165,0.023761055706053486
1.6240621392001398,0.3274141393428078,0.022391672284266622,0.10228233166671317,0.02189575346255683,0.5511930192508876,0.23513627394005543,0.2849185999800128,0.10762147006377468,0.04636513138971534,0.04632359337751072,0.04423081346194098,0.02725198703581524
1.29678367541982,0.3242518380647277,0.05737594787221386,0.14129812689445576,0.04545768717877887,0.6832870558395597,0.3804102957782775,0.19316648779964318,0.1292994137480998,0.13059788774698006,0.13048714195216035,0.12490053112181679,0.08356856690704707
1.1144003668611697,0.3046096625490969,0.032672192266587866,0.17294361113615286,0.029935112714453656,0.6261798839529762,0.22780045913874877,0.1804416674657307,0.10582599210352231,0.07076914346817345,0.07071876754653231,0.06816847673509197,0.04865124429001366
3.453360069870816,0.3097632571219786,0.05991126211944237,0.1989046756073121,0.04695952350063206,0.7078557466364865,0.2538946521948463,0.23043093316900598,0.13928844577684696,0.35379552686054694,0.352951200987279,0.3120272671621803,0.1006150402488408
1.9063626429175318,0.40430629300129706,0.012652425624483793,0.24085814147787077,0.01942033692285214,0.7846935430357033,0.2779630183360123,0.2554195980135276,0.12490123886425566,0.03706099476373568,0.037007464376934064,0.03434875800128815,0.017267543633444002
4.6893496255048115,0.3508944480856323,0.021889723575793406,0.22846682083381592,0.035092390131099827,0.7881319483701035,0.31056188266636997,0.21862159565263725,0.046718347374004696,0.2508131514563716,0.24992835031697247,0.2082826313343131,0.0390526769320005
4.562526950856379,0.30862077307353697,0.0701913195410859,0.20880700242711508,0.0150023269240377,0.7618391290363652,0.2829549770551041,0.27600930644977933,0.07397873423840215,0.766637826735359,0.7641158684405869,0.6446863054548321,0.1353612634485289
2.1567104356682423,0.3645682894655949,0.025758565493045053,0.12218717138180143,0.038498207254812095,0.7946478065622246,0.2098092874411239,0.18129470854992857,0.1432313271662906,0.07050233951937611,0.070405796590597,0.06560140809300523,0.03355545693437637
2.8006977213040924,0.3349128291424377,0.06506877584094227,0.11653590999071047,0.011138706144147189,0.6286857578454383,0.3274265605496039,0.16461875204573675,0.06700760037052865,0.22199997080733186,0.22162410069831398,0.2030759249616764,0.0906133755843538
2.011433503500327,0.3801209596448327,0.03821419127895226,0.17160072153836006,0.011626060564354076,0.7264335673600884,0.23643654863168603,0.26155665033091585,0.148134392194202,0.1001611444827756,0.10002666966327467,0.0933299639914273,0.04837944346173148
2.3609330185262767,0.38574509496488835,0.049558361183258216,0.161799826099487,0.03557655417070366,0.7336858108660689,0.40123743934600414,0.27542040265412693,0.08893831474504851,0.1542107395083526,0.15395900345694546,0.14151691740820826,0.06484069683695924
3.7727225977977055,0.33625730961413414,0.07808559763850172,0.145272703622206,0.038992605511507746,0.7222538767507908,0.2655495048535366,0.2833498004783678,0.09746841265179818,0.3952565453927199,0.39429254256031065,0.3476311688143646,0.1093384985792041
3.9197052454380787,0.3452998863240392,0.0632461802823838,0.20074237348303497,0.027062009775689705,0.6795340485649002,0.2617052828246017,0.2828326656981073,0.10015065197678241,0.38283544560218025,0.38180585247219,0.33229049189460724,0.092793140898366
3.7011439012512826,0.3130025926228091,0.05942612639608339,0.24219600335352043,0.03683205536318657,0.7850063419340899,0.21722924531452684,0.23277086572579553,0.09332036529303547,0.48507053148728363,0.48372943082332676,0.41935806684491767,0.11298907231704626
2.2944276616425556,0.2724000314419644,0.0384266049129325,0.19768107385830974,0.04087952114078715,0.6620518695878277,0.2158276359562786,0.2663841055902075,0.06611229868277035,0.14550333423917527,0.1452796830438939,0.13419828450739388,0.06475848542806002
1.8178001825562875,0.43473503670947156,0.07219155146399273,0.08864234945222435,0.04444616188098012,0.5748276670909108,0.36390325804758417,0.24485900542484834,0.04419648401219181,0.13886540876254735,0.13872156676459205,0.13150090178746732,0.0709635800081398
3.3706853005920676,0.3879366156367803,0.05769743627651855,0.09150620457008678,0.030780022815522924,0.5773317592657137,0.20951524496031343,0.16840813815144307,0.11903454648262826,0.15483620453423205,0.15455243101426816,0.14059960863131699,0.061300154182026965
3.6620779587550745,0.30108838372360985,0.0341270567196222,0.1070167217025834,0.03811953583354406,0.5926330685004575,0.36582385964120606,0.22965329707756532,0.07348663963464337,0.15833407344586975,0.15799059435041615,0.14124869410800714,0.05049265323853903
4.830989200447949,0.3792912582547697,0.02763816752388184,0.10911531723835152,0.01196827966834901,0.7201398611381207,0.40246592441144696,0.26488807703179046,0.1234837923158437,0.15648110488223185,0.15599930787702007,0.13305967981186412,0.03372124184719556
2.9442478761088817,0.33518805249763595,0.04602336229494774,0.08505476000629443,0.025748618655356867,0.7348326883473328,0.29859609214377447,0.25318520531056915,0.07986701854951772,0.15453204230087939,0.15425933558459418,0.1408269825911742,0.06084675713773378
4.716476932887431,0.3128143178750486,0.012079238715870752,0.13090299047097742,0.04561425224234188,0.7741913984561942,0.22721172527468372,0.16869280355642632,0.1263463087327462,0.09562433444858763,0.09533561947058905,0.08156804216371404,0.019474328707054723
3.207494221745375,0.42924121048351815,0.02220847338590021,0.10052434801354962,0.01999208770774289,0.7764791765010286,0.21750043177810716,0.16525053955677693,0.07624854720799146,0.06440638424080941,0.06428027162807741,0.058099569016737136,0.024295370742057912
3.0802615036267524,0.3709745885162295,0.07742550102295713,0.24485022486205732,0.039986039732246244,0.6801506427709019,0.3893467300368559,0.1567884444248336,0.06050997452699736,0.4182742059140736,0.41730468833052337,0.37022948099727976,0.1233340075914541
2.061613888448708,0.4310312611067785,0.07171321188630178,0.12446381589360336,0.04464199955757312,0.5693900427859471,0.2044505778361788,0.20295856077807475,0.07603867315206134,0.14667711980553247,0.14650416006486558,0.13785421538017467,0.07199385250281895
4.719873814576262,0.3111663238028511,0.03577289874136676,0.14828581180970285,0.04905654725039895,0.5876702530182673,0.26837352267280395,0.2597115423395325,0.08126975451227192,0.24130745339761137,0.24061109087328914,0.2072904042887131,0.052730372538388665
3.325213064200816,0.2668237142863191,0.036477525237533115,0.13392374910554786,0.02088966754352693,0.6400796333918742,0.3550955734100416,0.18156915749783303,0.050470381367066906,0.19915035546810825,0.19873355143863494,0.17837743118118768,0.06612082725012296
4.273420718384045,0.2971323419257961,0.03126672255342811,0.24440535289713405,0.04659344948587294,0.6668107459051694,0.3608037758950964,0.15594811457485422,0.04166278386227483,0.36913617445518904,0.36796482721296037,0.31232871352150454,0.06930839367523967
1.4394271732198147,0.2715860429649348,0.04777919622748536,0.19522496497214564,0.03211721009400239,0.5505123241582622,0.391209518744896,0.1871943022099002,0.05278411342162433,0.12985897736306837,0.12973386735176873,0.1234416443225488,0.07819354170565969
2.9499856159145406,0.3953250509036089,0.0657700956515892,0.21048722657599678,0.024300354447585708,0.7513839115111158,0.3490769919668646,0.2933100652134132,0.1466178035981501,0.26972384484928125,0.26914093896344077,0.2407228343453188,0.08670323096390824
1.3946830765244034,0.4365964324086885,0.02680923802644805,0.11197901363203133,0.04783718770553886,0.5883347117033949,0.37154217418477387,0.15215458690830028,0.10518317652799966,0.05102216012492757,0.05097965304238655,0.04883453445191598,0.028104964326229998
1.4323257131024854,0.3283306259560937,0.06353373715544461,0.12926269281878663,0.04241503590519514,0.7245371210264271,0.24931669114305444,0.2497476865285505,0.14457477353593295,0.14130665245037968,0.14117927849315237,0.13476281128339715,0.08791270250567845
4.3690383344698285,0.27550235281098234,0.05827268096818194,0.20573786360300161,0.029538936434999732,0.7299586853088772,0.3745255476224353,0.2528493487621262,0.0861091480552745,0.6955469401520235,0.6933393775956729,0.5884873057086759,0.13055064840273048
3.9630664996196634,0.33092549009038025,0.04083036341763378,0.0982443718063609,0.018364671816105377,0.6049118643603846,0.2931359787714979,0.1726436732097888,0.135297106871363,0.1725919750112449,0.17219955258582686,0.15312359397105138,0.05330193403160416
4.946355824976592,0.28701712049422434,0.058046157847459326,0.20730369361629825,0.013166448446743959,0.7819143492764805,0.355466628055428,0.15855738026982066,0.11989194310981885,0.9567733015170011,0.9532763466893414,0.7892169188219433,0.1392929608006841
3.847226218837988,0.4251506826966218,0.0730143597645945,0.14658060968490155,0.046993229574852254,0.6925262268414267,0.36342301608678196,0.22766085106127365,0.11522438600526946,0.28756124623154455,0.286833528883335,0.25169252894994726,0.08358371569454921
3.5440282494669537,0.4171112716066328,0.06984115297464616,0.11290242795292721,0.025198515859773226,0.6198729646201904,0.20659446416529156,0.29471640084446593,0.08497811689375084,0.18789095525263852,0.18750771234951555,0.16876487677254068,0.06983118795095111
4.511855336804908,0.40066260488772454,0.06988524485796334,0.24315660340587547,0.033939853387228984,0.6381270087862617,0.2479360421271501,0.2742842107962799,0.13804668533559605,0.46235744059836653,0.4608726133756289,0.3904161038633712,0.08936655801918857
1.5465291485556425,0.43668748990705564,0.07773705712279248,0.2066578963657078,0.027728334753011716,0.5920159065542328,0.20672622367184335,0.21920530155045487,0.11800326843796924,0.16240901231279795,0.16224400816347942,0.15395674071676743,0.08670897848672256
1.9500791204167802,0.40333625188818034,0.03672041054018514,0.10460879503292952,0.010890784593514415,0.6093545362726177,0.3048424511027078,0.1666106384222874,0.04437261657674249,0.08169348352112032,0.08160051412132428,0.07694600145676946,0.041226969657493714
4.824216498882949,0.33451684927193054,0.0174714429477641,0.21946172851658097,0.023103411020152276,0.5867672702167576,0.4329705163712152,0.20718416553296315,0.06879066161891263,0.1848294192029243,0.18419659961258097,0.15433174624549953,0.03040235772176376
2.604480497896559,0.39624000249957847,0.05314620560171987,0.09968772803227502,0.04855387950734478,0.7860350871114927,0.32767866643599225,0.1846186079749382,0.10000907276067725,0.15473936766588767,0.15448409469243235,0.14187285631175559,0.06432425366670028
3.764547812337212,0.2694785966821451,0.07628869825996466,0.11837310274950302,0.03941674740845786,0.6456578481210348,0.44462014740746836,0.2976851033760317,0.05456919648826624,0.47274897017732825,0.4716221853165307,0.4170034062846242,0.13465726587489768
2.0620656199989957,0.25275914876740796,0.017363299899565497,0.10413539797657129,0.010995972986248888,0.7704621231977823,0.4491756568226848,0.20566500188702264,0.08730502894461478,0.06133479181381088,0.06125177817110731,0.05711895434968985,0.030071964923876267
2.4225587096243872,0.4466101143213328,0.053097270994733485,0.14358864851481198,0.03664691686089512,0.726051400147255,0.2614741429697817,0.28711355133201166,0.07343870434238212,0.12942209515257813,0.12921972344633892,0.11919959507997871,0.05598359549770579
2.984385883472987,0.4376537187154327,0.023181368032930316,0.2112298001280875,0.04353926528031428,0.6352300734778289,0.41081119860067516,0.18884639494480931,0.09819174602211073,0.08457347233755748,0.08439377538633791,0.07562485599737488,0.028522758917391717
1.2467572418548691,0.4438468085381456,0.03489484387649671,0.15061801095417449,0.01186240693174076,0.6439684283994674,0.20240438570795008,0.21913298924121116,0.14129513233673624,0.06311528413461437,0.06306667100149464,0.060609376021612496,0.03574771669855659
3.1187703354747116,0.2807327112256021,0.06162994726168353,0.162655677779331,0.023549879400301923,0.705566387666401,0.263453614242088,0.1806396897731497,0.13775081659764044,0.31749820897102865,0.3168467167551037,0.2849950095350971,0.10771556807094745
4.530678015481206,0.3790110160596053,0.04041365393046723,0.22765799370961154,0.02827109194260386,0.7524061327219524,0.3066836386775633,0.26674945913485293,0.13860975942603038,0.3420202691402528,0.3408725188548098,0.2866119057350853,0.05831552082277078
1.2206558477670615,0.447098111193562,0.04786333354848832,0.1973132486767911,0.032870730277141075,0.698224052351192,0.38853300873278807,0.2197987483579605,0.07128532175550575,0.09901930873430151,0.09893314156087138,0.09458892962146924,0.057389047391311676
3.6661794625554824,0.3902176043319894,0.03866354748435585,0.1764683534896631,0.01965515781559358,0.6514832488192619,0.2977978164599626,0.19644467587575842,0.11832137559966405,0.16972910067790503,0.16931713997831982,0.14937063226891129,0.04915153112662156
1.5840504098942523,0.3761192742890791,0.07363762415075394,0.14470486489646364,0.015932192144649547,0.6842295353138886,0.3776449921672078,0.2917564955877685,0.07575120728698594,0.16767382191457125,0.167499364457134,0.1587429020346083,0.09352881858834479
3.4544042286003127,0.3312145582692102,0.01427062332252394,0.15903929983517895,0.022641542588665884,0.7488814642209515,0.346498380676843,0.24071662040713648,0.11120317550678419,0.0762021703101365,0.0760225149640105,0.06730824203033725,0.022003452700271493
3.509513298854833,0.2733570193038699,0.04498030415515084,0.09899778009369407,0.019683597033068736,0.759087244835357,0.2652053979650975,0.2463947281866985,0.08312822753723915,0.2339218822321897,0.23341858602779889,0.2088755792233814,0.07530016576897026
1.1259816195311023,0.25544436695744827,0.051157676313704714,0.1454042474441218,0.014390644780413103,0.7060879923295353,0.23064669310588493,0.2748655103736609,0.11122577872491529,0.1122606146523408,0.11218023321589513,0.1081113533122793,0.0770050032724412
4.013857052350115,0.37752495571820266,0.011789841386860511,0.21273765845774462,0.04721389095202127,0.6877428844424871,0.3480955735420217,0.20821770397831552,0.09972822691322658,0.07629797338157118,0.07607864931786029,0.0655810461645994,0.016772839894657877
4.211008438711076,0.2750429423383022,0.04003410149329921,0.22366827832204594,0.040850283490644214,0.6126579347958412,0.42582523481218504,0.18926796461063963,0.05169480743903091,0.44706760913443316,0.44571240854868577,0.3811087157439209,0.0904701719838654
2.475063647711556,0.35546735218510617,0.0744724133474486,0.14744141150729506,0.02368711015566881,0.6434732933536887,0.35959031890069915,0.18483150696764242,0.08070059579701641,0.2395974515930394,0.23921541984884165,0.22031483537953075,0.10278703052190086
2.8846291631380714,0.3627281700531499,0.07166177562996263,0.1777447711772984,0.04236102269123492,0.7445861370625203,0.2883230607966767,0.17885571771202208,0.06670197858782968,0.29665369105073536,0.29606485066686056,0.26722621694139176,0.10426664361773236
4.433547878877276,0.31939152457760306,0.044502507428684175,0.08750025183896319,0.018195717617986704,0.7569848408713986,0.25813255840242333,0.151721305966294,0.09451366452561091,0.26038033743137007,0.25968762374058135,0.22634862597370767,0.06434542123532809
2.695529513375865,0.4363306346237178,0.07554433816194822,0.15989333460250477,0.020329943884797964,0.5523366635037893,0.3597754049664834,0.2478308678302234,0.07012928501689589,0.1967928870336004,0.19645865197358495,0.17996732312689465,0.08108614571821854
3.893688544715165,0.2780198179030823,0.017386865214579283,0.18097950782421177,0.04495077578261094,0.7171065568170917,0.21234609304145582,0.16897832658956263,0.08834657751560177,0.13303959442858485,0.13269318380142983,0.11599676839544656,0.03373605841615274
2.6717910091543935,0.4029954567846873,0.034490315091753536,0.2120094121109864,0.026729379162805357,0.5994199469183796,0.22146929379151303,0.21124960735433515,0.1406154003809976,0.10767563889785245,0.10748384496296215,0.09804094676042138,0.04217019654860585
1.4508686984964505,0.3773810560610118,0.05303070200829617,0.09645016722542027,0.012345306908314915,0.7803947030525915,0.2732192344164144,0.22283468886549618,0.10507809155773878,0.11139794883795945,0.1112979648264262,0.10626075904656329,0.06460669958944075
3.3035337511362144,0.2816343137624843,0.05813052630476779,0.10389960464047396,0.01766552746929488,0.7095454190043308,0.41737690183967835,0.2565078376128169,0.12365394801704235,0.28655792895786036,0.2859591583582837,0.2567134865790941,0.09531136294765422
2.2736127974575915,0.4206841431851144,0.06443532941036696,0.1721928457117563,0.035541270015745,0.7198518814611057,0.23872564384891984,0.2377246168602245,0.049904296138714596,0.17425786294075546,0.17399378274343896,0.16090186291322622,0.07669108374066008
3.6506169192449955,0.2533518814249154,0.04638254013939765,0.15632911112467326,0.013834151980324038,0.6337664562472098,0.40392989102434784,0.27570771092516044,0.1433845939022494,0.31507601823375575,0.31431912746388685,0.2776480503821591,0.08886144378106628
2.491858484488012,0.3661346752498261,0.06335153780152944,0.15836123487611053,0.04866543745746267,0.751954743147412,0.20908670768141793,0.1596846582848818,0.09777629153442563,0.2074550263831215,0.20711544991502345,0.1903337805676622,0.08704289017196037
4.9601886830052795,0.2537839611589539,0.06603394122293596,0.14612361211923652,0.010285971226963486,0.7987484445068981,0.24890900995978427,0.279332931054774,0.13992490694339452,0.8295056331857552,0.8267670185609945,0.69711696447051,0.14554663009540708
1.9159885383583264,0.43527521650668644,0.059646615960959756,0.12243313473413153,0.012279870002420057,0.6488618768594745,0.2984711910796025,0.2996589244564676,0.1452267834506569,0.11961083768141455,0.11947091906875275,0.11247168954991953,0.05934150011787088
4.583540181436318,0.2858297874842643,0.010293025267858826,0.2201260971659056,0.018787716251116485,0.7219588979160412,0.30587278522110134,0.271943528572945,0.07552204123148713,0.12845940574634973,0.1280326824196738,0.10784150950248532,0.02229882096200564
4.306186541810648,0.3297606678515258,0.05188356079001389,0.13560996063639358,0.029490213944155082,0.5797240787908535,0.29478169234383744,0.26372071006597464,0.08322727019864595,0.26919157828081297,0.2684934856551711,0.23483745440235856,0.06968264092695947
3.04931245929621,0.434936939022352,0.06367776907698995,0.1033664511001441,0.03594772946201522,0.6946395595567583,0.40209802470505207,0.18873007013307944,0.09528672091387935,0.18086837888357052,0.18052372000542838,0.16360920480701846,0.06925991509306804
3.8000683588218567,0.38120010519725606,0.011575085374814185,0.12005124808941131,0.021305803822264886,0.6341873542203142,0.3247006188066286,0.22865306407697678,0.14005835096574112,0.04334029166630798,0.04324003657602604,0.038371531478568234,0.01356327595528424
4.935540373898888,0.28199618157414,0.04215164657944053,0.24703808650755477,0.034880117014764934,0.6069414890529091,0.2996591369771157,0.23766202649521606,0.14394800171668412,0.6037316693896013,0.6015973443119019,0.5011584357190967,0.09363242699863725
2.7095984458433184,0.2569549629076073,0.06114353191411692,0.18038603382369567,0.035757097726955504,0.7805978369699533,0.33528679463047883,0.1966761840275884,0.12466887700536591,0.32809079080447434,0.32745977734059173,0.296506304325478,0.11912335539419654
1.9392048205061827,0.26405984326016657,0.07560313317745558,0.08647546556810737,0.015309463073508802,0.636660324168214,0.26684145470897785,0.21357233080650134,0.12848593837099978,0.20289191264210105,0.20266885236699286,0.19149009009840545,0.11372452112799461
4.023713720783833,0.3636599891425677,0.06710972221117573,0.16671612984198264,0.027554397806074188,0.5865133106608053,0.3474105432473245,0.20194681394154954,0.06463133362391782,0.34338910970003816,0.34249976846902047,0.29961961394206993,0.09027984058487702
2.66219576656043,0.44125506414608195,0.04830950851773538,0.11655658666593968,0.01749917313383259,0.6057122642303234,0.41413097419589845,0.23897274057166928,0.149467096890684,0.11557069431065163,0.1153816341961949,0.10603815551701885,0.048980005712575735
1.3585518476840817,0.4288290047844774,0.07920790293004543,0.14858375799379012,0.04628005662679908,0.7316865742661964,0.36560924503748127,0.24765889658961715,0.12349983317872842,0.16053450641335634,0.16038799228906633,0.15300950894973644,0.0906946764394354
1.8668283550431855,0.2719971576124908,0.05424585936231431,0.14160629981373918,0.034573500792136884,0.6777302867574648,0.2499486186567135,0.1877011887812925,0.05558515916454982,0.16322570595093783,0.1630344217867929,0.1534662317000733,0.08806230931862645
1.9460849159056561,0.3137621668412515,0.04200769187655368,0.1365466309272745,0.045182372814080676,0.6939351862116924,0.3362198092041132,0.1862451051050918,0.06137255465570718,0.12409870437123537,0.12394319424482032,0.11618089217707248,0.06414811437947196
1.3908964321751422,0.3216670921360554,0.05862617781082276,0.24836657690478142,0.010429159301153651,0.7901057838473986,0.38307540296732673,0.19689887117721386,0.09948233971612044,0.16959820342361234,0.16941268964180578,0.16011423778974665,0.09534175661323471
1.9865304269122253,0.42994547927573173,0.024451952473294285,0.10774588398647772,0.03681693564161783,0.6251884793752274,0.23918955717946008,0.2041929266380301,0.0836555238302413,0.05002506613363232,0.04996756715899237,0.04708973468377436,0.02482277867296657
4.640785470024204,0.2803287861400491,0.06668370213241012,0.20144591922629457,0.041101429916979695,0.5640978373137279,0.32284624779764837,0.2284620606704461,0.05900518449496164,0.6722954934113312,0.6702194573213542,0.5713968300268139,0.13203839260862096
4.864850205263984,0.3893064348982175,0.04632530873979598,0.20497745565040598,0.040019792269697575,0.770840093147365,0.3170040195411754,0.26619311237240445,0.06198930331417121,0.4059291630443687,0.4044948564734396,0.3369948602517223,0.06393473553765777
1.0817588234669753,0.3167350230196568,0.046063656335996926,0.21893799560925142,0.02085161671656237,0.7531582603175475,0.3646639858109369,0.19330845591127097,0.12366071658243175,0.10855519888118727,0.10846776301457584,0.10405212462098809,0.07103757298407304
3.3805406819410555,0.40731760974292686,0.053708960300732585,0.1193874368960661,0.027307899869178344,0.7791636747906359,0.33495343359069296,0.20894088624593127,0.10305415019601111,0.1960159092283724,0.19558429847471534,0.1745643950355156,0.0643029486622006
4.449787486257433,0.2767662088268257,0.06428697879157604,0.101180952444447,0.03480039020530671,0.6327373994403149,0.33874299683685216,0.24260791920934965,0.10231588345159731,0.4239364634572761,0.42281785485716816,0.3689511325329521,0.10554508019384999
2.1468519419296257,0.3886879003884803,0.07570543416589488,0.16980977879514014,0.02095173646156323,0.7424038758909538,0.4391742063403899,0.22239881976402226,0.05788164439105713,0.23381494090344665,0.23345916967085126,0.21582442988091266,0.10414768774498569
4.458655615441388,0.42463027548582455,0.061417736157656576,0.21657382061799813,0.04684989780928015,0.7933371875695326,0.2882469113631579,0.24369765516650416,0.1449032329007757,0.4108542713127764,0.4095017320464689,0.34545495334071247,0.07776401112373615
3.92700502409867,0.41813328826254137,0.07338610775632502,0.1527390141055905,0.03584430634004345,0.6386431400164997,0.2662194102327546,0.15374905086840693,0.10445458321597195,0.2801083844979045,0.27941554159833176,0.24590922307345786,0.08473401889646341
4.1308354865727255,0.3329670364503829,0.07030216017858631,0.15066528460055711,0.01724980895067175,0.7420943947964063,0.20593561205615593,0.19512400382050388,0.08842090853987712,0.4245869208075053,0.4234541802782599,0.3689480211043539,0.10408850821481169
3.10451474462611,0.4303149271434241,0.06252509040605399,0.1868040905003145,0.014700255785280461,0.7504029112311974,0.3790536448007386,0.18792641505243243,0.1063450406729751,0.24463307828031097,0.24408967896648442,0.21763880169188565,0.07847070556286061
4.441005358649592,0.3578929437426678,0.05643187885225641,0.2257549211808797,0.023319989552280575,0.715324258171594,0.20989118031486703,0.29880413432440406,0.10768689337240839,0.4360843868546798,0.4347092858840716,0.3693619647997613,0.08274412381040802
4.076303603466158,0.30283638467810253,0.05247363724832942,0.1672146322955344,0.019926642288823314,0.6603205304359672,0.28445189926757697,0.24833287294002993,0.06121369090539366,0.35743259280426365,0.35648092477354115,0.3106814456945389,0.08787338421684189
2.368703859886046,0.3399101199445927,0.01862993439126759,0.14588111050833058,0.03760960444296123,0.6599004392816292,0.29650654420844047,0.17837208402262528,0.08628147307411979,0.05884708540432095,0.05875850723810263,0.0543660284115988,0.026551846031697454
3.3551315804387483,0.36251746840049204,0.033507354163348525,0.23923697893289758,0.029475695563361007,0.6043114254151407,0.2619286342906773,0.2979631508341757,0.07224586853119593,0.16345975667277868,0.1630750931973107,0.14441469973056006,0.047307685765922196
3.4868268164887795,0.34479327460760073,0.03869393029281591,0.08953899508608747,0.048494255566871876,0.7204849060031804,0.30552971359534076,0.16116830019972178,0.1387965995753663,0.15164038439371613,0.1513227317474241,0.13580977368844993,0.05095667015048184
2.0036478247221017,0.3109247119288369,0.07081589109945285,0.2303968449116618,0.03979777118081404,0.690710066168519,0.23374453576208826,0.28178932720094607,0.1429152050346722,0.23219904584600137,0.23186752172564168,0.21539451245650407,0.10947338418958891
4.98251344352307,0.4056662268803831,0.06217620032670889,0.19237796901178805,0.03827882651473733,0.5629990817998874,0.22179540799444936,0.19062856475754192,0.1350599424142342,0.3321654208447538,0.33111069593984577,0.28101654172446344,0.07301953312427202
1.841939543157662,0.43011561652235386,0.040179834231814045,0.1297753206826074,0.023823783556619328,0.7669730692826245,0.36156115671597244,0.24929056032233468,0.058214253942341074,0.09321220119206242,0.0930983504945954,0.08741078796877888,0.046171077161340404
1.1775694440417026,0.43121941016923493,0.05640918666082359,0.12289709794300951,0.03902780799692452,0.6113304319292879,0.3261719366376907,0.27944091756783607,0.14833036075218242,0.09769005457257908,0.09762037840125791,0.09409313807377248,0.05664657560819098
4.383935186051995,0.37708792382189,0.029251116402295295,0.19456230644317096,0.020133736339839246,0.7861954002580195,0.3343921512252611,0.24873441054487294,0.14894920793690888,0.21909631655179562,0.21840069063687215,0.1853616677625023,0.04109882503284938
1.6156762731096608,0.25351480332201026,0.048583530180834715,0.19480529444973638,0.028180900485508607,0.6799921785807537,0.42716907275574545,0.20814440838665477,0.06437898391834337,0.1559849257027763,0.15580534494731493,0.14681773795867786,0.08507552503819249
3.9902842078517033,0.44260187505867365,0.06123587173430264,0.1773586924185755,0.027914338898123586,0.5915658766796691,0.357472374854898,0.28139672129622173,0.05057332183358913,0.23215293963770195,0.23154423869881494,0.2022196023763002,0.06699694537282286
1.26705292018127,0.32205012331895266,0.07531631830369402,0.08764446889910951,0.014240097668800026,0.7390503340963295,0.2868276494594819,0.2354457437353839,0.11050439839719622,0.15649224447583485,0.15637305447507768,0.1503468890784291,0.10371723087208747
3.8903399570423915,0.3389862726813263,0.02340994683325268,0.08414173822136238,0.044978281769525355,0.6769793116974212,0.4320546768753656,0.16914395212958228,0.10663624182274345,0.1089791428986736,0.1087217134729142,0.09623644510523248,0.0319065824143389
1.6456364547052544,0.3048325991045416,0.0444177900768415,0.23261985290589526,0.020934363388994834,0.6852425305523651,0.3463525713337138,0.17626542621604527,0.09130013763793418,0.13897826531318697,0.13881025814119288,0.13041449469994074,0.07353393591929668
3.0211683242983667,0.3788128162270646,0.07794998681451809,0.21210758228470855,0.0153513099834493,0.7795598646114875,0.31750051859356726,0.26516494015954595,0.09801890239270071,0.35894069872550616,0.35814242453318973,0.3192877846731202,0.1112143119566357
3.146526898628714,0.3528982230829566,0.07845766879212317,0.2076401628738726,0.011708578019446025,0.6756421548154516,0.41722832510003915,0.22185803882635238,0.04790157350422832,0.40590473693478596,0.4049836046536456,0.36020159333305474,0.12279250114883986
4.975859197944015,0.31586767386294895,0.02798426418371481,0.2382352962446323,0.03571976049537093,0.6260760466022766,0.25250744194782737,0.1888928015752407,0.07936583523711244,0.3380711475847395,0.33688613926768046,0.2810781303624234,0.05326908520494495
1.1102303721066284,0.4034850690631948,0.043686243137319176,0.08872808304990969,0.04265473023466719,0.7019676102827412,0.2731087839886139,0.18607077669679856,0.09771628208342736,0.07987877791064238,0.07982654327837663,0.07717814636062899,0.0482645327973708
4.667127724806942,0.3698752138272329,0.044264054128530864,0.2241413956050512,0.012716145859150277,0.663171704510398,0.4058684465058577,0.18236287269128146,0.09516159925412801,0.41371839025345325,0.41230739808365624,0.34569532659367846,0.0685312800231509
2.2394420811093334,0.3799698242273989,0.05317747974414557,0.17485277921761316,0.019396507699804697,0.7719684848571956,0.3926023961873924,0.2423974010687746,0.11648871449790568,0.17027233114824364,0.1700004179016467,0.15654867940476702,0.07329887344879403
3.4701176970746648,0.3971384564067131,0.05297557805561938,0.18089066981026541,0.03652043749866576,0.5625663814178303,0.3097524492213204,0.21276792775843562,0.08895394320322615,0.19991618462647032,0.19946993459456752,0.17775408412343224,0.0644161136355026
2.0751957120664124,0.2860324339993204,0.019248611994317037,0.21452356576768067,0.032641093687701246,0.6772876695163013,0.28569077599556236,0.20960942262500037,0.06335273691189336,0.07116358740553973,0.07105968985726936,0.06590147821050454,0.03298606419661005
1.001631802430926,0.41267169585958946,0.0560071137426005,0.08288710626303904,0.019963967299714405,0.5690786901535554,0.33285359953534394,0.21732060429369016,0.10111020611931298,0.09442101877288457,0.09436834377654561,0.09169089762380238,0.05637431597686004
1.192135054628836,0.2615716713008177,0.07405104010246748,0.09631247090391505,0.024513104351921743,0.7461736184456896,0.35581812704526183,0.20271605084008812,0.05212871654753626,0.17182900643060867,0.17170108644298557,0.16523063444402572,0.1161138935665372
3.377024485942213,0.40239505883840493,0.07814531080676432,0.1635552222203463,0.02279247898392399,0.5847233531879944,0.44104499208825576,0.25219162378441357,0.06288486680945413,0.29469733206128446,0.29404245281505387,0.26216586559832816,0.09503822457383496
3.0085171143562977,0.27935686598178483,0.05821969086273288,0.21188919748463092,0.02886650327109607,0.7297503850034897,0.3968088369283417,0.2052905400985199,0.1195094982596129,0.3677445567587943,0.3669293894558747,0.3272450116642357,0.11438196614715546
4.909325848903073,0.26302946211057876,0.023794140276786297,0.20386016989983588,0.045839459975263494,0.6739772722644942,0.26076008673886053,0.1796193884606136,0.12626510012050376,0.32748214172017376,0.3263775094027523,0.2741784892569099,0.055328654602184994
4.846237354734157,0.30154895287993305,0.03819417328829888,0.18653009137562898,0.035361862132842564,0.5622883219096914,0.21531203920560574,0.1540876642410006,0.0872754193529888,0.3242509820122973,0.3232604547469952,0.2760695927775898,0.06480740800586683
2.795874102861341,0.3823613713816726,0.01012936026187735,0.1611152875169775,0.041695534402455436,0.709994953320435,0.3556284808534879,0.18269308110558094,0.06517069228068038,0.03696396628850373,0.03689417767133919,0.033467664993981454,0.013703817650806152
3.9037894571634295,0.4038426729799577,0.039506128210518035,0.16011106601936914,0.030289617542393704,0.6123448956084531,0.2624555144309788,0.2710044859399719,0.11761876914370972,0.14925713879069794,0.14889083524793173,0.13116733847297193,0.04460049303371542
3.5483719488397516,0.426679113312336,0.0734357059489701,0.17129092362512943,0.04374837668399945,0.6750301300355958,0.2372988065316351,0.21137517932367186,0.10805257366019097,0.2625816565098599,0.26197380195625847,0.23245697301326873,0.08385036628064398
1.9106465317687302,0.4055584613212216,0.023393945317794505,0.2151700426946821,0.025820511299863895,0.6504973498948414,0.31239891787256535,0.265332449349272,0.09469651374122404,0.061472816943784155,0.061390407791995644,0.05728630377190849,0.029619385755463103
4.209175269949306,0.41180094357276276,0.020041140584574922,0.1432424752813416,0.031694555992832406,0.6704374475739996,0.3923771728626372,0.19099758340930148,0.11483114713045314,0.09186833428335121,0.09161553444353641,0.07947735916447353,0.023926164645987118
4.429436124673268,0.44965698398882326,0.02527047305352106,0.12859029747808615,0.03117543151021534,0.7903153654746582,0.2117402648767787,0.2163329793701233,0.06997080054228785,0.0977861122597609,0.09750904677625193,0.08423367906711986,0.027111312965160693
1.2028853120303205,0.3234633603785942,0.06613909757853896,0.2479505894441889,0.037106379149935774,0.7469886897667618,0.3195695398783855,0.2954158941805647,0.10277435466915213,0.16086052244452442,0.16071312403234142,0.15329081469114614,0.09929501849703551
2.616312582643922,0.2883915261251544,0.0417395589524881,0.2317248120360857,0.025850339257411918,0.6086148003834353,0.2557058691732061,0.1698387432460123,0.0694025451668341,0.19438223541368926,0.1940290402823936,0.17665575503689065,0.07464395111166054
4.8622083029876055,0.4140413721673665,0.07214777222752286,0.17319812733580148,0.040492128842464704,0.5973371103130272,0.277097419714315,0.2179509593345751,0.1129807399854578,0.36040100691790694,0.35928059321466493,0.3059756184748954,0.08286860161620012
4.389999530673829,0.29655744676592716,0.012323717392753616,0.219847111994375,0.03622735290485727,0.6282473062049453,0.2487033238027725,0.20945199028925476,0.13084448046813377,0.11349014325251211,0.1131478308681521,0.09682315133866189,0.023149808733106146
1.346910704242887,0.4207474997450714,0.05443988886316699,0.2228725138057221,0.03955231164012319,0.5835411087886985,0.2806766380041891,0.2085797367503548,0.06658305880153417,0.11712813646227285,0.11702022796528841,0.11158715562680689,0.06697608168595166
3.527745063498297,0.4430531656428469,0.027388566764417463,0.24363461847399093,0.049328682541188336,0.5616540420730503,0.3818284485253791,0.2561610826718216,0.13682280883811812,0.11324952994458094,0.11296343154360859,0.09914636180315965,0.03212623889708953
2.6669647520092585,0.3279067304070669,0.04382061549562103,0.14621281031338978,0.04981756139710991,0.657128657090181,0.3440315645724644,0.28936440596459195,0.11308833312698072,0.15251978095498803,0.15225784711890475,0.13934025803110356,0.061727252769703665
2.371844715277092,0.3816897283667533,0.03862974905227175,0.24887076118365103,0.010354370264533813,0.6995432931173098,0.31857016895423174,0.26214314876238726,0.0805040727616993,0.1417547890891943,0.1415030919062162,0.1291090685475042,0.055636810275686
3.900175518765543,0.3577910412339832,0.037156801677941415,0.17898283444655624,0.017442209999662873,0.5932003291679141,0.33415069841266276,0.16229848613999162,0.04639386240563755,0.20027332707562068,0.199761944102393,0.1750820913076027,0.052860505775861634
2.488228038382669,0.28665480596098425,0.05733699255041201,0.11222321529567256,0.026255992063673177,0.7352881723812397,0.31011467785064234,0.24188351094847166,0.12021876888272082,0.2027683983846659,0.2024517789042191,0.1867739598708338,0.0890921318717903
1.6218592643754484,0.2745556555515721,0.03984529904705214,0.12233154665453533,0.0102267501126279,0.7128224525321416,0.3413136959598553,0.2133568280403621,0.09490022990083423,0.1077009127926313,0.10758967270899239,0.10200514415040914,0.06252211978505126
1.0058949860900896,0.39950575560359436,0.04911334031131166,0.21409128523678594,0.01205871136844064,0.7690060482190205,0.4327792300351033,0.2484478083845177,0.05141701248698903,0.1039935509391207,0.10391431765670271,0.09990836510146416,0.06955809460178883
4.53662943489493,0.279159795051312,0.025391632569326895,0.1849251772931324,0.011332067425595562,0.7311692613830808,0.3589549540657335,0.26551462820237115,0.09741953259250591,0.28816562020290704,0.28724517003427824,0.24354956087963447,0.053510112662166785
2.658710329773988,0.31524291517898795,0.06837394437713573,0.09035662648202078,0.012240551559212815,0.5753435006133101,0.2570112899504364,0.23137015034491992,0.07514331039152253,0.19648200987860587,0.1961940757816133,0.1819010153382584,0.08936154584445516
1.9489049004696697,0.4495709043630235,0.0588608127894305,0.08030959596577394,0.01565468725410202,0.7283880408575238,0.42355425237732636,0.2271901062338368,0.13397375897033822,0.12139417854232194,0.12124822014559582,0.11395305275353479,0.0593886761368149
1.1948323233601346,0.32110471249165956,0.037162769621039524,0.17829671118945212,0.01068261468737942,0.6264643546819569,0.3341082455773679,0.2165636688526154,0.08481874537135721,0.08316172227175954,0.08309573552384314,0.07976226571889639,0.05476464139922899
1.2243800904319193,0.3364710887682729,0.04802177635955569,0.1887342106001086,0.015697545349659146,0.7589704138891262,0.4283459823128687,0.29450928914551455,0.11165483340386412,0.11116223558938738,0.11106293193514362,0.10605945163006075,0.06945355296442493
1.7077967507678786,0.38382868938238324,0.020427116477142133,0.17575083588774904,0.03777896660615115,0.6583210951886397,0.374712929940734,0.20690726783635915,0.11468728679466583,0.05090899543775486,0.05085001949993798,0.04789896132986672,0.02694064075095672
4.420506615201411,0.3166651705330453,0.06618893957541003,0.1614438545136968,0.018273905117060587,0.5561107609441339,0.3580588254178305,0.15624897810039157,0.09323302028964472,0.4523073464937077,0.45104379246806076,0.39043956461385665,0.1037671595154691
1.8434105448189553,0.3739627125975312,0.047411062927532076,0.08719669607631023,0.020630657455534322,0.6339943204390283,0.24505585988973702,0.25048794542748015,0.11451949078093063,0.09863529539123161,0.09853297470713053,0.09339682549962716,0.05222970583422886
2.23013431135547,0.3375226841484632,0.02027118518694211,0.23849148697115957,0.043272041260156664,0.7748793346853693,0.3243764137034465,0.21419715724650107,0.09853262510969932,0.08109217270783405,0.08095448711792913,0.07416091793394267,0.03315820046834857
3.3300775026630567,0.33144404523452164,0.014525109852210906,0.08295885606629073,0.027288577103423917,0.6419598853780089,0.3934500047433542,0.18371055148683396,0.13515869103008138,0.054089140897095336,0.053983068590601195,0.04878493166952703,0.01933818064289881
2.411307460945154,0.41968356332590534,0.010626522581407187,0.10417820998814059,0.0389216716556403,0.6051546468128093,0.23632212604141145,0.2351739236474732,0.059802418449901876,0.02332154605234124,0.023289553900489698,0.02169758833505418,0.01079940217081378
2.1426780317151466,0.4421605591643595,0.062309623476912164,0.15167868512530736,0.013478576869976687,0.6824260229136256,0.20275065987761948,0.17417733855581577,0.09712626182475596,0.14459179384545154,0.14439672539983894,0.1346841668598012,0.06753287400550158
3.9733109187854403,0.26570687383019786,0.07647761695032605,0.11900109360553504,0.04600658373069509,0.7065778942853138,0.2550171304423915,0.2668015562123278,0.09230134281781058,0.4858277622168007,0.4846404573306186,0.42717776513348094,0.13404236118901505
4.964188042404338,0.2674442908831321,0.07968655424512698,0.15451873475192407,0.04392625695547401,0.6702140340337908,0.2677515545194848,0.17703522868993649,0.0672796617491378,0.8793998868570068,0.8766033274335929,0.7437970349839935,0.16451728594435944
2.7298997027598317,0.3072311771458778,0.060718882659635695,0.12315507027894504,0.018403826495516657,0.7571050238662177,0.2905316473682449,0.26161478498218543,0.06639187884039553,0.23241824165909733,0.23201194655673033,0.21199098370226255,0.09255120225275541
1.969497028933786,0.37696416456789117,0.07947987586146746,0.24077988718856952,0.044319848164976694,0.7032131733647855,0.38750048164024753,0.17352670511413276,0.1441607055761764,0.2581640387887695,0.2577800714127946,0.23873074140715622,0.11795478277785033
3.0677525344660515,0.3005614563941295,0.07910276927016437,0.22244945818226536,0.019738851288745606,0.7744721748742329,0.4003021711572787,0.16846241812835636,0.1301735385537177,0.5266821740841857,0.5254539457047603,0.46583869685481355,0.15414794793617015
2.420272941108089,0.385801039810151,0.06483125665345106,0.17224436159813505,0.034046988647397074,0.7354498838999199,0.40293454914016663,0.25072538857515814,0.04288485769755213,0.21695017959831414,0.21658149905336552,0.1983910696914072,0.08832047335276885
2.9066403219377857,0.3562607695509418,0.07661576565400477,0.20039414382215498,0.0336452001076189,0.6453896323854652,0.3093046352075825,0.15453296070778424,0.12385521740705202,0.3206946392784199,0.320055801246886,0.28877427275326667,0.11229217039201042
3.3187366883284124,0.43417348496539854,0.04979729346718177,0.1966026797685915,0.03931610739059365,0.6448776787893606,0.3165249236507043,0.18938073152109847,0.12767124891136428,0.18261436611338633,0.182200510234878,0.16207879805332492,0.05869081966347796
1.8490743452966536,0.30527687300324013,0.030064268305806108,0.20547130167666733,0.01720845220100392,0.6674412228811153,0.3649404449037331,0.18071718290725014,0.07111868779710685,0.09846154392557988,0.09833278150029291,0.09191472904276789,0.0494518037144369
3.796593736971015,0.407805897577039,0.06898930385778149,0.10667368930690638,0.013239355761001763,0.618964442630994,0.43397676182770634,0.17433902767902332,0.14030116160202002,0.24241852383340515,0.24185486015378543,0.21449114521590948,0.07783789868631436
3.6561212614843788,0.265430365841711,0.07968472944750353,0.08351497059376212,0.020078024334592187,0.6965136081985552,0.28991140190632037,0.1565352948298381,0.12388435269670761,0.4156169563186983,0.4147276427018075,0.3713474201392719,0.13462451028080016
3.8687377567614747,0.35074212735605514,0.07696875454166628,0.12115066781441758,0.04473518902684521,0.6258036619934845,0.2164140719292904,0.21819344976660132,0.12610996332714464,0.3046087999457083,0.30391722977751207,0.27029656080592207,0.09534549269798177
3.2525090986292544,0.3358179771707795,0.04472312183965616,0.1514067277062705,0.031001798485802284,0.5507820221745945,0.32931785323031637,0.28252683391638045,0.06016297081983319,0.17245186603255502,0.17210651343149558,0.15520050112253933,0.06020247098391512
3.7907718425829264,0.36244207338711654,0.07337033901850659,0.11279665744109407,0.019634042554731113,0.7324458866312672,0.3531542192990591,0.1834945464827224,0.12864833999715442,0.33478814399332957,0.3339820271243598,0.2949316037430538,0.09657659649232266
2.48239391908524,0.33700711295358254,0.03897718740254193,0.15707618232137815,0.023459745087737217,0.651298812844053,0.43254222329093717,0.28314696496459857,0.09031606126253061,0.1341970046272886,0.13397400200258994,0.12296046321640278,0.055927752593658835
2.264523792749129,0.3388113217283007,0.029242534349460163,0.09234948351435811,0.033807465850659676,0.7017751834375543,0.36668155465302366,0.1948284738516918,0.12762893807033013,0.0825200889639725,0.0824061114533418,0.07673585254889533,0.039338168081888995
1.0232539046808646,0.3689668694762843,0.07113926764082155,0.2192398907860852,0.017417631380060986,0.6361255490892175,0.21392328780028455,0.2270722369409744,0.06798479626776438,0.14504974542634208,0.14494838336656182,0.1398151611324781,0.09878969803413792
4.460776307669157,0.352426257246116,0.040027488112863586,0.2070110149262132,0.043228162836786925,0.7006651906369227,0.22385227903797272,0.17875301906929375,0.09385501527051872,0.3089224977361369,0.3079706022128876,0.26265112879787417,0.0608852383573937
4.194690766786339,0.30047114058474794,0.043482279022618496,0.19026310394903395,0.020919426480014186,0.5509395202683358,0.21148112419507314,0.28717662923808984,0.14589668170275072,0.2706319557872447,0.26991669746490593,0.23547716584382583,0.06722516846505248
4.149067811265445,0.36160481085280166,0.03302982229557287,0.21147230973039383,0.04261307182743175,0.6068661511353755,0.3410503598093642,0.2001990123328745,0.13297709556784176,0.2134272402251139,0.21281568700561204,0.18353773659189895,0.04714273425389764
2.219543721081688,0.26675627030530435,0.026276164854945792,0.13518332286217033,0.042801930009658276,0.7535284345018609,0.4340559733187334,0.15977436478315166,0.13601927121978236,0.10192683856308807,0.10177343411446203,0.09416626636883829,0.046136715940754885
4.2167577359126955,0.2637391448663587,0.02500921938866503,0.14045336837435024,0.034749580914775896,0.7501890318832455,0.24861961176577524,0.1551249528805617,0.04604455944427156,0.21544612659859358,0.21485875782136088,0.186637761210125,0.05121360340622898
1.7751750389851115,0.39217969713919154,0.054129995373433284,0.1587127427912624,0.025140994575067955,0.7253208120668093,0.41343788593899017,0.2123965082578467,0.05199094691482498,0.14090597737794766,0.14073374260750598,0.13212973346057375,0.07213542653589027
3.7619324052507364,0.4238783951580206,0.019167084513676668,0.1142207330735063,0.03888790151447373,0.5894561534571074,0.2603741290064212,0.29491234197226157,0.10609554844750249,0.05262062867374185,0.05250615240922314,0.04692722664225669,0.018825238649848468
3.541043960228236,0.35463755596424573,0.060696735931017265,0.16854356326160178,0.02387830762428282,0.7982910707938593,0.349720350346586,0.26567025446906667,0.050003263661822894,0.3396386666625795,0.33878940976081584,0.29774740340090644,0.09095166311594362
2.353819595153035,0.4325622714014088,0.02931257145732672,0.14882054668986058,0.03640464404388963,0.7451374352274363,0.3689080290276081,0.24808742992145508,0.1166674867929215,0.07876711052343553,0.07864173223954952,0.07243834741970791,0.03357070726980624
2.3775873452485126,0.43772275488688195,0.060371827813969256,0.13682833092827326,0.03143901135556163,0.7167401695300228,0.29102863658316414,0.18501938681431318,0.08148473390552569,0.15386657286796604,0.1536317053358396,0.14199134180657935,0.06741156350558758
1.1361174373633003,0.30585804068361805,0.05107610955788124,0.18157211637065146,0.0495619984608927,0.7398690944286067,0.20339488306100154,0.2740851214202384,0.12481951282128356,0.11090591356229747,0.11082090113408528,0.10652328019940104,0.07407902055912996
2.7268581977429385,0.27730812646939473,0.06569755258033272,0.19207018277353505,0.02225329623094148,0.7603047788922809,0.2112257682157754,0.16691550365892227,0.05124744196724204,0.33068497320146784,0.3300613528569551,0.299440837930053,0.12245931652987808
1.4733966368157372,0.36434346042841187,0.03777586607777317,0.08967811160319031,0.04945931371112301,0.6845725718702398,0.21441335775527198,0.15187896437876747,0.08443455518198395,0.07878256358058222,0.07871596488044483,0.0753561379449393,0.04587830229459816
3.1519734238248964,0.30771827276815383,0.04610864461775055,0.22659491084238204,0.04317308307147467,0.68950362829916,0.3883344740637772,0.2536356028821813,0.0648773587460554,0.2855994879175327,0.2849354573225024,0.25269920752047836,0.08389636009088215
2.750916752582323,0.34418833811820915,0.05183714740333612,0.13330215376495846,0.020057980079075107,0.6625059019551395,0.3871925170186928,0.28736959202772117,0.05839777833873098,0.17952994153798518,0.17921317252447994,0.16361038382663287,0.07079718410472141
4.742185570908253,0.2854444900817967,0.0628925683404756,0.12256885751918296,0.028379820609492915,0.7236345834269784,0.3779782496628633,0.2649359257544529,0.14246475552338667,0.5633003610809743,0.5615735232852226,0.4793259625404562,0.11194833806705401
1.7791240183494257,0.35365907737486374,0.016556259076810076,0.08710467302604363,0.03823283686872085,0.5725923432893562,0.39484385217920515,0.28817269316865635,0.14529508177553185,0.034996994401151345,0.0349612789327054,0.03316769676250766,0.019144359913848913
2.4322531275842483,0.414536038186033,0.03763823850357876,0.16497054968104266,0.02139564527694581,0.6196534043113862,0.226382968615545,0.22878328282388002,0.045644553782934374,0.09859871866270341,0.09844792110860309,0.09097476030139703,0.04311322146090334
2.7935030391205586,0.36472887410352395,0.06850869059817855,0.14912031933202802,0.036420639703875594,0.7947730559028718,0.35391730345117567,0.18448014840239102,0.1150197577637736,0.26783809978061773,0.26732355416378734,0.24208181929690448,0.09736881657808513
1.1230153539949235,0.28682029197830616,0.03904094609276085,0.1347771866580021,0.01120854620757038,0.5527510419165946,0.3739400123390176,0.16635605806112294,0.11146519922060844,0.08394720890838606,0.08388976208131685,0.08097941187817484,0.058552980511825205
4.573446862736755,0.3784911871582667,0.07492942878130004,0.09299484951032182,0.041905765307070096,0.5793778621930342,0.3974754548640318,0.19136301106462233,0.1189400111495981,0.31136411678711423,0.3105365375348111,0.2707041733956362,0.08639212161529092
3.747738723653757,0.2532799465782427,0.06907364810865892,0.17241331165141233,0.03697648370667994,0.6319256729690419,0.23708925344223608,0.1875775978548736,0.12642055067515529,0.4788549347447514,0.4777043752658323,0.42196088986865793,0.13501791860135132
3.721257896034326,0.2847133261144431,0.07568408517305393,0.08459001061705566,0.04863355156025163,0.7289427097413347,0.23681867549383356,0.21343291897088304,0.07424393573071397,0.37272294142734236,0.371910973305688,0.3323432830085957,0.1182892537625576
3.9452248786585065,0.3755746724876292,0.03943606767768418,0.21848688824052998,0.018072288284447603,0.570947382397721,0.3508510469175652,0.2613908263416519,0.055298948709727375,0.22155719527550996,0.22095498538524294,0.19201480527916692,0.053717757267490826
4.8915091405908795,0.33114185307770366,0.01599674592473023,0.13206144110818,0.02779863117375638,0.6184322388976476,0.3678043660595137,0.26249275407651024,0.04446404860456532,0.11147813264599783,0.11113809175422827,0.09493592490244096,0.022435619243465127
1.2576849100029053,0.4402015396654961,0.06934133489395672,0.16158480863368066,0.01228177735610163,0.756682445159018,0.35263195744674075,0.17493570709335055,0.07466430733350807,0.14438203752487802,0.14425695861103235,0.13795032638732746,0.08310951659325165
4.451738107572554,0.4184528367320376,0.04697262161216354,0.19930967972654873,0.02807907682544429,0.5752191427731583,0.2879838169660769,0.18595929477948253,0.12472975144641452,0.23006459159763354,0.22938865359377625,0.1970887028726438,0.055667178852351104
2.4300728603913657,0.2536130046440085,0.014134109591087296,0.15054312039486134,0.03586201529414339,0.763911196266825,0.21869082416898708,0.21895202639643407,0.11825642966975813,0.05742584195786872,0.057334478072890334,0.05281394500152553,0.024842322165578627
4.251112380593595,0.2956209934313094,0.07101225711995768,0.16452872297668836,0.02744694035093765,0.5659047147272511,0.24597605038592052,0.23928872706755341,0.08463410989091814,0.45117589686178794,0.44999352839530227,0.3930300425408145,0.11339780542272349
1.0584325386195952,0.33666960409614244,0.011120859648821854,0.22096321929395135,0.021752605473295945,0.794356790523504,0.3314240102147442,0.20057535209299082,0.11533804527990585,0.025576654026250926,0.02555629852160366,0.02452805833295635,0.016821873204488632
4.501720691781563,0.3348257142037141,0.03422325770064734,0.08554467054841064,0.03814682952407735,0.6333361579759645,0.3155735690314849,0.28517699434725696,0.0877926656404058,0.1593109311815174,0.15889932222453546,0.13905015592005623,0.04266763705386086
4.845296795370407,0.3332891888201842,0.06233432050412036,0.1291485353111858,0.011853650725565887,0.6910596083061353,0.31266638662568286,0.21773967095510274,0.13640070008336183,0.43613379043357453,0.43480029748359755,0.37127423973056944,0.08715005842676658
3.002840444958065,0.2735657169758424,0.04754869895929725,0.2001675693412457,0.03579550837238391,0.7829094256031918,0.4175511968718057,0.1715508910837319,0.09943535336950726,0.3190847883465803,0.31837121066368435,0.2836501204019773,0.09822323819511089
4.178376208456243,0.4146832283484911,0.03637343231284781,0.23215683052545882,0.03375657011659883,0.5626420727274474,0.3683934247777104,0.24823587863244936,0.05518045069237389,0.20142729138894874,0.20083577858316193,0.1725690791512966,0.046051554668500964
2.0286780472518395,0.251461518953833,0.02516985742617419,0.1204806306547108,0.02978358687401808,0.7651296776495938,0.2248427004458638,0.2010184268123375,0.1156496626250483,0.08208660854277663,0.08198206496986007,0.07676654274461747,0.04197655956058138
3.2194075553890804,0.3906868849591022,0.04355317570303855,0.17570030109706092,0.02688364153392378,0.745106545669749,0.2085350355382498,0.22761159510860984,0.051069742721771914,0.17276957813816454,0.17239629395621517,0.15419751610981386,0.05644956330263871
2.0584087190904237,0.3612361684675022,0.06248395286961138,0.1435440382695385,0.011761046280558579,0.7426991731876746,0.43578771639305636,0.19086459845402182,0.05014818325392183,0.19023814580754997,0.18997057280450927,0.17666786425082268,0.09061254885963212
2.634187165890677,0.42365491405768857,0.07975960298743645,0.1842989599467708,0.026289817036778136,0.553255728686614,0.38029427362031976,0.1952749750796406,0.11672230964567445,0.23053329673773157,0.230134081422366,0.2104536063868748,0.09279813249492916
3.7097760575164553,0.30345158904004443,0.05760779181773385,0.153329861679108,0.04552275067237692,0.6037698234247368,0.34380401576454966,0.2538773012943601,0.049367624609417037,0.31716546843571464,0.3164180149584083,0.28016152101174957,0.0916276206095829
3.96552842069916,0.43789037907080786,0.06940278828263467,0.139203068001259,0.047746371939827746,0.7079099455335192,0.2630720204890027,0.2506170775129953,0.14797384301418048,0.24008242901317617,0.23947680378792155,0.2102254579316973,0.07309233706794895
1.3123995898613163,0.3935164915408609,0.05149599833794144,0.14110263434683734,0.04761680868638567,0.7556578839484642,0.35171035082896196,0.1543374861677091,0.11853042429070135,0.11211657243384687,0.11201815093587829,0.10705711443164662,0.06673026002948963
3.86458462308686,0.3038578060763187,0.04683615685281664,0.100373006879166,0.026418973178854353,0.7375685488736528,0.39108446118857804,0.18475243375071954,0.10253448206422242,0.2727378218005322,0.2720716378016958,0.23982885745745,0.07530138720798171
1.0139441403542617,0.2955754431194227,0.05253856547718964,0.08110537795997812,0.02951644151894694,0.7080499304528984,0.36730296011449104,0.23867121167196842,0.1436629039062021,0.10246287220825491,0.1024003921677892,0.09922887222666855,0.0743286665081771
3.043416368973518,0.4233370049760534,0.04890448237105088,0.19833748782240984,0.01420001296766325,0.7141102770755328,0.4376852363334477,0.16622410326037218,0.11574261155961929,0.20025679727920254,0.19981356760860217,0.17823416656611338,0.06382065489862893
1.5372210440084277,0.2795867581524616,0.01857395405250239,0.134166926914548,0.04951136048482678,0.615464926337576,0.20076754006474448,0.16323173072979,0.10025528821687404,0.045831505383333214,0.04578967814376958,0.043683247361400446,0.028345506826620626
4.172615256970849,0.3236373014767078,0.06303599677096196,0.10224468974457875,0.01708333320259134,0.7681138415711638,0.42106518826033734,0.17183026268815818,0.06411228546384054,0.4128388543824127,0.41172239628402635,0.3580501932335692,0.09927890066007115
4.886598250288333,0.2818173308759896,0.07777820684017718,0.09491829170510196,0.03522751493822414,0.589107852328145,0.38248463208777117,0.2000428263824478,0.044984838800804165,0.5736195442431682,0.5719857696235332,0.49373459650570894,0.1278596103233466
4.72807904723738,0.2624584048355405,0.07487181295054754,0.09799853303725276,0.015168558378882903,0.6368651711416867,0.30968255623515767,0.1832735201288666,0.12941177366263076,0.5710124113215863,0.5694314657370104,0.4935554610123632,0.13273312735391293
2.873456963733804,0.26444205680100374,0.06077508250611111,0.1282385937118966,0.04297885881515624,0.7998725014312862,0.21936725169913743,0.19743543631814903,0.13871438996149188,0.28191805704518236,0.2813965103765298,0.25576412573962587,0.10639208414078004
4.782086350450114,0.4298015190104682,0.023325560159379404,0.1334928276919092,0.027272674774637816,0.7401639620547575,0.2545194729424912,0.15639355060068758,0.09325320475843207,0.10863699078776079,0.10830549264612548,0.09251082974018887,0.026613476467375392
1.1420097146755546,0.40280698385924935,0.053460517475249464,0.16883381115497026,0.0426853531010396,0.6199012100754817,0.3984671136823922,0.27876981593681605,0.0416480573192355,0.1054638048867031,0.1053836555163263,0.10133118149183326,0.06528112414614332
3.1594589901757217,0.39781952771802065,0.017707053185297857,0.19553222287838684,0.031772855896812675,0.630520644045277,0.31371349861379744,0.23837216567889596,0.1407718079015553,0.06658537014099093,0.06644288784988388,0.059492699164771436,0.02201925713594749
2.203897747514298,0.3652769329959518,0.03616071825977264,0.22436406630682937,0.014599037309551078,0.742203511058127,0.425585191119197,0.29865969884046445,0.11959182539064031,0.12757359014161357,0.12736051388317562,0.1168395263778371,0.052930622079674
4.527513006095455,0.35058920395160337,0.07001839111418603,0.08234187361619545,0.02190118318248184,0.7465851208372721,0.40358285714992004,0.19411495112746566,0.1101705879184105,0.3933428261977288,0.39223911929303723,0.3393185719033057,0.09309233964107909
4.282943280381248,0.3927545640874014,0.06156835355596893,0.10515478417927121,0.02213631975335685,0.6850109796867764,0.31125278853419713,0.28779724386049593,0.1367704787047054,0.2401340471973764,0.23951035384685768,0.2094443008261038,0.06801923712079806
1.2529720904991217,0.2935105565462514,0.020989448929105148,0.24177537621505063,0.03818433795111428,0.6422276339495916,0.3192177652815065,0.25578919193038424,0.14210696266488848,0.05207412414560835,0.05202675514937197,0.049641054095309584,0.03225707364586314
1.3528722728452982,0.4097534418952242,0.05327276753596273,0.11116661721985296,0.01116306215904128,0.6019728833164304,0.4026874605343491,0.15585497405099727,0.0851725304505015,0.1061309405723754,0.10604387553723384,0.1016486767255557,0.06068417384331117
1.9546492873342207,0.3760855605460597,0.05978741833895698,0.10372796640247693,0.02861797733837347,0.7553285592416508,0.2840655232737125,0.20091412065566278,0.0711325527277579,0.14803349961705087,0.14785399795060564,0.13888468901997428,0.07478934398105341
1.4590434284283718,0.4211749477629123,0.024611608395818094,0.0869456690153634,0.03928003698913996,0.6805544515599338,0.35513135908002647,0.17766581074832732,0.1437956480596363,0.047356796562538016,0.04731556587264613,0.04523689925525704,0.026111795657405644
2.730862301914282,0.3226291098163697,0.020585178233086428,0.10575596397455723,0.028894821714807457,0.635394207161047,0.2400235476410391,0.17139887629440448,0.14234188988720212,0.06447934601956928,0.06437727905848319,0.05932611952644083,0.027792535433545755
3.2591963357600817,0.3956123890609289,0.016084597097891187,0.09161575319574401,0.02036174456819779,0.7013131990338666,0.44848887586344544,0.24523314843188876,0.059042342347090174,0.0536087619844683,0.05349966000949381,0.048163301141828305,0.018959874543884404
2.017796240161002,0.44279006816997624,0.022885434633314182,0.15583387350082073,0.035472359905900815,0.6685198961619427,0.37553944104209686,0.24559497695492877,0.10533959662543882,0.053484495487705876,0.05341300576623413,0.049852341721804284,0.025194303208524414
2.7199900188346477,0.31158540887466324,0.033154868264724496,0.23327032757794236,0.023392417938027814,0.7898256223481361,0.34604923502757695,0.17458840830058212,0.07656324247235308,0.1848249520729282,0.184440566739437,0.1656613227852576,0.06179275299949186
2.7001574865797657,0.33010537153651454,0.04712165105520744,0.14014250714883172,0.03973725552098983,0.7959137455912905,0.3050236504398993,0.28749577247249636,0.10395667245812121,0.1784410367586969,0.17811809000094264,0.1622297270114487,0.06878267815140982
2.7627693669453226,0.26958236744898245,0.05388479274578244,0.10927190998140224,0.01727645212994459,0.607905913282788,0.2575790238477678,0.26359576768054316,0.050443030437954915,0.19422004063897455,0.19390963331863598,0.17855408203505369,0.08369941447585644
3.3743614123915338,0.3163097212637785,0.06094632200559742,0.24332506093779682,0.011313703286861721,0.5744301314224944,0.3310925876094759,0.1977804521105611,0.14976453974591616,0.3681952399924833,0.36731327408710285,0.3245747701201963,0.10421990925577292
4.134704240947851,0.43950632836334025,0.011258600712172573,0.1309412555550173,0.02172761095180842,0.6986975891000324,0.3686151577301805,0.25740070890397543,0.08721564005420834,0.04262355320281432,0.04250976755694271,0.037034771906947796,0.012183065078803425
3.2165749460370967,0.31437586008971463,0.04933552586992914,0.22169104469920992,0.048603328114940954,0.6100459330081964,0.248070257951724,0.18689060234139307,0.1013754356781055,0.26152625113350125,0.26095102770186684,0.23293527314147922,0.0820846618832965
4.700349074263253,0.4478536310621925,0.05988720589819235,0.15388970576850697,0.029592713658521987,0.6259954504251424,0.3780344538351019,0.23499709108352673,0.09793845897263295,0.2550993944499701,0.25432194049285173,0.2172755328165207,0.06430420979512812
4.6435281521068426,0.354141454802409,0.05906509672558519,0.08370107403110252,0.04466993939597416,0.6063757372044907,0.24425887041435645,0.1752334058069172,0.1492352700493446,0.2403720413325918,0.23975704705890472,0.21008070110579302,0.06882762363877608
1.9229925774856584,0.3168903862195976,0.04814854672349327,0.17544262022222096,0.024781558845245626,0.721239107627306,0.2860332636797537,0.2701673834538084,0.09173280435934396,0.14374772754315376,0.14356001395808993,0.1342031314454464,0.07226845863113014
3.6898384911644344,0.3733839303572068,0.038009001901332364,0.21614145536904217,0.04219911123780938,0.7596250855061853,0.23545229556778746,0.16941576055921861,0.11156080606324506,0.2259601536858993,0.225361052110659,0.1965207162937268,0.05587923774935367
1.6620651848864942,0.44790576234715473,0.06423635730823325,0.24696743604049343,0.04900628839039824,0.617777088992333,0.37549676294607726,0.18647884006477292,0.06973604636195192,0.16001570548377045,0.15982035269451506,0.15006109792189026,0.08042408192710984
2.962133956026264,0.39496160872419417,0.018969863136931976,0.21545195711808618,0.047860042815299854,0.7579995439031069,0.21263489972722113,0.15106343390658075,0.09312986397167074,0.07972692541767226,0.07955847046084878,0.07133562248664095,0.02637751094597036
3.9768065471658605,0.3141772267403208,0.03900273485476788,0.1313470542457298,0.030178033806076747,0.7042160119219643,0.31429854580476085,0.2971955994664295,0.04196213643905639,0.22502279867552047,0.22445246376429223,0.19691413965590868,0.05918453745197138
1.174160554640808,0.2699550490579775,0.06747327749815915,0.23338638334423012,0.011051541017597413,0.6938305622964642,0.3562084044636768,0.17476540974945623,0.12322658036553774,0.17579109929217102,0.1756384066922007,0.1679399205203958,0.11127272665599934
3.0705254591928295,0.3590983005499076,0.024305696580765417,0.08743166807251006,0.012374661213471007,0.723840761610107,0.20419682136802564,0.16779455174146832,0.11475258227317311,0.07607221001298953,0.07593659675167294,0.06925998661754469,0.029834886075532578
4.029972059486154,0.30626860475046475,0.025414693694000838,0.2188694243651012,0.04800305332480591,0.7448010370233775,0.20970646157539966,0.28977545962909357,0.04480460124045415,0.21245682789266518,0.2118472487040004,0.18266665476411315,0.046834450012995285
3.3824179192149693,0.2967104143012697,0.07431555575125368,0.22176707174166638,0.04098809211348052,0.7399730262164158,0.26755790105896127,0.25814694145854583,0.14131801708413505,0.49515472256586884,0.49394137265022703,0.43522811426409425,0.13614332883319655
3.3383962354828243,0.3466198298012,0.04755590518408833,0.09174696740434003,0.016292901224596274,0.6715193585041148,0.34578337958817973,0.17323161074010698,0.11384133313167674,0.17533079403972543,0.17498159321721493,0.15788235781597584,0.06202277621009793
3.1951472813375914,0.26508262456211995,0.022834340450932362,0.12590693055196417,0.020525019294163265,0.6820992365484245,0.3405603440330266,0.20700931067851006,0.0612730704144005,0.11799973901809853,0.11776182502972551,0.10611935227443205,0.04079446958150535
1.5629959965815863,0.42559967566731444,0.011942359697394734,0.11981319734340581,0.04799402997890369,0.6014924408349889,0.4301726920162421,0.1719234417908687,0.13920119760906532,0.024309591929013625,0.02428604866002705,0.023102130715373967,0.013071584672198367
4.303160876594406,0.28690983392668723,0.07547188378526908,0.16717040278469703,0.03324467229845348,0.7086072108563134,0.2220886621914286,0.23668472737131097,0.06731394591973469,0.6079979741037074,0.6062843287090431,0.52414495732697,0.13766206896961977
4.596753470556417,0.3877100329317845,0.05484604837903317,0.11207702816560677,0.0331241825565428,0.764092457619163,0.2343964531027961,0.21369563605203043,0.08380395835656157,0.2665818266296121,0.26582104849260213,0.22938815190358566,0.06602936992963725
3.60965352471979,0.3289763387054143,0.05001010370606976,0.08549342769953484,0.014320232493005208,0.7657064221641452,0.2791870184916215,0.25205550521651726,0.11337950010690401,0.21149219147339765,0.21103049625269,0.18853446644269878,0.0673202847810493
3.5462771611028847,0.34270643542817164,0.07917524001296987,0.1395429803587761,0.03996563813490707,0.7646901365206652,0.24361988281988095,0.1624853844331202,0.05032007788090787,0.3912015702514686,0.3903012202479171,0.3465659364118861,0.11640726298061968
1.792856785291683,0.2974068560116065,0.019133039269245023,0.2032446132129465,0.022004934735840594,0.600049402909942,0.30706647424471334,0.19851633063955954,0.08567306412714307,0.05762612610446486,0.057556390469742084,0.054071630963820595,0.030469881689455202
2.4473795236968883,0.44318888164830095,0.07993797279093288,0.14998979824548214,0.03969528713113361,0.7157332066988575,0.23690465118434814,0.19907693618216712,0.14605680038123778,0.20012007811403792,0.1998047025899506,0.18419434080261832,0.08614144993310018
1.2657364728805658,0.25428004498123186,0.07582365436542124,0.13007201200470062,0.03447139419812336,0.583830932321831,0.3708669812869751,0.1527700928592507,0.04834126074496353,0.18421211783658198,0.18406915689040226,0.17684387479811584,0.12242687039659066
1.7767391432127135,0.33068815631998644,0.035936744524041206,0.22078566447679698,0.028243556489674637,0.7056793625392395,0.2542805196733568,0.1600055576010828,0.1462808194826116,0.10830890634399418,0.10817195382022596,0.10133797577821578,0.05565246787349052
3.3151354911981876,0.36316505134021326,0.04765013349248435,0.15791150097830087,0.013211362549418976,0.6304730989647643,0.27696889751724924,0.2517544676783245,0.06019425816953283,0.18536574148049362,0.18497576923736347,0.16593544096523455,0.061983497051081575
1.7361382798900145,0.4237322536421939,0.06621834530153806,0.0862267621333816,0.010144508871811496,0.5887567629692548,0.32388869140750914,0.2397146395918065,0.09211159324649712,0.12514950153457421,0.12502697444283192,0.11886716658943422,0.06527363770310357
3.124340638176224,0.3686906313190333,0.02937080309710803,0.19791786401840347,0.019848510045601085,0.6129766399063666,0.3237315112012257,0.2654648092087896,0.07785590505078585,0.12020194649702756,0.11994790023217686,0.1075472465173906,0.039655690354201446
3.2441382763249322,0.3789298723524974,0.053517871358520826,0.24773386366114186,0.03225776416123439,0.656351337771593,0.3461475718234507,0.2530732601260786,0.08772534188003157,0.27534994857699363,0.2746887182532682,0.242651667687327,0.07769144466112565
4.815455761783997,0.4468275510839455,0.023968949412016112,0.23739842205129225,0.03517438512439033,0.7834035661766654,0.2322992724335169,0.17145095449120878,0.06315758869281149,0.1786679431464976,0.1780273605216622,0.14792089807263595,0.03078817838364055
4.602576119937444,0.27178864004191927,0.020162095368337914,0.22882991132491498,0.016073022000334024,0.561129708948739,0.23487070254182565,0.16578279553165756,0.08278190641719935,0.2211059600726405,0.22042022556851998,0.18778940376680575,0.04311891082257129
1.9594474905803838,0.3706680822592493,0.06170725437354027,0.12346478201387706,0.014625629668986444,0.6714642134944413,0.4311974243409633,0.29056293723084153,0.11867537404456913,0.15347959975656428,0.153286188334161,0.1436338146366888,0.07689297855862806
2.1661327965580863,0.30168956720847095,0.07396327369736605,0.16833161648337963,0.02020249163329793,0.7360249839535538,0.34478299949199065,0.21884689389351047,0.13157587691066627,0.25908705311813957,0.25870114566585806,0.23955665469638227,0.11823998103578574
4.223725095600816,0.3924155901289254,0.03211903230365291,0.1441257541409342,0.034615058979686,0.6664995027238402,0.27875007839612026,0.23151064415762024,0.12415733493563785,0.14260622612567067,0.14222559164971424,0.12391049935103433,0.03810204966541119
3.3416710603962225,0.31399522967977656,0.010786450613287873,0.23515490637390324,0.03767135780769096,0.7957511478056554,0.4030008486529225,0.22160546438441409,0.1056669992267969,0.08280618876493213,0.08259071682377199,0.07220487494627473,0.021016676170524298
3.6361778574861003,0.28916127421567006,0.07254200491544714,0.17256415211770046,0.023772455203396485,0.7449037239976561,0.3964093234600026,0.2679339999023772,0.08848453536670614,0.5226097979512637,0.5212727500506891,0.45675377084249347,0.13573645416037472
1.5060475130129145,0.2503668035044093,0.02776115451804969,0.13715942880197401,0.034019502266387586,0.7428802577996592,0.28944085684912646,0.2515694328618128,0.1432772699934541,0.07347383063778994,0.07340194401811492,0.06978792487472062,0.04389421942077719
4.238112577625964,0.37259140605803265,0.03653376401553063,0.121877739084989,0.03884696641840334,0.5653478319669313,0.38518561140858076,0.1782243272287724,0.08608355274676621,0.1606403891794419,0.1602303557414467,0.14044125682780448,0.04504971640322356
4.755707260346293,0.3687380752974695,0.03401805535133466,0.11016767198566481,0.025036014950584082,0.7581973369365218,0.4032402352039107,0.1736403273122628,0.05508761679535592,0.22361444419992857,0.2229239447489617,0.190055002843107,0.046235680565255184
1.3024694069781038,0.2801719574994696,0.050439263118662016,0.2463134702340759,0.022471179136817447,0.6181060543168183,0.3207205117643552,0.23014139164954794,0.062305080436128216,0.13469921846852675,0.13457225111994184,0.12818314293730293,0.08200294962372438
3.3290965466357165,0.3905640340621125,0.06678138790705396,0.1929011971703682,0.02078470519891854,0.7233703266713342,0.4128655919544918,0.19296084572996763,0.12891576781790343,0.3228693543705159,0.32209551214126547,0.2845978357777023,0.09207358886995518
4.8428524884063595,0.34657877527188663,0.02879030402506364,0.2439316298581033,0.03712105776663974,0.792451264357547,0.38681397227354,0.20896405581577746,0.06276128718042288,0.4206827665151609,0.4190884950463564,0.34455055012271657,0.057036896684374484
2.5735910510524573,0.25198969427918333,0.03697375259607688,0.1907041594885655,0.04527232021783978,0.7317789691879523,0.21593083330151816,0.2164503410587152,0.0852331049162501,0.17544284106586766,0.175134409265941,0.1599397493057184,0.06949943443226912
4.978977796602941,0.416968006085543,0.017125240795817155,0.1998008997389023,0.022825952322727553,0.5542615811800997,0.38119576103714004,0.17985942048875078,0.1359173464028728,0.10416899490571342,0.10382044641957205,0.08733845666140902,0.02072560175025852
4.921001321681323,0.3727067639554503,0.06608719303429329,0.17749324258941646,0.027853909566929617,0.7112332826306225,0.4139215182609638,0.17913456991119922,0.04322339163757165,0.590160115491804,0.5881222571239842,0.4920210134793625,0.09617442380162314
4.231978183879,0.28931831403458497,0.02660390447164012,0.23047368023615555,0.02315401454323477,0.7472806391568774,0.2780263514364172,0.17595139470236942,0.06446806297703211,0.30497546212918253,0.30402483747578984,0.2588073594609505,0.058984771130805996
2.3643002591134987,0.3664953978182267,0.024371426735394122,0.09576485948745066,0.03428910920935639,0.6562366897780874,0.21197958256980848,0.23335524509081612,0.09934958469185193,0.05975345567047396,0.05967280983926405,0.0556574692884104,0.028137846206035832
2.297661407877492,0.3824968650473377,0.05574936125079056,0.1741935886988844,0.049890727942336795,0.5956097859499518,0.38071006644794514,0.22635833685556195,0.041345483828526465,0.16436161033253902,0.16411235762786333,0.1517558507354907,0.07281533602803028
3.694103499491208,0.41629674133136985,0.0479106886615876,0.14317017625688827,0.04713253093715336,0.6063284761515338,0.4121657072615281,0.1535330824814171,0.10067485432054617,0.1805984205889925,0.1801718997524383,0.15948547943941438,0.056465331167467964
2.638955297539146,0.32920367994004,0.026075609072368888,0.09535129617604729,0.021469372098876,0.6098254994775719,0.3348057851548626,0.21762844582626478,0.08872515357208074,0.07809235254738464,0.07797272184901677,0.0720445009347764,0.034435070309518825
3.8117726696478664,0.2919382448167949,0.07682099146157613,0.17993883633519298,0.02651754741211898,0.5674938533085659,0.2625281809793464,0.29399996229070174,0.11068792430256444,0.44123185330041675,0.44016430515221383,0.3884649875437484,0.12331581248034104
2.767330427931208,0.42607596727039876,0.06651369845516587,0.14958409908925743,0.028141518691504996,0.5535945018877232,0.21432035488208254,0.28013958612140333,0.06418421390735429,0.16060304942926237,0.1603394684654824,0.14731491597720614,0.06794976280917948
3.3073704292387323,0.3887752885803658,0.023440866891249218,0.21288298913982173,0.015919596363188616,0.6013354102213976,0.28491979476789786,0.157367219183786,0.12503345781614505,0.09999500281459323,0.09977013391458035,0.08883204529111938,0.03117158267311261
2.966526634564513,0.40980859089049504,0.016690606212208338,0.22680006754466803,0.030440669018228166,0.5556794675940023,0.24348444691468354,0.22389723136753975,0.05024104645524892,0.058072590583719455,0.05795675928314532,0.052285304824639244,0.020699201864265653
3.9048371495827228,0.38256094888870895,0.06228659128383247,0.09346997242828264,0.03774416192711793,0.6204354998057171,0.2850660453675571,0.16355888320063489,0.1075025918864281,0.21303943254802757,0.21256351902458617,0.18940519475800766,0.07102130327147167
2.026733162126998,0.3567142869618541,0.041849914010187776,0.245197862920513,0.04607416615709309,0.7865486151372915,0.32717646632971287,0.19586294203233798,0.043563003032756,0.15350824390094062,0.15326817987479682,0.14138183347381025,0.06736414434074892
2.835042886420316,0.34464932093328676,0.017052065666723983,0.15427050538667658,0.032181699205186834,0.7614932901275451,0.4384687024704842,0.28091780077595885,0.0916588141726296,0.07155704481027571,0.07141521102848616,0.06446834925628432,0.02518754097769191
3.8069244558602873,0.28022396857008414,0.058422337952555775,0.1508594246127948,0.04722524345506301,0.6477047649016492,0.4494881376613087,0.2896159880362812,0.10939992864161269,0.39710062941334584,0.3960946946986487,0.3475219490035822,0.10451904348630485
2.072653796703754,0.26130531611717345,0.05783706895667832,0.1678790569833461,0.011023079533580978,0.7643475454484655,0.23322717738720322,0.2268703028514913,0.04988837359202383,0.21008698857757252,0.2097934541000357,0.1951965045556568,0.10065615325498171
1.1886109612247424,0.27380800194255267,0.059946266635216724,0.21037155354468906,0.013754471431276324,0.5755046499668853,0.44131186463689953,0.21060261397273017,0.1330595711840108,0.1463314346801517,0.1462096172709495,0.14006200366534444,0.09440464133962248
2.9125017057833102,0.445891089294973,0.06765994575186654,0.18645109961162393,0.014511578667826205,0.6943565532877678,0.4284195554171288,0.24121184367039178,0.07831724272692925,0.22935388173484034,0.22888051783003655,0.20574472860195991,0.07997431579885406
2.0787300944937694,0.3408744645964201,0.05137349397586353,0.1014737388209996,0.04806128957223584,0.6806772047871806,0.2963327661678926,0.15572865847365785,0.05081505906940592,0.13878136478364608,0.13860848182669025,0.12997735118640735,0.07027500149111228
1.4862998829558682,0.3680931823981773,0.03157403242339298,0.13735351935500367,0.04960920268470804,0.799592145046852,0.3479771085054364,0.2866866023227096,0.1158230844755426,0.07208785498570772,0.07201530850868892,0.06837077631024491,0.041816642257800456
3.309744208604007,0.28214699899323337,0.027149433764439512,0.16193633483137967,0.03304417005856032,0.6025050031643526,0.4362473299471671,0.16118354526824083,0.05914602905260084,0.1571340466200984,0.15679045231650832,0.14005042828644698,0.04965482272301946
4.127204238783667,0.28114132924989527,0.020876377164828118,0.20753589993382288,0.03737935397195965,0.5764867341479107,0.2999321564044949,0.1613919877244508,0.054053227217733014,0.17801724866924756,0.17752465011992483,0.15388191109281987,0.04141397443241297
4.034267572851188,0.2763358407292502,0.06690947660564898,0.08022510396934644,0.010782158358946182,0.7334574806987,0.29620853001796094,0.19700083941832924,0.07293683155873734,0.3949289865381682,0.39398297190124315,0.34814081403477665,0.11178536209869815
2.0233877186684177,0.2766616307096052,0.05360111170189848,0.12176837642599894,0.03995196110350728,0.598057187598859,0.22353663790665124,0.23511991825183945,0.0497361471240261,0.15088831112459145,0.1507108663062093,0.14183588020390658,0.08123040829009193
3.4156953329359956,0.34863515593869715,0.06598628385251323,0.15265271539520392,0.017009636944716938,0.6427879447623763,0.42651093291205666,0.2597955600929967,0.11051696603154684,0.3006590865125178,0.2999798026884176,0.2669470105040429,0.0914412625156411
1.4364750713441046,0.40527462732339825,0.07428639772915245,0.1143325194195614,0.014791561689939968,0.7871638780178061,0.43728163221597693,0.22053843997908018,0.1357880302094422,0.15970642609932428,0.15955302419156428,0.1518373169478043,0.09031823158900243
3.1063012011886744,0.3672801317326216,0.04789306820855399,0.24106813421133616,0.015419129857014123,0.6745379247655596,0.41575181126677435,0.29241397561789706,0.0726615858719587,0.24822610045157548,0.24764601413304624,0.21949359641950855,0.07246198571048526
4.598017234514267,0.43678758445934296,0.02191624231104657,0.15744835243897792,0.038026825637556334,0.7697663782315932,0.23943867844986086,0.23750525659437324,0.08258690324690357,0.10500764278406804,0.10468589774707965,0.08936088999605277,0.024888610709805453
3.342094500677713,0.40442428009302456,0.057715239121690194,0.18669234821079778,0.036214975327464226,0.5589329761922537,0.3606716445140765,0.1529520381128819,0.11941293130328468,0.21908625643912943,0.21860489932046748,0.19515938223154583,0.07159275247905068
1.491524502696607,0.26925270220492925,0.0464882062320767,0.13624916900331713,0.027688949329543508,0.6546816857942668,0.4073347843512328,0.21942430119598472,0.13764356396422575,0.12010033838971071,0.11998460960341162,0.11416422739448058,0.07231094109216017
4.963974372664083,0.312122344461673,0.03268904727158656,0.1349636358403051,0.03535321523229451,0.6045514920824113,0.21132691425428968,0.28372145605636895,0.07154060021076669,0.2142471073301699,0.21361671941340846,0.1834967306274404,0.04544042862686439
3.9880897606449524,0.448603755582342,0.05730203367212548,0.19465693411938267,0.019547313150926095,0.6190878867796856,0.4270209833043056,0.18853230067781884,0.1315724166866924,0.25212283764088445,0.25142454353992655,0.21791142299990596,0.06643468303029801
2.25149614191816,0.319570782530417,0.07059011473920723,0.2380416730475503,0.032604542444105045,0.5845524768578348,0.31895922769931023,0.18432820590889964,0.1364379675648031,0.2605544150251323,0.26014040994463444,0.2396550362128054,0.11283726099603822
2.928143724331682,0.3231548981273935,0.023004788828463952,0.15019708176894742,0.02454167232718755,0.7936361254646043,0.29264842502808175,0.22531664036200652,0.07237297146908217,0.10261180359165219,0.10240846492035695,0.09244903851723699,0.036127676777081195
2.253184265649807,0.4077723927279553,0.030938584929178427,0.16276312094784362,0.039002035025026416,0.7607315074527893,0.4160007441430311,0.1977623346368176,0.14955645061374012,0.09212810308634459,0.09198220140268061,0.08476185840491342,0.03953107441065247
3.391512150564856,0.43000876229114066,0.03440527628363796,0.09718661378636331,0.029979188606375273,0.6091781376081434,0.34324627408286995,0.1547542248564721,0.062069541019575916,0.09485071840730545,0.09466300434344065,0.08546824824008616,0.03623199190265476
3.9927184087945355,0.3847995526179062,0.033712465984962386,0.1703657520213646,0.0336757691323935,0.6644569107067858,0.34150337313088086,0.22272180584383944,0.14082005647615367,0.16847538472299353,0.16802593148073885,0.14639870929844162,0.04306373679832058
2.1000218694422212,0.3569994348566947,0.06219068841885576,0.21469973150617072,0.01794489918499942,0.7727412370443363,0.3201677186345883,0.21830082953268864,0.09769269164295102,0.21286032961562454,0.21253070159703422,0.19620326812442299,0.09416531912680527
1.8451903787042507,0.27084649998255034,0.047028683295927264,0.18762346922858153,0.02113058294473675,0.7000959268878583,0.3288296889051188,0.23591364310700041,0.10361079062816075,0.15395054641155692,0.1537537576996429,0.14393746075358144,0.07853154237996264
4.70798248925628,0.2848866058715184,0.07392564305103874,0.13217251796837817,0.040654284654487005,0.6743173498588974,0.27292129681714483,0.28883741889376147,0.12035312122957037,0.5767005940739898,0.5750127930814627,0.49433697448661,0.1233316138246388
1.1565152348456769,0.2518243568555806,0.03241232977303694,0.09594235307841081,0.03110705075804005,0.707443127782147,0.3640476511443427,0.28610230921897795,0.08740267095426742,0.070647950038524,0.07059772858396081,0.0680551935171428,0.048592624937355264
1.5183789825543745,0.32787375661612234,0.058756021881178254,0.18255053370030933,0.012328799761163196,0.7919811913796364,0.3975903409425569,0.2785685431743019,0.1275377044578193,0.1562275674619164,0.15605506028998886,0.14741087059637722,0.08734716113394404
4.192247851785507,0.29798792258568135,0.07659951390270893,0.1267734199680533,0.04549436763839146,0.5763529540366364,0.2970752692418078,0.1822699023423357,0.13369092373706062,0.4301921582704644,0.42912207117835266,0.37739065264626387,0.11599429532987059
1.2951105112398,0.42708146662660806,0.06787690418703574,0.1935586268755686,0.03298454908629506,0.6211473315915159,0.33631479718078455,0.23978450936215767,0.09178141376251933,0.1383450258189057,0.13822364425663722,0.13210520758384073,0.0797507350582501
4.245192890198721,0.4226811774078241,0.023244574180419447,0.2080713842044274,0.01627052688716933,0.6687033126351899,0.2587357895917355,0.18904649566998788,0.08675913090725368,0.1216923278710233,0.12133620700407972,0.10431374708002533,0.02878365142049702
1.7395845416743407,0.2867463026632089,0.016658593647976845,0.24309613541000902,0.03118420176343372,0.7944832144573044,0.27038851420575466,0.2721838054306003,0.04645994591097803,0.05736872285071704,0.05729275817746275,0.05350798091398998,0.028565143994648927
4.26550614654724,0.4165819989947779,0.07491607980965365,0.18308534042885155,0.037460061552020314,0.6509754134283762,0.28543372094276426,0.17785089126186035,0.07073519525719722,0.36769640940980214,0.3666523299550805,0.3166340040915705,0.0917839557387719
4.6697850829895895,0.43426907048130214,0.06638309161015096,0.14447964132406,0.020593805274711302,0.614265589502039,0.36965488334281527,0.183891714164866,0.04610438335184745,0.29028827504575955,0.28942807364256273,0.24834968311059383,0.07473999007834596
2.347611545396685,0.3930132451398144,0.02100332833969782,0.1562398744015665,0.026814145297192428,0.6671794616027922,0.25212960098102094,0.276783979952226,0.12260781881351401,0.05554996384399584,0.05546663896174393,0.05133410231693407,0.024649267650137474
4.5384945341661584,0.3533114184404064,0.04563472066239328,0.1567196248277875,0.03679991445397194,0.6533147791380762,0.2196223792127728,0.24726708785374102,0.10341291982247738,0.2598029590822342,0.2590614667657641,0.2235523592490792,0.05980783893469112
1.9911117548097517,0.29007719221359346,0.07979382181615455,0.08310420387473386,0.03126362030888789,0.6706572261943191,0.3374667533534074,0.27416195377244273,0.09269104559884023,0.21231506599367878,0.21206699627420267,0.19965721576760592,0.11475781893114197
2.592594823918187,0.3778625464088773,0.03450022266903169,0.18440326538760596,0.031674791606501315,0.6984599374231939,0.26602702318949895,0.18106341253562663,0.0854583674631583,0.11906328939239284,0.11885426723687564,0.10855629017444096,0.04709612138676612
2.900659570759103,0.33915193761171913,0.06361103844042701,0.14453894755318653,0.03847895934848725,0.7658095283115702,0.25405030428189435,0.26713191867725905,0.08054600721135799,0.2463715148854758,0.24590259686437935,0.22288856591539294,0.09040064684653028
2.5518638887384597,0.3378907261790849,0.07317434883850656,0.19149763513200846,0.03669289160673622,0.7329121885885816,0.26227825303046925,0.20335150855789663,0.08023884063245562,0.2855402587703015,0.28503531934676263,0.2601665359102996,0.11249781771777341
3.109363791810134,0.3786659590356871,0.021444748621346377,0.20098345523083933,0.028139262811209403,0.7781671080657043,0.37096060691074795,0.19094748079537424,0.08432702102996475,0.10587720106391721,0.1056351322779815,0.09387181662434453,0.031743826865889745
4.585949180826502,0.34143961467450884,0.026477446903902004,0.09782694041333746,0.04209988881970556,0.7178570835443758,0.4195438058839299,0.2792446596919085,0.08063821580832586,0.16069275986532852,0.16022902804040481,0.13803965601591067,0.035671605594451886
2.9988338250734374,0.29934139318081765,0.017810676432240363,0.13278098007449926,0.03139603248803543,0.6394832749756856,0.33948998282273324,0.2708116610566941,0.11737766203622274,0.07203215645025408,0.0718970927846718,0.06526344669522313,0.026827253756943045
2.937074875146708,0.28576052443608174,0.045244219830956965,0.1454873411321262,0.048459985718174114,0.6566015469571767,0.24215094440239388,0.20433703952629306,0.13049511451242668,0.1901098902691764,0.18976162064257357,0.17263724471426956,0.07243114505638217
4.046974230839833,0.3817760275284686,0.03290147347050507,0.11103327267964477,0.014032516489186155,0.7936142336026479,0.4480437282730407,0.2660131599199527,0.05251256442172251,0.17123269734380428,0.17076921464962166,0.14848929153815818,0.04274863464804159
2.9402145741150476,0.39645643533069497,0.06909167668633225,0.120346656450913,0.03630994111385227,0.6692440383135853,0.30136647681075546,0.24991372771731246,0.14721050693701263,0.19902437609187051,0.198664660543634,0.18096622848603666,0.07767946962173833
2.3064734039890533,0.28715087608822193,0.011494056793351236,0.2474508094576941,0.04641835272508741,0.6646864784888475,0.20261058509426277,0.27304752513621666,0.07545046198819894,0.04695262172468063,0.04687515108169737,0.0430479003183955,0.019689804220895776
2.5790552727212086,0.4279726900702654,0.0743667167215476,0.09460189529930815,0.033516619116828676,0.7343870879527937,0.3021616462682479,0.2685084889244277,0.048981686332226965,0.18154269960464883,0.18125753627236066,0.16714071844616946,0.07844235497656002
4.5561347486102655,0.3908705264549907,0.03785390194054677,0.22547968051494827,0.024022202241466874,0.7972250088759137,0.3396853835847109,0.2538604136884668,0.044334480220647024,0.34442475969067576,0.34323591118786584,0.28717027768171105,0.05582571568693866
1.4898629238586176,0.33778303468406135,0.037019905404677075,0.24196662723734075,0.042026054452935974,0.5934541789910509,0.21623546312293165,0.22036767402191257,0.14848554306282255,0.09249743434012585,0.09240197747565138,0.08760969741826205,0.05372076821565069
2.116247687363887,0.34150625517862776,0.059412127442233155,0.1081834025836491,0.023465212902408602,0.7130475646487787,0.24970882932008434,0.2303570681608609,0.1027385219334134,0.15673389699912899,0.1565328954241172,0.14650754170817537,0.07816507643099892
3.604395961492834,0.2878754952132082,0.015907358677192257,0.11973889472623445,0.04063710523318755,0.668871941644078,0.4420796599601666,0.1615241981592294,0.058637996696367545,0.09442000576499866,0.09420199810361894,0.08361411517030636,0.027973334851499745
2.3575306424478772,0.4124513760450952,0.01396866097846983,0.11020252106810266,0.04584466490708614,0.603292335650338,0.3007075698212617,0.2491858660971877,0.14638648620000677,0.031201485058750523,0.0311583571915089,0.02901284946375214,0.014403558290694864
4.856193869083579,0.31810746931200334,0.028202307248615548,0.2055689282573227,0.03688608089544948,0.6653634542473333,0.4017401226417779,0.16490841726987898,0.05801921503319207,0.34017405946714746,0.33899628364653317,0.283467883392977,0.0548295126145977
1.6738005561992308,0.41736790100281695,0.0678477433601982,0.24094030028415303,0.013710375773085915,0.6081990730560074,0.44281464673008875,0.21365161278822192,0.062431519725561754,0.1782101754736754,0.17798978356426867,0.1669841956591192,0.09082429402844494
2.177451401941445,0.3697716540194002,0.06773590053304167,0.2490560672889628,0.021361522389734273,0.7005045802480095,0.3202727224825702,0.25208478043150795,0.08421729029290623,0.23690151253746705,0.23651492306617164,0.21740741262303637,0.10029909068361462
1.0481372417142176,0.4054523627169545,0.06435182685411928,0.10313150648908197,0.03445922459285276,0.6316075418885101,0.4224340904692348,0.1725580097108254,0.08703396866443318,0.11978740874934944,0.1197106957670355,0.11581982366642805,0.07406529366376402
4.813383694122571,0.334079379897765,0.07870905870150584,0.12541760499071836,0.02404982125553072,0.6118452764969069,0.33909111103772605,0.17470676117361608,0.11115247811231019,0.5009186160874624,0.4994478357018483,0.42916266552514787,0.10897298669503017
3.4652632570843425,0.41193002481086294,0.0359106793072083,0.1073863455363757,0.029883808674480587,0.7483303109432913,0.25081151678925473,0.25001983182938115,0.12378893703456498,0.11293663608198619,0.1126958601252983,0.1009485767618816,0.039180978140226363
2.78351469886548,0.37102019072185316,0.06723762296538031,0.1312913066430227,0.03840541641475647,0.6669518233925097,0.35328915784054493,0.18511624298997292,0.08555570377031316,0.2220007619552055,0.22160878866380643,0.2023023376793585,0.08741180462488803
3.8236563957049787,0.2925350733951743,0.07585891478979907,0.21958134736562546,0.021035961674941744,0.680277354436582,0.3265832912389942,0.20125673186942825,0.14687367512294836,0.6257660564624256,0.6240516844766653,0.5417104686716047,0.14770659961203425
3.867436701126346,0.2937410050513296,0.035647571080708616,0.23212966762718168,0.03329268012960357,0.71015181076615,0.42255627871910495,0.15546128708391788,0.1299021959349013,0.35846446206476607,0.35741771344418427,0.30737535097488944,0.07692611911603477
1.0151723525905418,0.2953695933602402,0.022633635714300458,0.10635879472836969,0.04890929252048447,0.7716286465535497,0.3916203525326653,0.2323444696027812,0.11635837483033845,0.04695857843258996,0.04692768294785518,0.045361386288476566,0.03321186946826209
2.5306449266371636,0.3523845519937878,0.04032033925054135,0.23322654727795744,0.02320663202734776,0.6952692671828817,0.3756690175688647,0.17999540218818003,0.05114673690281456,0.17535667349605397,0.17502680404181611,0.15882783643340212,0.06509957688121971
3.1613945473236598,0.42507209181900785,0.01967727727429975,0.24398775537761386,0.02613801368726018,0.6901670601580371,0.36571468586545364,0.16745250666292258,0.0440854548252398,0.09199893953999057,0.09178079740276417,0.08120339805434117,0.02695073273878343
4.403913943169261,0.447317398755907,0.057846013632552845,0.17677013614973291,0.022095451290805843,0.5911925906120428,0.26481938399874,0.22290591827886447,0.1294300325334994,0.21922227212982295,0.21860556623738606,0.1890412163768454,0.060986236313759934
1.0711750435610576,0.27963662170848,0.054458854575733816,0.206921998976746,0.036674362240746994,0.7631413510696873,0.28950969559667494,0.19975819749801707,0.14789719752808483,0.12816656628529063,0.12806747852576256,0.12305917214275872,0.0853115911090463
4.591328689736868,0.39451584137134477,0.04970309012278419,0.23238206901275543,0.034928920010092346,0.5715696965225342,0.20355871973968567,0.1504644803391363,0.09445887299489769,0.310247258284479,0.3092868411121862,0.26357845669519514,0.06542283533688217
4.4568742560844,0.3326686724199558,0.07655578321722839,0.20681560345908778,0.025019623203015196,0.7914079150151515,0.32812864546777065,0.2690773210923422,0.0973238876848056,0.7656844845752387,0.7631724715343794,0.644186742611194,0.13582921393076425
3.5435122416194864,0.2790248171878217,0.03203147959227597,0.1663788483494284,0.024894201405935727,0.7810317451406179,0.44734872896288835,0.22021210283568943,0.07950294448137346,0.24761933095737293,0.2469896048592072,0.2165903178627672,0.06483442157218217
2.2079953347846772,0.3056525386932852,0.015157756627092196,0.16933101802265557,0.048528472494499736,0.6111184930259258,0.34009181626065343,0.26039831821631726,0.12108882325587805,0.048586141211386,0.048516182181379985,0.04504110479314297,0.022760523482967
4.478320778648135,0.4104791829843195,0.05594184272882853,0.24144264827308598,0.03049921104087463,0.6878740430679798,0.4151313139797425,0.281414590176288,0.13770669380566355,0.43005083078250844,0.4285949330471264,0.35981867090688163,0.07393626302171286
4.604404810559007,0.25726709392749214,0.04922900154869911,0.1595224170091994,0.01429791449993062,0.5959764298245751,0.2225624618391995,0.27292895352919166,0.13387468487116483,0.40905425891252256,0.40789450541488065,0.35232846669550316,0.0918047150300035
3.675078875517329,0.3131298373990665,0.06915845883965448,0.15681463514584226,0.025114799303870887,0.6223817989975917,0.3704951924328197,0.19866326601770729,0.14998076209848618,0.3799384726389413,0.37903238367955405,0.3351129625810072,0.10814380095770137
4.778962750794523,0.4391332866750617,0.032762000655774115,0.19638193783236552,0.039895339922432396,0.786716078963818,0.21278557984752838,0.2990401703466539,0.09374302990632172,0.18995909874198033,0.18932093683076268,0.159154273874907,0.03785223672392481
4.771143139569013,0.3914653364286603,0.010409672327739046,0.11854280493468178,0.038288472549993874,0.6948973032164748,0.38923803791216594,0.262201800956137,0.09847510218275118,0.054930438152236055,0.05476359851883454,0.0468114172926778,0.012401997514048808
1.6560981480954484,0.404154946774934,0.031202227920956553,0.2473707653358564,0.039350147010072604,0.5786961526642151,0.25226888658247093,0.2593161058153401,0.09911658844570873,0.07542284799103587,0.07533536230361737,0.07095789215281915,0.0396218779625296
1.594808552912661,0.262709639348747,0.016503888890510715,0.23144424957096238,0.04330383094678074,0.5968617142036512,0.38575082530672244,0.1756476925328716,0.13791374205019827,0.051511879082175874,0.05145307421986268,0.04850928153877906,0.028238843895676474
3.4051659565241312,0.26798739915892733,0.0760873265926614,0.11947541237017659,0.03771190792491068,0.756297524453968,0.40994131517315324,0.2689700623235514,0.11134702757117024,0.4488544261498611,0.44784697738675294,0.3988371217448955,0.13757637873953074
4.7731703827026095,0.3909512613248054,0.04358387434364356,0.16915578978527437,0.036367398330967186,0.7891161052106335,0.3090299054134954,0.24828065422350915,0.08713519635665354,0.3143974114134575,0.31335279245237113,0.26392574348859005,0.05741622401153633
3.625314667923537,0.4305473361013198,0.015386500388448385,0.1681682893105287,0.03050694876651141,0.6105885465271674,0.31598490302525684,0.15421778751792795,0.049667574165098045,0.056370219051634474,0.05623820162647762,0.049832042105473644,0.017991115161878613
2.8274404320580055,0.2562198439336632,0.03360371826592821,0.09996850611256754,0.017618964564022763,0.5666626264766698,0.20320924025055817,0.2417668488718568,0.07381061485038982,0.11757518573585272,0.11739314261301662,0.10837595868626342,0.05201992213658627
4.567283094406681,0.35113769938189704,0.023140045908157755,0.22799698838679805,0.032443295668663684,0.6350118646498599,0.36533586129422607,0.2940242091877918,0.057344118778207,0.20569489650348802,0.2050196501928324,0.17303712408218985,0.036450610009238375
2.555580486310779,0.2764332824862315,0.030614468803036525,0.10487159214961117,0.03851659947168187,0.5673519189105961,0.3378341600503486,0.1790693522643117,0.14791040231671132,0.10163075913474016,0.10148062936583536,0.09403045995593443,0.04668259236915081
1.6532495212693692,0.34392707356828295,0.03807395684261114,0.08419116369528913,0.028985629371420164,0.5978072574260617,0.3792098697088294,0.20328585156998197,0.06572820664358521,0.08455716400649499,0.08447677110575087,0.08043219083261627,0.04830379040833076
3.3110750153250743,0.34565674065746466,0.06136969606963116,0.153200451436931,0.0442205731125804,0.7752590866860201,0.2714683893570572,0.23444466864536812,0.04402046508667638,0.2898209034203065,0.28917769859442255,0.25786702934292655,0.0900189113879159
4.111212392857776,0.25684622753602804,0.01342475644444643,0.14843298465959615,0.019240809261596575,0.707637890294642,0.3619587359566645,0.22482525131226427,0.1024503257364601,0.11684485539960078,0.11652612650743828,0.10121292174877101,0.02775308948424487
2.4002023867335067,0.28498891976853147,0.07895527777308219,0.14346572961750043,0.014428583549851718,0.646745870172737,0.4103542844094466,0.2882761945542753,0.12430620811893428,0.28156351182860506,0.28112354571613557,0.2593386822096865,0.12364140560488969
1.030546313081451,0.42789413439770474,0.025075005863260252,0.205394819274327,0.030729089218122965,0.556530375244312,0.2374447652671281,0.1921114850086492,0.04540343551636522,0.04766819861101605,0.04763619022294946,0.046014048319825786,0.0292889035767832
2.8890547995613165,0.4047219473429228,0.05250644083777037,0.18221868922502604,0.03648640502256889,0.6539958238972322,0.26329383602798273,0.2619977358811174,0.14716088177834338,0.16739567122664342,0.16707559690913973,0.1513702436181219,0.06192979066608029
2.343745974430804,0.4318100105428767,0.030049851180963615,0.188458250591441,0.03617337559211129,0.7773351449474623,0.3983083558964605,0.21264854724229632,0.06533634709409426,0.09473110198959092,0.09456933866147568,0.0865897579736366,0.03833185216522393
1.749358103112576,0.3223785337551488,0.07226176083108926,0.11164685675472376,0.040209706855569856,0.7454125613877286,0.257805029379004,0.15221279936272294,0.048177023951470097,0.19083376734373736,0.19062675483722766,0.18024827620699801,0.10779308572884884
4.610180816156944,0.32079948614036385,0.03687553697161042,0.22951797026360593,0.028801482261326623,0.6277979659842805,0.2626665632881035,0.19831439333843265,0.08094544885072943,0.3604318961136541,0.35927091142694995,0.30419470951454486,0.06598480077925054
1.8951845499008888,0.4423863600069854,0.036742253479815266,0.19875713992222369,0.011826961423898266,0.5637221298055135,0.3316769335153128,0.19808493200919378,0.060318856393527076,0.08667540446469015,0.0865661631983215,0.08111440248722868,0.04207867710359139
4.508443475975275,0.41510236974021186,0.047721489934688534,0.16467014237079994,0.048782039254677,0.5870544268723658,0.23017312334397244,0.23560292738122313,0.04882307300632431,0.19922171158670915,0.19866523443536022,0.17197453200611512,0.05360692712022252
1.6654680331195775,0.3372251263550706,0.04009725346512451,0.12610937909981246,0.016481258313877804,0.7141343438472081,0.43988889253509,0.2937847856594846,0.09084673179878566,0.09986168359011133,0.09975199848507212,0.09425493372243211,0.05600475371759404
1.4036548817050174,0.38140433422770414,0.06140174719542349,0.22031329529842114,0.04132416613249995,0.5979037267661963,0.39672881903763246,0.28044230711883145,0.10414906547596364,0.14081330470393136,0.1406734304599329,0.13364414974328015,0.08255654481441631
3.75918691254518,0.3482820779377041,0.07414103066211675,0.09677019777279146,0.012814011509223231,0.6373575431216247,0.281719558216404,0.27319012678359145,0.045239102794815925,0.2793618565258282,0.2787533637968433,0.24910090223800133,0.09136298654858717
1.9611827252195033,0.33305814069762923,0.07727157518855894,0.2434673966355217,0.035013920032914515,0.5517120217671223,0.2826671923415164,0.22408425711058366,0.1055223828260716,0.23820661066913854,0.23788206396352626,0.22172833391946586,0.1162377446790855
3.9606771828864216,0.3409513718541167,0.02273496115577721,0.22599946517513797,0.013537227782542072,0.7641876270138969,0.3049931415048829,0.18841685786902587,0.1401262772005501,0.18518204721358025,0.18463761282633598,0.1586229226076055,0.03932455741651461
2.1728925000423223,0.28225544498819966,0.03198162412462902,0.22971060031775214,0.014455128385849808,0.743030686958577,0.272493670317583,0.293534374836253,0.07274601774812067,0.1284161869213165,0.12821134086655897,0.11807700037451271,0.05543024111079489
2.7917282167076305,0.44712524512586965,0.07143597283622347,0.11081888947969154,0.029230709913745226,0.6299343238268863,0.43135708996556493,0.153151165621137,0.10256720459066226,0.18440297191672192,0.18408421665406333,0.1683689790834557,0.07586089745919737
3.6814466406619344,0.2736601638369139,0.06921740520728506,0.12113437185757217,0.03208625224176019,0.6469736061322222,0.41675367160485755,0.25237477670489283,0.06544471276597846,0.41198580969038384,0.4110289782554811,0.3645752556597266,0.12118621961130278
1.4490395073193918,0.4239030666978464,0.014793241079995533,0.11572476449116875,0.014080116229903355,0.7648851928996427,0.4405464022492715,0.2512887704213206,0.07904978790424036,0.030988856754950393,0.030959028657641132,0.029458833870597122,0.017150719763044293
4.3987364647724965,0.3494646011723971,0.07838971651891666,0.08947856178723133,0.027752942749625753,0.5733743459773419,0.2514321670708465,0.2454356915513643,0.11400883432068781,0.2985295421732045,0.2978093125744428,0.2629237720497009,0.09034643800046507
4.486100759476577,0.3380734433830179,0.06192167407999646,0.24692357901265866,0.010565794263752298,0.5681074703179824,0.20921483953530906,0.2143987916889365,0.052305404824858834,0.5067851216728375,0.5052206829480655,0.43074900213171435,0.09958457213154098
4.892286014802653,0.3848673026263712,0.023936210034123336,0.13556379603956228,0.014485002002034559,0.7386647457228561,0.3255793515418045,0.24266063819353248,0.13455039174843128,0.14658050344075105,0.1461121797865294,0.12388038897334787,0.029684270444984534
4.996386050379079,0.3263332117518312,0.05324207805703902,0.11244887564485623,0.033159496510815484,0.6634838220892353,0.23620979732669867,0.17680560167146883,0.07650682468459478,0.3439059491095005,0.3428872332131611,0.29423773853213425,0.07406669416853458
1.0547467670865174,0.32298262629151275,0.046683580952377915,0.20272066839686276,0.021083484803848127,0.580585214316238,0.3674709016767252,0.20275282374689338,0.06362298969166869,0.10197508165025751,0.10190188051268771,0.09819664001068898,0.06988307361029895
3.8318882872941527,0.34707155439971177,0.040795538763813956,0.22471589286172838,0.012500648694796989,0.7779582943033875,0.4208685544286337,0.17309833747579917,0.10153766069485237,0.345164521313763,0.34415008676172376,0.2956761391490825,0.07333679898989674
1.5130103067897176,0.34621282973229245,0.02037961880316433,0.1573105652791717,0.016798987807903842,0.7370174637211181,0.33506893854590625,0.2920396122538743,0.051603399981776675,0.04928564639898547,0.04923525516645418,0.04670480172817919,0.028768735610061238
1.8064696803265186,0.43281951442205385,0.021179157706470837,0.1872461056143381,0.04408612013444113,0.7073632368300882,0.2512380053080613,0.1918126807937186,0.11888267010853112,0.05031499222667218,0.05025320825508925,0.04716723298953478,0.024954094198155634
2.950211500274923,0.43866371084131783,0.06239778357458683,0.15077930010295965,0.019827868401012413,0.6896812927246152,0.44185185236063423,0.2535627339465197,0.11809607713115539,0.19397715952207817,0.19359028871765196,0.17464782314422694,0.07025674981761187
4.810676611049206,0.3592289416133556,0.031749183423688584,0.14678195490144252,0.02276161869807887,0.6736004034697926,0.24291724053103908,0.18826118170346406,0.06099194024823079,0.1994763614051619,0.19887221984059264,0.17007024247166147,0.042599631970345705
3.489631461271102,0.39041194329414464,0.053010316706293664,0.2040474814488321,0.013308081304289066,0.761537440473795,0.3229767088083987,0.26441470837247205,0.10384065125085618,0.2699913813621586,0.2693089863259559,0.2363538668474689,0.07183999386722063
1.404766685586821,0.344415496899315,0.07368961920763671,0.10064042612487642,0.02933944442581537,0.5976635004582004,0.36638966815899665,0.28570876284236063,0.10971097985865827,0.14862042962763528,0.14849761420847607,0.14229864631440542,0.09082383683818088
1.721545011612045,0.305116561718054,0.05165288594311289,0.08172007724559653,0.016633880394356763,0.7098705861474978,0.3876448449529887,0.2676993661597601,0.10321451364701228,0.12693405292372395,0.12680157770423414,0.12015286474406059,0.07326948941566623
2.9096054099522535,0.44824777909068186,0.017880596751990416,0.21839323721714,0.023489476496896665,0.795187082490583,0.24687404731068663,0.15449388299584613,0.06171400187148399,0.06768222373045253,0.0675378410916496,0.06049375196640737,0.022702868109116127
2.9642216415393974,0.40826073854534295,0.013548730797174762,0.17267933878862485,0.02104614943292025,0.5871324863391729,0.38567858607515326,0.19618743699475022,0.04940620844862895,0.04566084368482501,0.04557192430507299,0.04121283260293635,0.016684542802848857
2.8132173195052532,0.43821764022748544,0.07254854812789402,0.1720765756554344,0.03958732087918562,0.763854463330879,0.43105757725300037,0.15261803144639388,0.14040473276505122,0.2535762570535687,0.25306598743255343,0.2280930754392277,0.0897810423224412
2.4639181921267426,0.4177712496610363,0.014232691441719765,0.19038637051353724,0.016692224562999205,0.6249034037527937,0.3369938788584538,0.15027264126982173,0.14219406063759085,0.042251373193521194,0.04218106362695591,0.03870886030601374,0.01744890804221579
3.4468042761498072,0.44392810126075016,0.05881283022156209,0.24891463651734774,0.011565089001252107,0.6317348442191012,0.44254522997327045,0.27445321659023836,0.12339400491580133,0.26883752955532736,0.26814017813268015,0.23452045182288053,0.0720691953024558
2.514101888178006,0.3634311558138394,0.05529331880504564,0.10249580163625982,0.039323038950509905,0.7106145549847468,0.4415296208246747,0.27613176094273595,0.1455298859514903,0.16275635952607415,0.1624960250206763,0.14961796595109886,0.06939963367487512
1.6558466053805159,0.2980223498621074,0.07124258201118332,0.17175862393756147,0.04823392457347887,0.7817590957516548,0.34988472771717966,0.26250814252313937,0.130021510623658,0.20465730491628456,0.20441839842953372,0.1924666835249619,0.11068023862713294
2.409767332563145,0.3810785206135943,0.016942894207500017,0.0847729582557864,0.02617738939554238,0.7439478036534468,0.34031532747527554,0.16971398096849144,0.1391038973833589,0.045435143587730216,0.045368386618637,0.042054898167130525,0.0204053915215725
3.7450442828944177,0.4040959813832937,0.013788570472559363,0.24934196368245026,0.031098030778168417,0.7857476905131972,0.22264996114287997,0.15247715844869186,0.047244349047895054,0.08855755774901158,0.08830716220242195,0.07630784313818703,0.02011083967276658
1.997104506240688,0.4422492499848678,0.0674549494729679,0.18816434677666577,0.04343682837063756,0.6652413649518307,0.3225081007543397,0.22378636592882906,0.045207111028685236,0.16828511598480744,0.16805587068265038,0.1566455330772776,0.07874187771728038
4.608423482205552,0.4128042030641432,0.02844546802465922,0.21861231395083347,0.035670611993634,0.6911906554107572,0.27547663368243147,0.2726027955378247,0.05198698145135661,0.18646826077648276,0.18585917205089827,0.15699807967874493,0.03613265476475152
2.6856389015110893,0.3840260569316426,0.06986628891810365,0.09788385138975485,0.04669577661938008,0.7577100616494087,0.2181660746145427,0.1675566345317969,0.05284455752815021,0.2014248835507842,0.2010987702838943,0.18497497730571316,0.08487187681815447
2.236997200076784,0.3677158050291119,0.06700953317475833,0.21168479077458513,0.04247852711463535,0.5820755327543949,0.20157242377275356,0.17101102483859498,0.07897596349069215,0.20180951205036235,0.20151257064708927,0.1867746662487815,0.09187301888120199
2.254067755590285,0.3525842762284852,0.0601174820158595,0.22937008164777295,0.040580467251792145,0.65290040666828,0.25851308070497264,0.21805892935904864,0.09196774345697963,0.20591444844819426,0.20558700243116534,0.18938518778477154,0.08911510148021448
2.8413660299128978,0.3423084853987433,0.07220698941465457,0.12522808496108823,0.02122824196435416,0.6545816246968152,0.20168819782913136,0.20042249061701953,0.14487200323304006,0.22901261223649275,0.22862460421450317,0.20947802978699748,0.0932740195310039
4.929900992539605,0.26899664762406883,0.04043748528058578,0.20809713770759264,0.017544082509591406,0.7089166426479376,0.4145789800140662,0.2259650469492797,0.11814234590519337,0.6707486883919623,0.6683343358532616,0.554904349539895,0.10055437795025376
1.1596583009806916,0.31325885137766246,0.06674293882034292,0.16465771599151974,0.03881993537570849,0.6134172464911495,0.26918123295136803,0.2869644625199833,0.07418452156882796,0.13958364953827046,0.13948084518699988,0.13427971146431933,0.09471995488112248
3.156554396280421,0.3022517739787074,0.05422460745748447,0.1440131948444211,0.037238591320192665,0.7038024985201176,0.260542185227052,0.2584062809970817,0.10503903146437876,0.24319126575438016,0.2427005850861924,0.2186897146945988,0.08401103394109484
1.8521066501698669,0.36678473506224196,0.027298890970415365,0.08069061542433441,0.01027604371902152,0.7663565221104173,0.2642888693792999,0.24954453532715642,0.14217067886798332,0.06125361955555234,0.061185788955966706,0.05778713528692421,0.03231240062478291
2.0358807028250765,0.29180275476212914,0.06461999747780198,0.21641403194723174,0.043905917596102524,0.7597797932282203,0.30863867296911307,0.22515953866226046,0.04273353005147185,0.24702133448363814,0.24665261790146026,0.22836245239796812,0.11254585773446861
3.2858741254497597,0.29527771527494073,0.02960601027410527,0.11397139794503613,0.016219042045290906,0.7300313489583432,0.4355144614012161,0.15954448060636067,0.10944003560125645,0.1550172602996302,0.15468549448567406,0.13850232843554838,0.05020066666045061
2.165064830639426,0.3783116604045569,0.04419294313948663,0.19691206616515583,0.023600585008801245,0.6752509174892009,0.2888119620203625,0.15381449903224245,0.12663520068182182,0.13477916006507487,0.13457874098961428,0.12463550802328632,0.061043546446420155
1.387284634823343,0.27078407780989405,0.02987604211167426,0.13751516698948668,0.04784376079413036,0.7007693758586149,0.21539235365673562,0.29097866251055593,0.11602366264005912,0.06966905693553961,0.06960875061314317,0.0665679767671249,0.04416884458184898
1.1289252001214216,0.40695291762192376,0.030451792138730713,0.23902947371000005,0.044632337475084626,0.7162473349109256,0.2672779313552463,0.16709356800077524,0.07363211913115464,0.06725770294598188,0.06720192295846532,0.06438671086731523,0.042261294898139685
3.8028395307341976,0.349606112940236,0.05622718320111238,0.15225844707147201,0.020575860134241168,0.6959292337431884,0.38652060220905315,0.15280539594966386,0.050681223567488866,0.3208174024000762,0.32000179550565794,0.2806284744403017,0.08403736591406215
1.7642388968718574,0.42548332450388016,0.019313342644575626,0.17955571543730992,0.03341767261706231,0.6653993955865394,0.4482253105451668,0.2505180309515533,0.12824329180596394,0.04616014008750118,0.04610330505828652,0.04326476378263942,0.023094276358427854
4.588193505796722,0.25050273141170715,0.04170091263180469,0.23562312553429499,0.021486010172214028,0.6999957102263447,0.411931214633459,0.15300197381521372,0.06299809275616561,0.7447250634939582,0.7421512484788445,0.6207847098296345,0.12042985884494375
2.6544654642933523,0.3112138370692894,0.051799886069536456,0.14245635434435058,0.03992781609202139,0.5746283897335047,0.26931907369142494,0.21146213684472648,0.09286304278382226,0.17417729862566192,0.17389862396424116,0.16011347385743052,0.07499381437500627
4.647673281492813,0.42807978245238265,0.05151474746190366,0.10439451182133236,0.023929096548039076,0.62856052079833,0.4201978697685084,0.2598029796257697,0.10901637683451568,0.19419163736857264,0.19364087815293016,0.16725358570432355,0.05367730224335234
1.0182916646014715,0.35024648711238576,0.06287373669262662,0.21313668224928112,0.04250053947637068,0.5783505752669534,0.4125495481091021,0.2901003206240398,0.11845982374973937,0.12694803077981,0.12685774936109268,0.12228715538581009,0.08730283720632048
3.932453397303829,0.4148881388704355,0.02153144323862368,0.20375531534375677,0.03473727938506104,0.7945966031505767,0.43453730388133044,0.2210703531105227,0.05610292391879999,0.13779469561304744,0.1373858991810467,0.11786580283488299,0.029592636962724874
2.8290972281186444,0.4182635429272791,0.07693855488606056,0.18695921355066006,0.03252675896830772,0.617273652158187,0.36592280568874225,0.1772373619476684,0.09725563466560794,0.25457759290982623,0.25409118091607447,0.23022312030603626,0.09445324107427482
1.5984302624361566,0.25616235287543704,0.02555821854244483,0.08643578292125077,0.019003985569075107,0.7758384737091722,0.2946918528996775,0.21131698341393862,0.08225570970317567,0.06790841237173592,0.06784199603921469,0.06450295724147048,0.04057726471985386
2.258326413369436,0.3194292235106132,0.03558708067937371,0.1857300331505478,0.012308183941262,0.6265777860760808,0.34416982215757164,0.27274301420267255,0.0696459724351009,0.11965270294082005,0.11947088979760664,0.11045835302317382,0.05374897448891577
2.917126632483396,0.36631336805235515,0.024106798308718244,0.15957451647809695,0.02683421126749798,0.6619594095270187,0.26889207699054746,0.16025428793703775,0.13894518601800007,0.08591774798489925,0.08575641894907345,0.07783329833495968,0.03202382257408983
3.4967361865419933,0.35479611723908966,0.03256104086263819,0.19910247928567798,0.030537418311587877,0.7086582631019536,0.36311421086776796,0.16930373464891832,0.10715676090224352,0.18757050308215772,0.18710340421558525,0.16452398529270326,0.05050081530654315
2.485252318571681,0.39391047976891436,0.043131835262482446,0.19428938148508273,0.043464307529324314,0.732226341798504,0.36009155078023675,0.2530278866629543,0.07434868383417828,0.14773760109289882,0.1474754486458486,0.13456620907377162,0.05790365985918508
3.3498244106808173,0.43625290106000736,0.06869665110947802,0.12775672510545302,0.04922345225934071,0.5681949046886636,0.29350828373255816,0.24497744740975796,0.1372999952130425,0.17778446253180027,0.17743223702310149,0.16018021278516234,0.06789574868176151
3.5323019862628704,0.3443272568590835,0.012533245376616074,0.17367671071049387,0.01677887565935641,0.7393406347559383,0.4257382124937674,0.2809573340322884,0.1279889105694037,0.07094127240396367,0.07076369348070775,0.0621824435864113,0.018970181476936958
4.849826867319626,0.3286264140663582,0.04908144979478462,0.12155232486882925,0.012691017860383272,0.7768674466887359,0.3416463081487523,0.19194824925660967,0.14144839031948145,0.39893641441503785,0.39767164562557056,0.33759382825722356,0.07501681629629187
2.4498049799348456,0.3412594586219303,0.015692983822951357,0.12159416524501132,0.024407315440379843,0.6891069371591114,0.44576221627293655,0.2558255675497001,0.04199349441837422,0.05149640323564076,0.05141452335001882,0.04736313993637531,0.02228873575887611
4.905658175166671,0.2703797934117179,0.01982898965157468,0.08317952926218766,0.023263986389101286,0.7240977921838159,0.38539665211221696,0.2241346845968743,0.04142112614291956,0.17807025523390876,0.17753682505877436,0.1520843683407995,0.036720296077219126
1.637262571834612,0.34347771794828313,0.056844725629925895,0.13255888819313344,0.04795990495644397,0.649161206093679,0.22999162923820746,0.17465552333756565,0.12456303007153668,0.13222990833564802,0.1320984339014243,0.12549144439402965,0.07581836898301858
3.691240293314931,0.35438688016891934,0.039559189022340145,0.10175247579189164,0.030434383685741834,0.6935067603890823,0.20027766178467546,0.22333385606673303,0.11492929394710474,0.14622482303106074,0.1459092398114339,0.13052261645604166,0.0483778804137346
3.061278425319873,0.3509292902737913,0.030705249613146315,0.09905111751775954,0.04490435770616354,0.5699468305578738,0.34072337399071273,0.1905174072539893,0.11714123728557649,0.09514212724179369,0.09497502920541182,0.08674270321315368,0.037711571330710104
1.7713809911024356,0.2998465751381715,0.01638092158491551,0.10010881333089999,0.014681825188896543,0.7845043141316524,0.2494553797781511,0.2829079232344556,0.07694199348032218,0.042339755640846306,0.042293353827534415,0.03996769675697687,0.023775546743276463
1.3980329644011924,0.280500933457322,0.05651688388908546,0.1689225891868532,0.037023985646879365,0.7684642737217774,0.23981477788479577,0.19021390725539702,0.10724073420341726,0.1481555610703594,0.14801519564155982,0.14095277305222054,0.08996625296045364
1.9379161851583213,0.28417468576231364,0.03387014790741718,0.21488893054355807,0.013064954852078151,0.6752171027089121,0.42942069920464543,0.20557377847352032,0.05479130319069526,0.12531028590539459,0.12513286604935642,0.11631436805305602,0.05945134648813093
2.7131712075229313,0.4013302343112143,0.07866426438956416,0.24054782416165055,0.018342221712985232,0.5815703639076548,0.26963661676323686,0.19074840770693618,0.09292946855512141,0.27958768443289067,0.2790583658758814,0.2530731453765585,0.10352063836328966
4.973562931678805,0.309356149353327,0.0689120081137883,0.19179487463831218,0.015824593027414274,0.6428960189890677,0.2427138318472252,0.25405719633413254,0.07995254721757722,0.672807411069904,0.6705875184729003,0.5654889924914547,0.11818021531969469
4.086754563678123,0.35971693002820193,0.01562205891324557,0.1039953111527875,0.03942233559409866,0.694484465179321,0.38079934768435264,0.2675306719924116,0.053577236994864205,0.07332795362091292,0.07314178653316618,0.06415379405626714,0.019987511964093894
4.558024794427832,0.3586819399507134,0.06332519666175254,0.18143742880287683,0.042387554634017735,0.6554494901540007,0.33769187326752115,0.2765841997727437,0.049220061815146425,0.44401101326623743,0.4426444603070871,0.37757725668473113,0.08810056712823408
1.539019469319753,0.36948172722192785,0.06527898715768592,0.11777446050240012,0.026149723905183393,0.6405643614937593,0.36925647022699526,0.26988363677628896,0.057488144671212535,0.14100552924162543,0.1408715775439319,0.13413230850298175,0.08054772808446768
4.769014380238632,0.3711877452914753,0.017974172265804524,0.19957947414298371,0.025929105699451616,0.6919459489699428,0.24722199222873106,0.15885655484203962,0.08811356905619111,0.14025985597913185,0.13980125605483673,0.11807271515750746,0.02553041980346345
4.710873978576623,0.29150459369971066,0.03410444405584927,0.10903298533520128,0.045176584201366984,0.7487603608858517,0.2739615339391116,0.20306047064418542,0.08166321105533286,0.27064146505057274,0.2698496292473411,0.23199952648678102,0.057905417259682526
4.206679434108324,0.3007992458709775,0.018820795951220375,0.2339713756917658,0.026645079907726694,0.6377175546318424,0.2699411625462392,0.16827849559664765,0.1307299095074185,0.1752091627077425,0.17468791819487345,0.14980370339776697,0.03652592731766647
1.5244996521756193,0.399724777941444,0.06564218429256749,0.12723615279583958,0.04525774187647777,0.7930075969479862,0.44831203842848844,0.278210477841758,0.0626823346425069,0.1494682091018465,0.1493122016104779,0.141482462396712,0.08260431602833494
2.8570550897489944,0.3875309433686047,0.018487744958630065,0.13724391851448922,0.024118162456370575,0.5515722985198145,0.2664171288451974,0.2085726474569834,0.0813120205090582,0.0517199980629754,0.051632719851070416,0.04732515000533338,0.021236360161069008
4.5287505562793875,0.43292493357291906,0.0775621456751179,0.16968590040143522,0.04027919599424007,0.5985211571358838,0.2955428004869251,0.21171537478143598,0.12538239107977708,0.32656880702797253,0.32562235094652436,0.2803492156349068,0.08517263124144149
3.9819398637660997,0.4261267532698366,0.06448544096297791,0.1878741365806629,0.028503619664677696,0.6404009627423708,0.3620085582398308,0.2975636105242785,0.12966548171792067,0.27998468891549616,0.2792245656011963,0.24269258314849423,0.0736659217301117
2.524345854615534,0.3989552661356104,0.07704901229703762,0.09269270631778259,0.010944915022924709,0.5995291567813386,0.3017108391992195,0.18419553807813963,0.08530229439236298,0.18443265817632598,0.18416784649694123,0.17101245094875478,0.08355548853028952
4.176639331135254,0.42952398105443035,0.0736058705883254,0.2341562439701973,0.02273247664554715,0.7643767882048111,0.35663062161845305,0.16753585408482147,0.1382668058471409,0.4969985825405619,0.4954214116612529,0.4205100179865629,0.09820965356077133
4.614587920941849,0.36513937713114003,0.06375940636050242,0.1338164615128501,0.017962817832664103,0.5577364798538893,0.4065001773474171,0.21745262025081308,0.1057765552341447,0.3336966340511135,0.3327490150818009,0.2873520742023348,0.08011120909805156
1.7550866183524718,0.33386556065824435,0.07305770479703491,0.24681676140450926,0.04580171242660673,0.7236005294089363,0.2700038726482157,0.18988285573776972,0.06788937015922655,0.23320504207198606,0.23290033670246194,0.21771210671987481,0.1171967079140282
2.4729985605139486,0.34498360262035777,0.07935620228993588,0.22188791681980874,0.02424147394424063,0.7653789108059583,0.3032754309339709,0.15648793892505009,0.0781407162650499,0.3394661042411395,0.3388458647008722,0.30834493634761423,0.12966544299364688
1.4132874809308484,0.4161692741500267,0.04559744581272186,0.1851191101403267,0.03141212299269333,0.5801321232609999,0.3520712744643512,0.2262404333793568,0.042991925155134884,0.0972432030056641,0.09715239668366293,0.09258189403632593,0.05475613728021405
1.2419000035411485,0.30545943228447875,0.05869477615731207,0.13542240232959998,0.039256093562840204,0.7034728596059346,0.25658514490011647,0.21093904657651635,0.12412400911106425,0.1292230187509409,0.12912181988215926,0.12400814822209588,0.08556223391303777
1.2305704421709878,0.38431477285625415,0.014320644090081425,0.23635486699167585,0.04302517771325318,0.6660008504109463,0.265052592297827,0.25836027589052996,0.14197657596938212,0.03105403172905274,0.031026619235385876,0.029645040693110098,0.01933214737710284
1.68338554313851,0.35718161156015416,0.046632071899650844,0.20886444245266622,0.015958670677742516,0.6250586248642136,0.3773010798373819,0.2693188930830538,0.11559702845970332,0.1220205328009821,0.12187658638324732,0.11467773063259831,0.06556194368307744
2.6280500804060107,0.4294037274887993,0.056602946727075575,0.15907809316089838,0.04403583871015799,0.6205134121567868,0.3075720982360456,0.2907989638264711,0.1242411356052033,0.14613551735346508,0.1458901775269612,0.1337788373273144,0.06037841946646594
2.0425247769454673,0.3275264191663235,0.055666706152671504,0.1539513238872644,0.037641549208107306,0.7441989540283773,0.35532460344599576,0.272148144080575,0.1339022582467088,0.1679285310815972,0.16769586183051072,0.1561221159651137,0.08095406476765203
3.5349274394559935,0.39920570589169324,0.06054918986993638,0.08241987339464912,0.03520814606257049,0.5928747925522356,0.2503556246979579,0.19497213066490443,0.12314077431887296,0.16103866416958348,0.16072713460325105,0.1454499315301309,0.062126302523956095
1.8820619895769624,0.36566674289755846,0.03669457549483489,0.10293019634882063,0.04912136029732069,0.7142715026894427,0.4263523860206416,0.29106656229431616,0.09050461194275444,0.08927042040671368,0.08916374489362325,0.08383095551771175,0.04614806790241298
4.587235338921107,0.28123683710825936,0.019653580896641192,0.1593135187032084,0.01199830388315587,0.73524458548092,0.29235294077557195,0.22255854087651633,0.04079031179741427,0.19729529200392826,0.19669039882242637,0.16788020387397423,0.039202403569295
2.5373566212168033,0.3864652048483205,0.05517677674914541,0.1710124939288195,0.017734856042889453,0.776983184817992,0.26885552159971754,0.2657392620398946,0.07733990085651749,0.1815258611491072,0.18120927870197123,0.16560741229751827,0.07220324679798662
1.3094934634296762,0.35343470309593034,0.05587697963046059,0.21672965659770282,0.04017373090260709,0.565748231871018,0.3021099788108777,0.18391523144092825,0.11727637821148601,0.1279843383105092,0.12787084661008075,0.12215151256150812,0.08024066870365477
4.233033149009686,0.33434557407307997,0.07849109774700418,0.19598289144821657,0.02803365403693229,0.7840957735792004,0.4441944145984925,0.19515384573661765,0.12262500528886533,0.7554024174388512,0.753017563680813,0.6396959136836038,0.1430473900648448
4.491207889329957,0.3555457961010166,0.07811294624898682,0.1379359560772938,0.04622570365003791,0.7621071242814317,0.44744939589549115,0.2649825546371122,0.07690146490899871,0.5667219558212918,0.5649780754242101,0.4819434607341999,0.11194290545960844
4.224792130502557,0.31910455806536675,0.0617894017049981,0.13468355125619696,0.025418670783104017,0.681699324704947,0.36696590324965106,0.2806725914678894,0.08307308735501617,0.39115602555518253,0.3900917364142082,0.3389492749413551,0.09324732275842003
3.7340825060650134,0.2723430226526346,0.061763903737039084,0.12749037886207032,0.038978455533164404,0.7833584105101469,0.43689987594445223,0.15848269221932793,0.0474468574297739,0.4784400718639264,0.4772261780269877,0.418617916090476,0.1256630456881379
2.988199903711549,0.44426410643631153,0.06003507777274561,0.09851127159656327,0.030914789776187487,0.773513939031985,0.27129505762875883,0.20481533185711032,0.1453499752617126,0.15645944756768576,0.1561705315180818,0.14196995878942464,0.06180259016820725
1.545309991848403,0.29095460522460753,0.05970760607091946,0.18351114902857485,0.035269378604141435,0.7230927067880462,0.40573908162257744,0.22367715139083114,0.09256089560355243,0.17132394396014025,0.17113595513458865,0.1617142896835091,0.09613810348353471
3.9159911105991716,0.3747075283766278,0.0786349563832021,0.18941790408209846,0.013020942314615815,0.7500785904483752,0.22219034530382747,0.27130263504936686,0.08029364753097701,0.4316925555538426,0.4305295646507923,0.37460549848306024,0.10591489484705892
2.678031606478327,0.2636668055985687,0.030516113705248753,0.17474558209582364,0.01764056622700274,0.5907574808103423,0.3901314734522402,0.20068181297799342,0.07077947192890653,0.13998326331252442,0.1397355198149526,0.12753435572175936,0.05510899587510098
2.2991151669936527,0.27773088627549153,0.06713174451940813,0.24321258813668833,0.012402762686658478,0.5665364487964186,0.4131756949730734,0.1602976003219049,0.09488672259132548,0.297370059233759,0.2968755040231075,0.27245151652662475,0.12384393066399865
2.269502017505765,0.42430144348027793,0.024811022176594602,0.08097711066715568,0.01577191529387386,0.7376520133500466,0.4045200986504047,0.1576286386707437,0.05498160317163384,0.06097146445917694,0.0608861516541745,0.05664392001752258,0.02799562120457537
3.409653549656028,0.36221555955570844,0.028286257950406256,0.18897022348710507,0.019775961987584093,0.6703006469313499,0.4379195358577338,0.21081168172541617,0.1347919397058478,0.14610287402430147,0.14575124309532636,0.12871682852289432,0.04110822897562207
3.2110904098024453,0.36034975596573166,0.022369660660336386,0.21108645487451572,0.018398969315205474,0.6712747941676905,0.4176931219950369,0.22885201335288238,0.10429301857901493,0.11447892868145228,0.11421303699176337,0.10130416514377863,0.033671669255105195
4.1752398319603685,0.43243104016590306,0.07011219343137788,0.21435369739984578,0.029643507241585522,0.584909353705519,0.2656881420502196,0.24633583589521357,0.09555704838748934,0.3119410102759327,0.31106471428572346,0.26905153352983774,0.08055045545697474
3.263393449890549,0.37196943830137535,0.03295747941900194,0.15784932072794228,0.039905510557615924,0.5861620037669054,0.3346863086287718,0.1854241671715223,0.07404215164481537,0.12496669668846315,0.12470859158038908,0.11209412071701545,0.042792798298644255
4.6377179324993865,0.2743240653475566,0.051281741353504204,0.1373791674053798,0.012001082005741088,0.6170749763618906,0.3250022923684309,0.19450673731584678,0.09439215542265467,0.427175566742761,0.4259469134279972,0.3671418456251914,0.09381854299426153
2.644244579074406,0.2862772796168475,0.06615801192141747,0.1783924769873348,0.015099780943337617,0.5637668592200088,0.34043063810979146,0.20794355603617526,0.10082744112261068,0.26785497358185534,0.26739656331649364,0.24478599805079926,0.10874665766267347
4.47585236439255,0.3020286477181394,0.038731033873707146,0.10113412587670892,0.013695618301584223,0.7002801376543403,0.35375362047091163,0.15722622297865382,0.11271368659899639,0.26419584430805515,0.2634686408785884,0.2285526721038588,0.06193871185497084
4.922052034807104,0.44056208637075844,0.01310862152979052,0.23749925323340054,0.034689614282583804,0.6700396435076226,0.4341756075969695,0.22780980997414202,0.07572676614823208,0.10483779873243905,0.10445045737075137,0.08629680904703681,0.016736866470444336
1.8276723995019157,0.2843799216380251,0.0592183902710929,0.2424056872225448,0.047011511307106055,0.5580561334922846,0.2572058749888627,0.24536221677732828,0.04560109945169327,0.1894293939624847,0.18919025919365343,0.1772567096212443,0.09744075552596483
1.8781534808531193,0.2655385556128644,0.01248545240843301,0.24167875777970999,0.04821124348822666,0.7355047610791038,0.37639073805727585,0.2034018377842818,0.10398225358342758,0.04886231884980776,0.04879228584958854,0.04531293470836565,0.022969956939257737
1.44238925642321,0.38000468049418157,0.07141203248572707,0.23717747326061628,0.03398508721506287,0.7664999014315091,0.3733645965925905,0.17896227367256323,0.14139748088408988,0.18833350047397326,0.18812508137325265,0.17768204071658686,0.10516212286388718
3.386007788292762,0.2782535445521059,0.07652956974383432,0.12484903995095539,0.02220370781388587,0.6267875490003191,0.24320381393624493,0.28594060307699476,0.13246910448585228,0.34004647627936235,0.3393604769728004,0.30579165830891736,0.11748878222855383
2.976890513411072,0.40969954090615446,0.07032434975394138,0.23667332767252486,0.020825939514332443,0.5757859181075919,0.40552719982944885,0.20107519879983687,0.0974821287396333,0.28221973852498394,0.2816163789468261,0.2521834368397495,0.09276663495227977
3.416668718453435,0.3596968991866377,0.04021239119220045,0.16958390596536457,0.018864943070995923,0.676444358823324,0.21917426095847256,0.23810281452315227,0.12980687410061778,0.1686038586419951,0.16823070518710614,0.1500630338696542,0.05308479288690102
2.506331985822974,0.27342210221939445,0.04880594742817364,0.1071932584120668,0.033391150561797284,0.7667317540224153,0.29888711340791374,0.2219929098741924,0.10379896712071321,0.18312865327258052,0.18283968271817977,0.16853706166081828,0.07976687764476158
3.9409021803216078,0.3321755696509424,0.0682984338748914,0.21429563574811333,0.026566164056116795,0.7529321011710076,0.2782527579109582,0.2853565926842309,0.13625383605258773,0.5052450511277541,0.5038055689281419,0.43486179693409294,0.11256593996792796
3.2868047417663444,0.27183449518318203,0.044669776138809306,0.243564900971664,0.035894578895832314,0.660031104900105,0.2353644826850304,0.21182356134027058,0.08015667264912094,0.3123325780075933,0.3115972229735656,0.27592549331701066,0.09033952228855344
1.1455353220653974,0.3284160272480183,0.010380216766090735,0.24530094074217662,0.014231358794657142,0.5683207344378994,0.28370939800634043,0.2548837380727629,0.12181737337971282,0.022993444772805644,0.022974965350574354,0.02204168452764954,0.015060731369462099
1.66178626061214,0.3910665914700603,0.07148744848235287,0.23730635618208945,0.017630645275308283,0.5650603678187532,0.31222245576268515,0.2641988037597053,0.08636974712007048,0.176610202610348,0.17640524562494161,0.1661500848577178,0.09370466338160266
3.6833051345035344,0.3974500868729527,0.0180033783231998,0.1711230263214137,0.03685902587534179,0.7723028843533778,0.38057777160598,0.2950260327703973,0.1301247140948906,0.08787051875804093,0.0876416926350438,0.07661274338036363,0.022887509503932986
1.582248820777453,0.26175392305576556,0.048768266553415825,0.09192257303148943,0.024286448190707605,0.5592479853688481,0.4137383456909511,0.22814831226748383,0.055659571715906526,0.12071889609488211,0.12060849275669784,0.11504883008628593,0.07458586713007252
4.42259078158942,0.32768273926622354,0.01586817709220044,0.2197575751720227,0.0238527053972648,0.5669994937830586,0.3849869898526232,0.22773697356369374,0.14496280461896735,0.13258764785669305,0.13217988537225603,0.11276347672189356,0.026213398817922617
1.3938266365936647,0.35533365436758874,0.01659838076607208,0.24204151873114776,0.02916000101254055,0.5719452429785572,0.3360072698190637,0.2658937151124853,0.10037659337417193,0.039736429803436245,0.03969714018273012,0.03772243245312499,0.023609880511123466
2.6981774689860156,0.37796670947595556,0.050266237257562546,0.10158600956590634,0.010074738472945545,0.6342585004908841,0.23139868374794728,0.16232716438817452,0.09687624959616208,0.13450424771007555,0.13429602830861836,0.12398217860644253,0.05838147888313549
3.1148137116787815,0.29973661914669625,0.07333983601608245,0.22049187613931148,0.04767005087858034,0.7885708646975604,0.2615494737367765,0.24711918322179285,0.05514156800270205,0.45785673847507535,0.45680709023059546,0.40580769084336565,0.13682456824311454
2.6538850092384667,0.27290427238965803,0.06574136730685146,0.1243099410902663,0.03502416769914569,0.7456190590185479,0.4091676361943269,0.2473224532182361,0.14960442013936812,0.27828204576738086,0.2777940958025708,0.2537527509443993,0.11050447719566092
4.6179013296829385,0.34953780151073366,0.07459214931968053,0.14770505268014344,0.02792003021112857,0.6232407115663369,0.28094069656645293,0.2504148188553876,0.04385485913654588,0.4385666170907069,0.43730413038770466,0.37688354212711855,0.09962045660127611
4.548822406354098,0.2973950034463204,0.030269433147386886,0.15490134262033486,0.04931413887928008,0.6852769376061789,0.31315831647521497,0.20757930641929234,0.14935567970268152,0.25227444678080824,0.2515240242279188,0.21569852058725922,0.05260166053104701
3.897334793776198,0.3484483262482089,0.06080956750760287,0.13365858188934515,0.03733325401407101,0.6357737649352538,0.43097468238974457,0.20317240727593738,0.04718416395433935,0.31686579014503485,0.31607271778414087,0.27774830615122187,0.08558755779249148
4.236913491196708,0.3521108230436837,0.04729760994997023,0.14860052527616624,0.017393308142329592,0.5777690319818765,0.3842509367310173,0.29973759225426777,0.05062860655853582,0.24694530064751696,0.24628515145969698,0.21452395504004917,0.06194219876221231
4.241506921078873,0.34076878268293764,0.010151978694909072,0.17261962155257793,0.04512874909646241,0.7412274730436765,0.38197393913530997,0.2846212428944539,0.10921644818414436,0.07493954350565155,0.07471713259040764,0.06409729304986121,0.015681443776215866
2.024063162661386,0.37079633793497185,0.05999247131081754,0.1295258382658322,0.04379278594651541,0.7169362568821237,0.2532991712845727,0.2414164417663079,0.10588104553423938,0.1512268799968637,0.15103463797707203,0.14144338207737142,0.07489906425432251
2.3362883142978426,0.28929079452465445,0.028838635283444734,0.1059112726377683,0.04885142669580212,0.5982922558213325,0.24125064187609374,0.25611323208497516,0.06850483165099658,0.08380550223803129,0.08369399076769342,0.07813910319353481,0.041586992694887165
2.081228397607087,0.4320571960837808,0.04874366703397278,0.08389908190414132,0.017224777900892226,0.774540600896105,0.3888558830336176,0.1685954319932163,0.09023897179654974,0.11377888629693536,0.1136304437265861,0.1062308570794959,0.05407073995267931
4.504465104524886,0.34403762807443483,0.04954510704770041,0.20938360504893144,0.037510375360829365,0.5855344266553694,0.4199308443121416,0.15566441532313294,0.10473600387986737,0.4194292412983249,0.41811158634679646,0.3554753174302208,0.08007904272280711
3.0013321045985384,0.2686580677668509,0.027904636716029434,0.21368315848042385,0.030210291855892378,0.7968603274717643,0.37784059083037114,0.25700571218392665,0.043283960321244416,0.19162974541324143,0.1911960937482473,0.17011010097272655,0.058165927624169986
3.7747024458549228,0.2645815931062199,0.02184405786012955,0.16348145014879034,0.024016472457764667,0.7609262099865934,0.2996098060905626,0.1744166501827284,0.043484528256463345,0.17762013982376373,0.17716344188264393,0.15513284689649628,0.04582243147789073
1.4817732911162556,0.32698612373420183,0.020070788884229376,0.14267676577599842,0.032308669780453415,0.7849055022169553,0.3690042890928904,0.25370821957186324,0.13486730294809668,0.04943258107801874,0.04938262933242669,0.04687346436718179,0.02903641261274422
1.24363851877112,0.2555818843884942,0.06062847048616442,0.18102382060858255,0.016748721708715327,0.7378388006007582,0.308282770256462,0.23030728143717838,0.12316487088529854,0.15305480075017458,0.15292280059176178,0.14626651825441064,0.09719616564230017
1.5769856756001377,0.28324554763784415,0.05077415478618704,0.23419420494269738,0.025619688089425496,0.7822044318196115,0.23251486144878458,0.16558188031439697,0.12221302266932835,0.16035287516361973,0.16016521626049937,0.1507779701913081,0.08658591919720615
1.1495457901741897,0.40841188579895704,0.03145692929148728,0.23454332491548135,0.03193788927745718,0.7358394206943243,0.27463725127004945,0.22608213368526558,0.05654475872146189,0.06870335379381333,0.06864511988905306,0.06570746101398875,0.042780375923331865
2.18454227577247,0.3371569173426739,0.025471200000691873,0.09336804486849916,0.025304845719800878,0.6537277445143163,0.3784932051364751,0.24208472159057448,0.12441268378832909,0.06738906609884945,0.0673008139882431,0.06290217494012391,0.0331811411520894
4.936988519553624,0.3518156428828033,0.02366990138562907,0.0843458410980189,0.016038205861893372,0.7275126542143211,0.3467256961724082,0.26781573670029374,0.14932539087074784,0.13279576242614763,0.13239886273357526,0.11345759676837835,0.029296609509786076
2.8643949641037265,0.3563060958333898,0.07706711477279411,0.2283193981831375,0.04936275933312692,0.6957502485926813,0.2332955906450006,0.23307271912682714,0.08588307841145637,0.3363653191133849,0.3356795698868627,0.30214152006962325,0.11491675840734736
2.139721772337042,0.39944986678334293,0.07088615064572426,0.2013195071309874,0.023517067821174804,0.7062563207801446,0.3085859116303505,0.22600909897011107,0.07599292028693913,0.20942775816655423,0.20911246941107464,0.19347780238626422,0.0935282177742717
1.0376461352331368,0.30436553734500466,0.062072349805999155,0.15756259959148325,0.013323666467534601,0.7053383491573937,0.41923993065922316,0.28176399361917126,0.08352622737915966,0.13213688953270544,0.13204323328886675,0.12730148926086757,0.09098551709715408
2.2278042993368183,0.33338541473064065,0.014659833841641472,0.19925470541022366,0.03476851206697797,0.5812418120675312,0.28377760168673427,0.23795838377396789,0.04776825709452447,0.0469859452417482,0.04691672084694639,0.0434811205770168,0.021626799686086776
1.8057549539624485,0.26787828355539545,0.022475421287846638,0.14787816462753917,0.04421967843262537,0.6817913881727521,0.2801267688421969,0.16653522000708332,0.12087704297453705,0.06743169273655515,0.06735369050175351,0.0634504151480584,0.03667161345409875
3.191919192524119,0.29298572405127565,0.03693910334792073,0.11386497714087432,0.030681940978731045,0.6245976492707994,0.3597280135426509,0.29524349017901114,0.12149336431697833,0.15175359751611833,0.1514596291484573,0.13704460203050703,0.054697753473836985
1.208456672463264,0.3649760068770821,0.048389185224973555,0.15011903235450358,0.01729679575639936,0.6494661480638586,0.22521533729114102,0.18755143689397993,0.12395632997268,0.09803926422714797,0.09796542809510134,0.09423149318360134,0.06199060019340605
2.1798636485815908,0.4219703239396906,0.053802372043151275,0.15974891230920615,0.014129894678990553,0.7156222576974107,0.2638950321594278,0.2937516241187099,0.07684859554144755,0.13412444619267214,0.1339319686038105,0.1243698214539294,0.06098531875195626
4.181142426382704,0.4293010137569141,0.07038221537554172,0.08809025756297129,0.04832221982731551,0.5904338491351863,0.22443620573068565,0.15144832778528627,0.1052689817143013,0.18945507491543334,0.18902183543515816,0.16796883805335816,0.06877249973133623
3.0048449901678365,0.43716261023118097,0.013940502973945498,0.21069050597136846,0.034339049827582104,0.7773957591209109,0.4006450542356306,0.29387195187515996,0.12213934845064833,0.05478530975907194,0.0546618539570504,0.04865742936928549,0.01713939228538036
4.875120747791936,0.30211204818041393,0.023070908097405377,0.13001632064771568,0.015190984627362784,0.7755956539250735,0.40720032673272866,0.16094155101720672,0.13671221766465091,0.24235789052358817,0.24156181846107833,0.20385834823420715,0.04290359669906222
2.8086852047133006,0.4046058667132333,0.05927201738994517,0.08210774381657182,0.037897612820438485,0.7227273523580027,0.23458094624316525,0.19229527583550104,0.139637098364346,0.15020754066532152,0.14996241526547913,0.13784690279667325,0.06344349886125623
4.878577106013922,0.28351564121521056,0.017544445162247103,0.21328357085351085,0.025257382138839733,0.5594634125094632,0.25828458533843923,0.2653801548845151,0.09397874702019056,0.18510471201979917,0.18450597902443688,0.15611237054891464,0.033647238649595186
1.408482628675955,0.3564823292161442,0.033564779799573966,0.22336250669507496,0.023420292691658816,0.77610789770916,0.3408476046408646,0.226943503267053,0.10331720660649218,0.0872045951914048,0.08711238998176679,0.08248641458517031,0.04997494245443518
2.292164855978914,0.38947438493930997,0.02276640375219024,0.1285104077271463,0.02588529681407132,0.777796397822915,0.42793419954361556,0.2953103019193898,0.09579865752831648,0.06559601222988164,0.06549414761249768,0.06044906666943581,0.028586603725303063
1.1849931297942944,0.2890948772405205,0.04897312114545368,0.16627261292467005,0.014646738431592263,0.773961289375403,0.43983829473891195,0.22801254017848782,0.14195199930327887,0.11808827016667535,0.11798825218439095,0.11294267596760399,0.07560413925295288
4.575775523351428,0.30649789762586505,0.02862621412932974,0.16331238987202037,0.010710697280910831,0.6099079810798954,0.3788299763976779,0.194904966033509,0.040239714471996896,0.23935524934493196,0.23864014925594537,0.20451234602606494,0.04956706133011101
1.3292603039385487,0.4289893283986374,0.023564707531309972,0.15023093067359028,0.033781437320196825,0.7888058050182425,0.3969313448665138,0.2732284413816764,0.11778558280466397,0.04849511637214042,0.04845027796560887,0.04619290937950669,0.027659020847730587
1.8910419512655117,0.3946132926050977,0.06008319120209461,0.1403442576746834,0.0455077793379666,0.5944053115211445,0.42516158965775974,0.24435854372777333,0.14841695659309476,0.13948508127507475,0.13931730155998098,0.13093158893432066,0.07035077182632728
2.480857185836502,0.2917878382740925,0.07232469306913282,0.13487860345186609,0.041836292762472464,0.6431443167090811,0.32852553805048196,0.16837057541843237,0.048654955198811065,0.2649697009363312,0.2645579938937204,0.24416771621523387,0.11689517336562727
1.0449288032526345,0.3037838637134789,0.01652045811765103,0.12190823416778251,0.041923463822300146,0.6152544941560003,0.4107182430040534,0.19953882163036454,0.04259844021558693,0.034653747683321814,0.03463122671196556,0.033489249251168376,0.024613223805080676
3.748418554695144,0.301487108585986,0.031864880561135255,0.12616157424019175,0.04149402552949153,0.6234589280322741,0.2735802429346364,0.17334497822773712,0.11616197042976878,0.15935233714876149,0.15899287782758145,0.14151117356857093,0.0485530833995973
4.579645871754386,0.4112151685617117,0.07951989122088508,0.20714176244765337,0.044829206588187745,0.5518594091360347,0.28128511774104414,0.2884860307109792,0.05450012928316501,0.4064183566704741,0.40519093759274016,0.34666183434166187,0.09358528725004396
4.522396765926564,0.30031167918277735,0.055028994109313945,0.09730323533236879,0.01926141410237793,0.659289302429289,0.4437458873966005,0.2868433633224712,0.13901578127272396,0.363263516363068,0.3622503333230059,0.3136491449444863,0.08353538191372364
1.4574332455134547,0.2672923808879584,0.05177343085173257,0.1902080603159376,0.02204354748131258,0.7611786544229311,0.33235129236633965,0.2934479186618545,0.141089550720227,0.1417572272203509,0.14160984644204175,0.13421227936870295,0.08199769475644171
3.1735199700229924,0.3104173826649135,0.022293658680761913,0.15920978857968143,0.02412282061463468,0.5853754433685379,0.3443908502826146,0.23800111667401597,0.05483051196740384,0.09934435211989862,0.09914389600113002,0.08933484577757683,0.034316640682533914
2.2711497380840555,0.26093686217310424,0.06846217584199579,0.13994549332314654,0.03705239435692637,0.6784266068465665,0.3956453204266703,0.2926040552220053,0.07333783601125851,0.2499767408948649,0.24960547984462192,0.23118552001740977,0.11434156204467257
1.5117258527499096,0.32774559848494944,0.048567976350917516,0.11316363663345487,0.04248174648797766,0.6804101652643852,0.3309430059763592,0.2595412322426616,0.059680613551206754,0.11127491795768858,0.11117113444717606,0.10594730432072515,0.06779395499874584
1.3885821007049013,0.42911244425278294,0.027228770948774544,0.12212717350554789,0.01013646093561555,0.5726967750037656,0.41201279744381036,0.19564699984118228,0.056431453615215656,0.05309657948949337,0.053051589268419554,0.050782002348587665,0.0295584109785184
2.8337632344424857,0.35400206342880325,0.011008035946527085,0.12580500596330058,0.01825613318261874,0.7166135646478564,0.43274554225065,0.18246910173437358,0.06956250157550611,0.041845756941351925,0.04176769457936449,0.037932713939749875,0.015661341525560177
3.587458820919198,0.3125994090469767,0.04036835797030043,0.18882254630479672,0.013981601239942416,0.7029382690711402,0.35045475292563943,0.17027942071069155,0.06641284049384007,0.2694500397125658,0.26877496018158575,0.23615456289416556,0.07196860622880462
4.699597499655524,0.2682876657244835,0.0601736420196384,0.21512291002100725,0.027677763943954603,0.5803344415824879,0.3173832717545913,0.18141560154163258,0.12105959819394488,0.7153154161472144,0.7130230171242217,0.6042277625516319,0.13208945968958105
1.8193291594190546,0.4122912337929351,0.06019481302043128,0.18133295221770795,0.04719918321651353,0.7474631853549758,0.4205554357162953,0.25124949136057156,0.07449184850195531,0.1582571525088078,0.15805051740744647,0.14775041827984994,0.07764620948791315
3.1376926860339798,0.2545284563069272,0.07244715997634472,0.2466996122391455,0.024960869361963626,0.7525190539890219,0.2771527460598356,0.2302004252618312,0.07560799193939852,0.5591121476810281,0.5577901832475554,0.49367886867613664,0.16086740337622948
1.3279861977254352,0.4432220101572746,0.039266264216825664,0.2488016283549183,0.016339006591362736,0.6800433213259766,0.40506130634200044,0.2759270463347574,0.07925995274270015,0.0876378711658697,0.08754945586188384,0.08310800892854668,0.04924742116578793
2.2468403257090492,0.4089425866558175,0.020345537799064083,0.16858002702456704,0.012445589243387794,0.7196391431939082,0.25540587818746896,0.2025453278416574,0.04279407924384151,0.05702051160354793,0.0569351576607586,0.052701647657875196,0.02534043164576067
4.73962783136742,0.3519453319368978,0.07999906841188516,0.17749706937061566,0.04155329523881606,0.6861800933254736,0.4303539745192885,0.24164277357495903,0.10740964407302925,0.6896680019424603,0.6873872429427599,0.5794280774276609,0.12065719452150737
1.307489159519036,0.3516005599438864,0.03099570337419713,0.13574086993808943,0.02654349631492474,0.7813609107102013,0.29734013740120524,0.1893040041731416,0.06750042582388752,0.07043891468847914,0.07037805638946687,0.06730932049783887,0.04444194682326031
1.834905740331424,0.44147792531125596,0.06974588381590253,0.12134081331162463,0.013096349116992093,0.6989351167938422,0.34936332226897265,0.2980647862382555,0.0477183217270394,0.14657301544839996,0.1464026562659194,0.1378790146795389,0.07320297000202275
2.451853897999465,0.3526996667038142,0.050819580431856186,0.24561371597693715,0.01419683826683121,0.5765570191229024,0.41014974470184246,0.28107571128224385,0.06281692588556327,0.19546618329021448,0.1951173445711949,0.17794393714142237,0.07635189044294488
2.564788851859145,0.2947528690870102,0.016970504011062794,0.14696298789131718,0.01009956682810393,0.7195261654432245,0.3816731740296687,0.24696072396683988,0.06082967512130149,0.06887043168131962,0.0687521601093926,0.06291944146899803,0.027874029552320084
1.1131309318325524,0.37823882586950125,0.02644914872446643,0.21746029454228405,0.011559850669243418,0.679163777160011,0.21572568331837716,0.22335649801680676,0.0583595827420373,0.0560462234560376,0.056002938468778185,0.053815089440378536,0.036568615721016724
3.8562118847139817,0.3156392751893221,0.025933246358210926,0.21444027779002928,0.01096151715415552,0.6166170749465669,0.41929673082508195,0.20980228033952353,0.0721234639688115,0.19816352157125947,0.1976201334393821,0.17152289239844518,0.04671352420575388
2.5084515503881324,0.4048096077132172,0.06947204596147637,0.2223166499079512,0.02999315927202556,0.6615378744155328,0.4400473860478902,0.17664290539004215,0.07745174231951171,0.2553843215749801,0.25491307158467236,0.2317497671397927,0.09659260506647638
2.715681392341067,0.3149266161818364,0.02486173063527538,0.16305386281915496,0.016585460923543047,0.6517164233231938,0.43199825480542375,0.29009736573322265,0.040122597743910686,0.10190250520071265,0.10171569587771458,0.09253060810656619,0.038798321929410684
3.6227931054456577,0.42255021327886344,0.026399466530425117,0.11159343716416245,0.017502511555712624,0.6392552677081144,0.3920963578983638,0.23187618516213665,0.10728327611551614,0.08394129022366756,0.08375427921526349,0.07465275536934264,0.028440324051902013
4.394788168178831,0.2794431848001135,0.05050290480193235,0.11793708645143683,0.013282975908374302,0.6103910392450118,0.22335760218896636,0.21813567288755825,0.06584123206630253,0.31172167121774147,0.31092621572480267,0.27253514357651687,0.08124498040910555
3.4984919620363812,0.2748545034745743,0.020208462770258805,0.17688866134886377,0.044138728744778574,0.6182889347395382,0.35155087160451404,0.28003967642170635,0.1498023420539761,0.12089006947246089,0.12060956832514325,0.10699059818671408,0.03560103543313146
4.132983220668596,0.44568490656486376,0.05396339525239532,0.08917311803026971,0.03633367298476691,0.5643626776076701,0.22944823981537127,0.2047153246742922,0.12138036921850417,0.12800511288064748,0.12771863928793917,0.11378007442762642,0.04889953884652149
3.6076116339227013,0.29692252423027,0.03131567791731109,0.17977716939976326,0.04624100921901938,0.5834024114568599,0.250181319196319,0.2507183500584898,0.09679037999653663,0.16880152984504312,0.16841373284947866,0.14957413952751475,0.05031582226082882
3.8757903282355475,0.4384027664180906,0.07961788451767472,0.216452399898532,0.033719684601562924,0.7909658430762607,0.21455628669748872,0.27346791062878145,0.04785763419668844,0.39328175535808535,0.39217855704646526,0.3392812282048438,0.0972997093340605
3.4121402288640885,0.3767038225445283,0.05348277038790915,0.12413510952307058,0.03297615624472721,0.7706459405583626,0.26439096239196086,0.2885270503798477,0.1098585867944617,0.20217147559472637,0.20172994885315368,0.18021711769696708,0.06553183435083323
4.07114964146248,0.3476134168805307,0.03432412557147562,0.23001588805460466,0.04542618358611302,0.7928266052557649,0.2452302666064253,0.2982321553859224,0.10611537851456285,0.27575959629956254,0.27492558829557506,0.2351605809449616,0.05600752926258914
3.1289345467357847,0.39875704829848047,0.05961415364495834,0.1928335004936295,0.035129417333872114,0.561948353528844,0.314423817804209,0.18504032079324298,0.07006477945616464,0.21544171132631268,0.2149999294235708,0.19340027536691126,0.07487075244419017
1.7732285637009433,0.3344808184810038,0.011706415413605542,0.14755015787650244,0.04439453151958404,0.5735777434876425,0.4095727280492456,0.16911267983026101,0.13041145529385162,0.030300964325488802,0.03026689635884619,0.028560674155075867,0.016750866189256405
2.7408945513738168,0.38458868059392803,0.0779812523513281,0.1818153089571199,0.018053520641716787,0.5536607845652078,0.2716071339807656,0.18303996926984975,0.13954577058924786,0.24122739636570936,0.24080786605235366,0.2201298997389876,0.09629155888280011
4.988797289641707,0.2746635113201975,0.055210176867291925,0.11189860336566376,0.022969261617976286,0.7393952628746191,0.2680966846566271,0.1761966497720019,0.10107199591030126,0.5271767470478382,0.5255462742833182,0.44794285338238543,0.10327201899098853
1.228943761424859,0.3040403143252451,0.013148816341934284,0.19357012328137443,0.03149024779801398,0.7367358107186421,0.31864977974712994,0.16595801804206767,0.061325417113065245,0.03312976158484748,0.03310097451066698,0.03164959401309315,0.02096707310258222
4.551163998257513,0.4014154514708156,0.015787521631159873,0.1334331103428842,0.03718086415360833,0.6761961804921877,0.3473273139207008,0.2172395164037275,0.08875149325751475,0.07691776649674627,0.0766946030422855,0.0660205814071767,0.018792790955212555
2.0530019664220633,0.3985401418339444,0.02921496708021573,0.22251016634173987,0.033430012664889736,0.6295265053962151,0.20743696638615897,0.2752127096021537,0.129502538143541,0.07720773162079866,0.0770995213645617,0.07171902489967645,0.036071301405735466
3.696944288902041,0.37033324151339075,0.03487234434828611,0.13034296700617598,0.03484680493783448,0.5741766661316495,0.36653251901894945,0.2955135592336108,0.07443133167384586,0.13138620504121323,0.1310902183797578,0.11669430217016999,0.04170459642892622
4.281635670619917,0.27788700258808574,0.057451200699436274,0.10971470007131776,0.0328057010240095,0.7495083864366157,0.4336301072379388,0.1943246411425908,0.10419875607945911,0.47445268203885965,0.47312765129317086,0.409573459154135,0.1088946595706668
4.571491295982476,0.26264867193774105,0.046408825853359696,0.17586218036663065,0.023565392448495363,0.7288094220145753,0.3358287239135028,0.17179942635533202,0.10732935947462091,0.5614036739642786,0.5596316848821861,0.47543013483180746,0.10635048044707061
2.8366827569883624,0.3485226195899955,0.05475250817692121,0.13782975093349925,0.02919297893794713,0.787927986347023,0.309597481864359,0.23878911176251844,0.07031977369401476,0.2116259990670568,0.21122580574474836,0.19157847482500856,0.07815495765217809
1.9736011542350307,0.3198288801066816,0.020517885218801185,0.19987059700610865,0.03804858515241443,0.5788915907796717,0.2519927148014629,0.20405697992558988,0.07356587999198803,0.06123557859116706,0.06115638697203935,0.05720765688334283,0.03099138307517187
2.9937073013380093,0.30121364701645426,0.027708474092591716,0.2050966251031568,0.011688516048168559,0.7136805465418978,0.3235443729698437,0.2326127200397209,0.0896022400209016,0.15001931194742002,0.14969958671586034,0.13410013158569592,0.04881222629433934
2.1803069844107483,0.4176918585449069,0.011921663626672633,0.13965179912141795,0.030563183739827034,0.5664549415424491,0.25604990214394197,0.19320072986901732,0.07059118568601866,0.02719254452722918,0.02715724916923652,0.02539753510788516,0.012931626181877024
2.649165364923461,0.43460503458462363,0.06800888354096238,0.09572111460221885,0.02599923727136487,0.5646160613055917,0.23277037570380313,0.18087500026513564,0.1303550614309522,0.1417748582076427,0.1415688025771764,0.1313369877202674,0.06448944797140883
3.4565706239871985,0.36530128462485556,0.010593140441303838,0.236157544794948,0.02750447852404901,0.745337898149245,0.3468730770029166,0.22118255582347512,0.05335726383109827,0.06721855230434991,0.06704321525795687,0.058593273686064325,0.017003484518542476
4.357478344643853,0.38441829889335266,0.060255968439346254,0.0809255874486605,0.021248122184132016,0.6775628044107962,0.32960619837453836,0.15464710987762859,0.1437555076937601,0.23776549557477378,0.23715959714510165,0.20791447073590755,0.06938326798217091
1.9924775706587172,0.3926810874017911,0.05492566343476292,0.10726503339895113,0.022543804095283594,0.7555962563897327,0.41174470046612166,0.26866869487227196,0.05004984835615456,0.1376425214196108,0.13746480564218255,0.12860288551477167,0.06714533394823197
2.5493428070483457,0.3260523466786631,0.05277287412680764,0.18477966149217412,0.041814062857047786,0.5847849919101689,0.2663119183922657,0.23350254997203906,0.1154775234194454,0.18204769148897573,0.18174824349723678,0.16695278144478493,0.07654755809224648
4.758510249312115,0.4380625843287377,0.06590062765842308,0.18610660955848118,0.021568722574929217,0.7173335976998056,0.38315122267302343,0.207641366957955,0.08862097740124647,0.40385929330812426,0.4025029090057047,0.33838352900246765,0.07994140410681638
3.40102228752686,0.2614357731675416,0.04118769059856359,0.16627688640085098,0.03322827299878037,0.7091256327708498,0.3158216480692163,0.20133769608497604,0.0717740308337575,0.2711202305837267,0.2705003600371695,0.24037780556775099,0.08128594439013895
4.257897292935832,0.40630686779855496,0.01731877975901272,0.17056814179200014,0.02671750189770778,0.6086340688913062,0.2776715114894761,0.29997413609565104,0.13177335270455529,0.07350585499520979,0.07330544384619164,0.06367643873853113,0.019453496186734996
1.1707626150769128,0.3699856158162492,0.06393419333310375,0.19842929039700127,0.04895518959699587,0.7564530332045578,0.2062934830538513,0.24763375857143693,0.07929537499995716,0.1375927555702885,0.13748064495845244,0.13182027911947256,0.08910804221112394
3.5997514769719263,0.4121191894272126,0.06758242585547257,0.11300463478660877,0.04959039750105779,0.6077740686967985,0.3662602955355029,0.2490568232972996,0.04741942795158939,0.2139500825696801,0.21348609300919588,0.19086987658711904,0.07392202595056874
4.747973889162408,0.32300330592005455,0.04946917991038193,0.08500880677906138,0.018729371808080826,0.6130860911982832,0.21375914365183776,0.15876810642005176,0.11318999918116363,0.24021237585613187,0.23958698775085346,0.20944406129668608,0.06406294140289218
1.3197497016976103,0.2754572704135933,0.048627278489018905,0.08358300235582453,0.04345919802795594,0.580954594158063,0.3992973498191232,0.24566024373573922,0.14864840696680673,0.10340734538497462,0.10332906883287589,0.09937097720512574,0.06941883492635229
4.664331732059447,0.29200832892203843,0.060457090070269864,0.10608940975226519,0.036259129243293824,0.559757958343676,0.3367407748179977,0.20486506294831744,0.05578793583626409,0.3805293676793763,0.3795061856414005,0.33029845157549165,0.09226093970918656
2.85963931643907,0.434809576185186,0.011057234639985862,0.2258178235703509,0.0323340954173582,0.7619240620833244,0.4454653779638099,0.23676555579036246,0.1382231847154271,0.044849715725757064,0.04475116328653025,0.03995099298549319,0.01429500957609389
4.3320642987902005,0.3202800377031483,0.010720277130803462,0.09222625373846519,0.020295202958529726,0.5654516252747884,0.32697006982252197,0.26717117483413205,0.08619915535437445,0.048738493365455625,0.04861959026124739,0.04286433313107636,0.013827253596415871
3.1487866037673986,0.37644916095893177,0.05646689384223548,0.20080910494357257,0.023297981858163078,0.584339185203948,0.22227928633455693,0.2747434440138117,0.06747989865715005,0.20934743493064398,0.20891776382640395,0.18791123521326522,0.07187590213347983
4.883741466746636,0.42672415084522475,0.07053496418608257,0.2042388832564472,0.011919286175117415,0.7783520105200659,0.3579668162013854,0.2901756842630424,0.07122725103332411,0.5363347355336547,0.5344082394813804,0.4438810772730935,0.08871996700900499
1.7473775044255198,0.316134862642336,0.04210151568635465,0.18595731001363647,0.014841645495325417,0.5795413053627082,0.4040507898907989,0.2496553860392382,0.05421783136617599,0.11806285759635701,0.11792439861348121,0.11099872185888787,0.06366764178188002
1.8110654808546758,0.29687292409788435,0.035155307120897615,0.23503355411760052,0.01637994677664941,0.7068545895052819,0.3645074238263092,0.1586765689244525,0.07581801535590896,0.12488878560042317,0.12471995568325987,0.11631442739867086,0.06128392889264069
2.978775728050165,0.27260663541447566,0.01462256351066708,0.2427902403662816,0.018934060444299388,0.7094192818032508,0.3204243516959398,0.18189575402395855,0.1158951637120037,0.09661111277966955,0.09639647456950629,0.08594870308206305,0.029970360792977876
3.0656245938929407,0.3637116480615933,0.055695692000413695,0.18159238844062808,0.030151854897083837,0.6825008733551501,0.37701640672342907,0.2055847436603611,0.10224285928454208,0.2421654559926539,0.24165255930920765,0.21661964054322055,0.07934734660531102
1.7694191168078963,0.31456162620349903,0.02993026907663405,0.24770066197395352,0.03528826334250654,0.5695762507374796,0.30035671243286644,0.22395318981933632,0.05389017096831165,0.09184637497645622,0.09173144169812095,0.0859942748886711,0.047520348562779834
4.464936810639231,0.36116069717344673,0.02932876003075966,0.19900832699276683,0.03854672779787372,0.5587802085746448,0.27760503675805936,0.23238658971659149,0.13260251463940376,0.17617419496387351,0.17566050219188617,0.15109947515342773,0.03895280988520329
3.6457849686744193,0.25229724621845356,0.06924825861461592,0.08107394800986874,0.03357608420417048,0.7363905476627493,0.3355359336160375,0.27121451117163947,0.047948152376769124,0.3933990078684849,0.39253426008325,0.3504160132090806,0.12356270373233641
2.6024598960356373,0.4032374549481256,0.015501156239833527,0.17163514794962326,0.04283308870113093,0.6364072947262507,0.328951490287847,0.2843845047841804,0.14477821114717776,0.04487783010416672,0.04480082726430187,0.04100318542522121,0.01810935076448834
2.2403407830183175,0.42690650776271777,0.011537654361596428,0.08374654421869025,0.03572401410337643,0.72110348924976,0.3161704699647947,0.29804625252967887,0.12704632426292048,0.024625565840965608,0.024592591299487033,0.02295034191063038,0.011532205087152308
2.803285607528667,0.42845375374348493,0.07275095977599125,0.23704575764314662,0.024452198220742682,0.5609892501635325,0.42664427827179296,0.27178326445742446,0.12739528692868296,0.2505607698658609,0.25005619758461806,0.22536306298837386,0.08814051408952975
4.197943988685403,0.26666383468117616,0.04679762056415068,0.19607186627678308,0.04372282332203443,0.6007452120779838,0.43383117591392606,0.15336386965450563,0.04452211901851792,0.48354467659989847,0.48214029526526686,0.41497324087950715,0.1046340705280353
4.308494513146613,0.43701396027857864,0.06580068035258006,0.22735370722689402,0.03790993749653013,0.6930378537953751,0.38134501333041393,0.23654930942316094,0.11277357885970113,0.39977478925739673,0.39850410238337125,0.3381578023262967,0.08195469094201431
2.588499340757868,0.2834552861973535,0.07972481203391966,0.17107526042820675,0.0346716691527567,0.6645569910885236,0.3267218403426332,0.1739055607836001,0.05426370672404771,0.34498688053964566,0.34439181339324526,0.31505107371912605,0.139069301714442
4.976278997695925,0.4327197767121658,0.03215207147355769,0.08660810054394943,0.01167271368141488,0.616350315762851,0.37214365257323667,0.17801754927504485,0.05632995736017811,0.1147290143051585,0.114397449375217,0.09853390274680576,0.0332280287459097
4.817721127110547,0.37348447300578813,0.034171963615058816,0.215319336025591,0.03592290524379447,0.5814147378360635,0.3043140723148119,0.1817107508422237,0.04170938358927313,0.26178063651919015,0.260923145902653,0.2203013100228036,0.04804910557716628
2.5824527950808225,0.41538351614957836,0.05133611242537502,0.15091344140594318,0.016081911970573015,0.7604231428982892,0.4190029874196499,0.26861728887495195,0.10827465734399269,0.15945723688475194,0.15917226627413694,0.14514400199704997,0.06225078573846354
2.21100635705345,0.30064296290959985,0.03311788497950966,0.24416249237172177,0.023025174163319506,0.5561546593111537,0.25301127118720357,0.18550743863155086,0.1153917759073047,0.12178675402209228,0.12160070100060803,0.11237995457398202,0.05447202346218875
3.895981744956005,0.3874966743190513,0.02193800296317403,0.11861745921109917,0.030752140596643093,0.618196545914919,0.29826013139413565,0.19912743787352477,0.13959747003903938,0.0796040117724111,0.07941861488649649,0.07041919398097765,0.02516083738618223
1.3100242818018442,0.443797977387445,0.02881508127397335,0.108794877860436,0.035458633656279416,0.7874574083373532,0.2048821488491938,0.2960732235294752,0.04471548710253672,0.05268901217115519,0.0526462584666291,0.05048747183088833,0.029467503150036524
4.695112972181022,0.37211292510889477,0.07900281366014122,0.08767958131759551,0.025975582470618007,0.5827898049318858,0.4421667211686322,0.2999173138524729,0.09186308663971915,0.34184674841373247,0.34090694522892295,0.2957793447698491,0.08971262239209685
2.98102457808541,0.4174367713804833,0.019172899611592596,0.15103252265074452,0.02701491421050345,0.557503028814564,0.4109197099501066,0.21522698636115573,0.11681827545840853,0.05687453484386604,0.056767248133601185,0.051499413094461,0.021604580123711286
1.5436148947528203,0.43456003214700467,0.07929355512075908,0.14701790044234603,0.04102660464689115,0.6437169884766712,0.31821223379275876,0.22458031097067752,0.12958096404808742,0.15962338226994888,0.1594666190875051,0.1515862836648113,0.08556144981586772
4.606710563079106,0.44540848378095815,0.05823918110120083,0.22132166339669695,0.03950223414759551,0.7283270746611683,0.26104123496517045,0.18732126745432653,0.10409821372544709,0.35287895201751607,0.35170984418280876,0.2963789500090483,0.0710849531758864
4.9548206827177985,0.40303826555038147,0.02496395195274584,0.16226546630668842,0.0322978387881224,0.5651523748482002,0.3127675494755222,0.25528597171300593,0.10018661293032147,0.12462910273106508,0.12424215587955302,0.1058308170443703,0.028508876038514236
4.5323358759611985,0.3114261172084017,0.06126236636068208,0.23839869498844207,0.02925001707010033,0.7285393309593957,0.2094933594538738,0.18658231801010178,0.122965403142995,0.6827557310865509,0.6805101670252487,0.574167688619447,0.12059285651506958
1.6074816304632717,0.3808952050220967,0.06309368065867513,0.09874038972207197,0.049902010216924086,0.6136196391986588,0.3898594345504982,0.2976368383834494,0.04246223543409118,0.13041183430356482,0.13028701345270577,0.12400830067461237,0.07227029514488852
2.851569417818376,0.33534115858228314,0.0745222834092508,0.11682769283960645,0.03295069937460235,0.7305787754431262,0.3946405282194255,0.1699021257708726,0.05505076446816117,0.2930033213994095,0.2924631297029733,0.26591002412529074,0.11094674963641275
1.3662733266415577,0.32647626708585475,0.04380710605203008,0.16538385188945467,0.036933508204853305,0.6363244347195489,0.4194203473374961,0.21025476478311214,0.10686745444389725,0.10442103838058024,0.10432533729536,0.09950629140978628,0.06445026540037033
2.304786914147977,0.43223867053635123,0.04826742000694717,0.22758230504319732,0.025586398000592044,0.699704961342183,0.36614601058137314,0.283868093185933,0.07979951726220948,0.1478911591146869,0.147639774189918,0.1352367598036397,0.060057137928428865
1.9297858099907255,0.4075131812070419,0.023295010302057752,0.24726670346748603,0.016900184978633673,0.7837443055668493,0.24911988892842912,0.22553773902580354,0.07782532057412551,0.07041923802632358,0.07031623085942516,0.06520259485198945,0.03244525713327686
1.9560054145473518,0.38608631515301606,0.0406332539179433,0.11717805344228324,0.03217243213924296,0.6499174823841867,0.3184194971990131,0.17871472346941647,0.1438485617990272,0.09529762444365181,0.09518398789578918,0.0895028363434569,0.04803069149077205
2.4285975181412454,0.2844000416916903,0.01810976179168524,0.21397097414870597,0.03094080191036859,0.5655351144970132,0.44638726467836476,0.2393396462786606,0.12202280121933004,0.07616410720977089,0.07603432849377743,0.06963189850280013,0.031044046983145092
2.1551100845701052,0.33360559408739743,0.04941310141978143,0.15184539723987373,0.024828655865817423,0.6731720928100337,0.3245908554985413,0.16049856673123758,0.07677086554718691,0.1541203753771698,0.15390439015870408,0.14316500181986588,0.07367830241803552
4.00666818771932,0.2964364384405897,0.03173451176248393,0.18578543942473472,0.04843649550456254,0.7997251186367597,0.3280889646895232,0.2803836257201652,0.04126591010774351,0.2824492960241554,0.2816359957812501,0.24271354187568392,0.06192733594563239
1.2485440903783553,0.4210686898255519,0.06088838777399519,0.11382288443884553,0.043499976952646846,0.7368901198592988,0.42378012930696546,0.20383000728418305,0.1460351763474842,0.11908266670495062,0.11898582453611393,0.11409614889651946,0.06968585068732326
4.902920074969806,0.34993417042952907,0.04088547747734811,0.17888054772737885,0.04736740605827969,0.6960258530872441,0.22429018273136503,0.2116297030827381,0.09336317194053623,0.3219011019685905,0.32085505385259006,0.2712676241420284,0.05811371565062824
1.1183630462162193,0.2789066312817621,0.04617333773262967,0.15941247282734844,0.010460402538530004,0.6500285306890599,0.4416768773621865,0.2078829398289786,0.047484867620881485,0.10800997659231906,0.10792864420152641,0.10381560634292643,0.07266020765655155
4.083059250481918,0.40513178400337346,0.05086592212018113,0.24637955758595886,0.014669858062038774,0.5779545471738984,0.24103346250022145,0.20698420468937132,0.046801533761710486,0.2820899147574461,0.2812876591901109,0.2428587070591324,0.06669310080352557
4.0634133918426265,0.401124498085899,0.01511962631458914,0.23019225913065483,0.04750552550794865,0.7665801978780786,0.42678611096352204,0.20497793060491404,0.14000065564759023,0.11284975843440632,0.11249667636762684,0.0957070067201205,0.02169136969151219
1.965150589905257,0.3420005419799818,0.07676860650023218,0.19346184367232921,0.03553785550027178,0.5866714857979238,0.40910019879900233,0.2588455000772493,0.13743590640922612,0.22081478710552266,0.22051918644596397,0.20579708654905238,0.10910967664452978
3.012186218661717,0.26735348019131805,0.03343944966813116,0.18753772177584133,0.02805423006300655,0.6291595240340689,0.42071898132565333,0.29844222821157074,0.14423869371703738,0.17980575012522276,0.1794322361516894,0.16118297840469345,0.06019103241937597
2.4176888172283313,0.29391166459147444,0.05709337767723139,0.13853216902940352,0.015048086465376118,0.779844331491415,0.4218365786514964,0.17037739449210873,0.1455541267834789,0.22976302353816677,0.22938173819821542,0.2105498977109698,0.09587104059699034
4.3963499556749746,0.25302874962887967,0.030795170924236982,0.09817230845728424,0.03163524056461836,0.7365039658208687,0.2544608466946056,0.28212624880912696,0.10708542478461627,0.2280849854268424,0.2274796702804642,0.19834212646649516,0.056329084724780015
2.153529624001222,0.3988641189830222,0.041987171508036214,0.11610528087901648,0.03150682411737846,0.6175923422138435,0.259190235241333,0.162097277511313,0.10030136050378113,0.09798545913490514,0.09786135406235628,0.09166880756090623,0.04731817002423916
4.840721130221552,0.2570725115688823,0.016304026577882096,0.12781155186679916,0.021790435271702276,0.6254012842492964,0.24241886515974514,0.2339845156450056,0.08282159410174482,0.1403203270243625,0.13991426967146556,0.12048857442142105,0.030533542756514983
2.807565522696112,0.3595263455626856,0.04652702102590488,0.1746672056677823,0.03675845570559599,0.5737378471321185,0.3359650681181847,0.2720483715431141,0.1059018868457205,0.15804479650136669,0.1577583104277936,0.14366479086894265,0.060767625872524204
3.4784125458068105,0.43383291936710655,0.012453608100881343,0.1953946048619004,0.024564003145324743,0.6918017116557154,0.3908895459671919,0.24212572014153694,0.04036038280043738,0.05290299449842715,0.052772501653693744,0.046460671975088325,0.01531333452500358
3.7843733242073907,0.28812469092381277,0.023725113524819652,0.12328212282354244,0.038666261160038136,0.5905802871129179,0.3610176338131509,0.23402991381448116,0.05525816767391846,0.12760702182992315,0.12731424254247045,0.11308961871484863,0.03809637935375045
2.926994051692435,0.3129956888600316,0.030755718840991007,0.17860476455945412,0.013817711868250539,0.558640121163721,0.35351578315099325,0.22498084422820147,0.051882817344478,0.13025072590360656,0.13000353293126266,0.1178698265009288,0.04793075644930205
2.664065872029397,0.41431905197269875,0.063282717742935,0.10451140747280428,0.047709237567206214,0.6617817355510563,0.3492165897564688,0.2281508833448574,0.0525799680498964,0.16482744845534836,0.16456103892205967,0.15138819960888591,0.0698517659848299
2.516450594677565,0.39341831806036337,0.06959238538975478,0.18421526481516554,0.04172635777657347,0.6185875760742945,0.37057394261054544,0.26286798489384405,0.11241038003850165,0.21363125917545853,0.21326887534378985,0.19538769471087525,0.0868982309366955
3.809448024504369,0.3972445035295832,0.04333825404769066,0.21382357613933328,0.043700745973403676,0.6916937944312915,0.2179312700474211,0.16977690412021404,0.1398760036919701,0.22092210420294567,0.22033829092013915,0.19222759297265693,0.05698584346672303
4.165674766956611,0.40241893063592005,0.027593608870293697,0.1853854547151335,0.025648379060751736,0.5573463096726207,0.3749345289176786,0.18124399487848464,0.06501443724813163,0.13515736453706484,0.13478676053136715,0.11698775696746552,0.03461292836636404
2.2881615707278757,0.37931567084562856,0.02699862566013049,0.1255467650026143,0.017930012022227375,0.7748204252924702,0.2046034449158964,0.2035677998732327,0.13452141155666095,0.07323527460844792,0.07312945839265532,0.06787392695055156,0.033387968790207334
3.879764155418876,0.2792095879537701,0.0286949060810398,0.2444778962833139,0.04198812665734642,0.5965711663975916,0.32901520997237077,0.16888391349884993,0.08746736827807977,0.2645388190192179,0.26380319511190026,0.22850861716768062,0.06110099376492482
2.3015950344081064,0.37766401712481085,0.01283700680911976,0.1343209105147383,0.021445549184675408,0.6114822823727162,0.20092290553504322,0.19011545911101269,0.12270635552329695,0.03223702420650187,0.03219305561302155,0.030004680733839516,0.015105703947412797
4.761739368591414,0.39016120822549016,0.042816887534915214,0.24011193870244524,0.02432738260347108,0.7610530862396633,0.2567200207756876,0.19436261600400676,0.09805519743102652,0.40383026522101895,0.4023969000909122,0.33496888485366577,0.06216177621994163
1.0933968571091577,0.3836650162891878,0.010547862850674133,0.11744249988907007,0.03391284889597107,0.7637368805899573,0.43533222992132137,0.292896934561819,0.056765926733695085,0.02069438978890684,0.02067935052673656,0.01991828148025543,0.013358434382608583
3.1653483061345877,0.318977330000801,0.020904484630729962,0.19076769546338207,0.03907782559439926,0.6365465269060057,0.3593043933401847,0.22007854150245143,0.12649177597605163,0.10436869548625786,0.10414301736235572,0.09314099039037824,0.03340649476362642
2.1310501864666893,0.28313263580127923,0.01812860168632134,0.2124984700175072,0.02475299351645155,0.5872910742758463,0.2120280426512039,0.20410621882594546,0.05710511151137143,0.0632879252109802,0.06319863911570198,0.05876016893654194,0.03010594069700082
3.1013055744489826,0.3248918423733612,0.07932837678259438,0.20326840217383002,0.026472923248719478,0.7025974276595925,0.4082433051516631,0.20844794365356845,0.07249482016612366,0.44137933320761985,0.44038958817724183,0.3922383635432174,0.13543500118346335
4.517838219329134,0.4373733204611069,0.01822764901054237,0.08978164268664914,0.02939633749723962,0.7661264432999371,0.4394259899203571,0.2725284141387665,0.06308896006186152,0.07416123850713514,0.07394709134263823,0.06370070379437338,0.019635901462301937
2.886201044002833,0.41078047085885816,0.05975713091262626,0.20535370810673848,0.017783302855554666,0.5627715240149799,0.33035972937548796,0.206125663073094,0.12371546714620296,0.198319367480774,0.1979355560156498,0.17911409576461873,0.07264359910058975
2.340631528955692,0.4141720962163827,0.03163421440375578,0.16590169070784372,0.03222602195258916,0.5720089707174735,0.29384722881000414,0.15613659129068308,0.08975761029060936,0.0825747625936399,0.0824532020167019,0.07641997796176228,0.036932815670702716
3.3841449099471914,0.4446358455645433,0.06805290567007516,0.09388852763279217,0.020961011819659498,0.5771890131366262,0.2126076912541263,0.1856597768279944,0.06285393553585104,0.15415542592514767,0.1538703096902347,0.139857574273528,0.06403900309617584
1.7998896103438882,0.4399283032488063,0.06877962040257382,0.1398138817273216,0.03562699275593746,0.7307035088751661,0.26087711524927987,0.15349717201352372,0.1365024454401681,0.15189745969882668,0.15172160543038912,0.142921979365275,0.07627360845818851
2.4248905309319984,0.32554225170695794,0.07043513360694033,0.14059746735853876,0.02749997647564533,0.6576262969932328,0.3973096739284975,0.18644609642386556,0.14240391442936456,0.2378682845931318,0.23749398650782866,0.2189659482611436,0.10385155254199194
3.3933506889413523,0.34780970303605335,0.0614518267270867,0.19441290550763515,0.02956658624790731,0.6826451829435676,0.3906574292283522,0.2218084540253491,0.09429872626918345,0.3334777081673018,0.332679277109667,0.29398760539120167,0.09444866020020982
4.235682240129009,0.2838451280501566,0.027029427904596816,0.13462335275220239,0.027117195459920515,0.7571628176698245,0.29690925266940316,0.2820127759655543,0.1363057237941421,0.20331077751847537,0.20274917917048685,0.17579134599769758,0.04742007846527965
2.7759820004961533,0.42220431409830955,0.0402450707264608,0.08214354422024632,0.03266171555427861,0.5925367782919037,0.20040873004029056,0.17584124417399224,0.05145147091641265,0.08790745496654088,0.08777628095649696,0.08126932237427337,0.039523560153267544
3.5643235649155844,0.2670003945960027,0.07323388335710637,0.20456530170959503,0.026949194247266724,0.5941371415896118,0.3834236642089808,0.19766225066447282,0.04065533193193819,0.5467734305072011,0.5454313984977064,0.48049801507127177,0.1500181508515859
4.415599025211437,0.2585931498939475,0.03331419844709591,0.0808010383959551,0.04072702925730763,0.6148966059320063,0.27842633807701916,0.1872586937475517,0.07295662827352012,0.20580679515533504,0.20530046224163948,0.180805511606448,0.056295350114097725
2.6277748457962735,0.2507689336860588,0.014412575416303319,0.23991814827176589,0.04160403165726463,0.7159808814701216,0.34520425503101854,0.18666451495974717,0.04053209808289239,0.08693680205519354,0.08676551596552623,0.0783735326901935,0.03079325297642743
3.336097750753702,0.4263561846947066,0.07886995929793643,0.10135118026852104,0.03454745012514114,0.7515875726427018,0.39128754556904355,0.17007844648272727,0.04400343271266518,0.2627640269186513,0.26220554047298716,0.23495279258075158,0.09137035463746587
1.825508181120371,0.2765341102039423,0.031212223617709887,0.13897322524459782,0.01711302556222828,0.5742870117978329,0.2865340971432657,0.17414785910302957,0.10499972656503986,0.08654038302549638,0.08644515987196222,0.08167312571550618,0.04848372368732366
4.140709450642394,0.32105705380146854,0.06831785857862761,0.13927725924971884,0.017029806161497782,0.7950329259330395,0.3024200760253316,0.21692018960091825,0.08119557403848174,0.47649714761544776,0.4751784119786364,0.41188512185466825,0.11082766192025238
1.3772971935829408,0.30018915757763387,0.052098865731899396,0.1597204116821796,0.033616886680624174,0.7128850249002692,0.376585814311617,0.18916793966700685,0.09362551713261616,0.13261742040225286,0.13249338253764617,0.1262505000819792,0.08104633617003865
1.2750280963920777,0.3396652380133944,0.0496833390907733,0.23855514680320045,0.013118098932136966,0.6232936132421748,0.2802500213969531,0.2670218465107834,0.12876939555585767,0.11486144212559787,0.11475744105336148,0.10951893731734379,0.0713078721297365
2.2325194845041736,0.35656024819979537,0.03585989440152233,0.20000637563429774,0.014349637856623389,0.7132997586893285,0.4254683659946533,0.2468003180466991,0.07671400847401436,0.12583205053462038,0.125627962157638,0.11553811606706345,0.0535546795917796
3.030270442724008,0.4136460204502972,0.06436641349613562,0.2282012796381796,0.049359634526283024,0.5919880227070484,0.42454237109399906,0.15774244057614928,0.05716350368444773,0.26836905839895625,0.26778488564586467,0.23931652942965992,0.08677202115811028
4.120233894466178,0.3504345697030651,0.05275348168100626,0.14182777814496308,0.03780144041527073,0.576092889464252,0.25182202997165637,0.22305663130680883,0.1493964744884235,0.23353800409737846,0.2329616501803836,0.20508481417583196,0.06613856357540057
1.452206645715417,0.36186985471139216,0.04870206715734122,0.13870984273824083,0.018965526784426725,0.6830598942217937,0.33359519028652984,0.20459832916376935,0.06913959241756851,0.11065281407842824,0.11054957389751532,0.10535313690649435,0.06549947080995003
4.9312755800802694,0.34379809809410156,0.03072479449302539,0.1100718656430913,0.046748334225408174,0.7907668571585988,0.3110638543959542,0.19239859580722501,0.13228477253168366,0.22394553359599395,0.22323768479501122,0.18960590120399526,0.04282647112592402
1.530702821702799,0.26114247576935207,0.07022535368077255,0.23380602871717332,0.04679165403020717,0.5688320202061261,0.41233089390606636,0.2978416796006982,0.1482688470874116,0.20083218547696238,0.2006123436527473,0.18959351075038292,0.11285207348935747
4.426433266876412,0.32613922052040145,0.06498841202222881,0.2012461607364126,0.040330918594826265,0.7853670015390964,0.2612399925912666,0.15040190617516766,0.09634044427377694,0.6343563110782005,0.6323445418506136,0.5367858971489089,0.11922247809875372
2.055383770185412,0.38024281134723653,0.036001963771301944,0.14889908061248164,0.01487135953527564,0.690259755606501,0.20212873328404934,0.1939618818857293,0.08997862961246338,0.09237605313472584,0.09225660259415468,0.08630042117207846,0.04504955145183257
1.703373699131533,0.268442554396805,0.030567305856387908,0.19258973888717298,0.03067792501445217,0.7814810759709827,0.31679369110452177,0.16537768258605592,0.09054623135907769,0.10205337196470682,0.10192849216554972,0.09569032308786152,0.053577456620919464
3.3970783365847144,0.25349906247733683,0.027412265685944147,0.15339116573334766,0.02698555130383907,0.6437725143194024,0.29749085676991244,0.1572979037675682,0.12144944036730279,0.16425456243327521,0.1638985812613772,0.14654637038633386,0.05243815006814032
4.543869915633731,0.25087067782575095,0.04428196552391336,0.16089940134466763,0.025056337074911776,0.6665876601167893,0.39585467872871305,0.20657533972018252,0.10199908497755347,0.49896908180234273,0.4974500912968306,0.42506246342302995,0.10028537692478859
3.358770828462883,0.28393591844492105,0.06310134767167458,0.11148397632305906,0.01815116001108255,0.7723979820046555,0.23795210349766896,0.2153858262178454,0.05288049998160164,0.31791080446776737,0.31724498638517684,0.28472858628646125,0.10547069952076098
4.425671725942538,0.41983715023738266,0.05796210710803592,0.16027850485914502,0.04610980980965846,0.782825001694361,0.28852866286892476,0.2526326727574367,0.12713709357969516,0.30145524805290785,0.3005452213628853,0.25714941735933583,0.06867260465985062
2.904150278815864,0.3117430796924744,0.0651854493282861,0.19803145204906375,0.04460598826851252,0.5759047030730287,0.224541316629741,0.15200525642071552,0.14439350501996495,0.274603415878932,0.2740872293523182,0.24873784290002554,0.10201831736078802
4.0094796621880775,0.39520367121875805,0.03101893302672991,0.20265388215666408,0.0457660813760552,0.5988177122577693,0.36173224454703334,0.2643551784457034,0.07164642582242352,0.16027105433796415,0.15983156380147093,0.1387242283994837,0.03960966288951768
4.801976894827664,0.4455527816402022,0.04288352571714352,0.0879271583194362,0.0443677695974289,0.6142000197336432,0.33021228393216023,0.2232591744058846,0.04768431113153318,0.13210632092990032,0.13174252480193674,0.11427578904344904,0.04178176633470014
2.1416931964325756,0.2639811380951523,0.055366833606309104,0.10670971598799248,0.03369527020976199,0.7848273150406384,0.4387857062787076,0.27029388816633054,0.09959240134987032,0.19340459697690043,0.19313084383509493,0.17952404242607,0.0917769598953989
2.24915932943862,0.26756605677932077,0.042854162680918385,0.1964650354176536,0.014929534657751846,0.6270853498597259,0.3870165306877257,0.22488739735008023,0.0863467388468144,0.17129381752836176,0.17102748081889943,0.15783720528395181,0.0755263539494065
1.4232535321286544,0.25211984208467614,0.04844372118653715,0.22515360275821616,0.019223076673705125,0.5548836286969232,0.44697259629176306,0.2510327964973601,0.1468217574576037,0.13485734667262916,0.1347211579891465,0.12788004585205118,0.07924073277772394
4.678706579098874,0.25207280342413785,0.07269139636684535,0.12840317304418056,0.025695197263546854,0.6392129234254798,0.2463220280849651,0.1985278997207087,0.144466883974533,0.6163851839406798,0.6146460414429812,0.5312909950299954,0.13933928318650995
1.0073589704365162,0.2664719458606332,0.05080803246630588,0.1708130315389063,0.03615326759975832,0.7015193247155295,0.21987042977373852,0.232439018215311,0.14359357147603716,0.1082630042093452,0.10819138346885247,0.1045607971915248,0.07642440255444231
3.9675407907663627,0.3282262539215649,0.0616077379561403,0.09769734768180266,0.016318984775368025,0.6218346290566421,0.4476758113971413,0.28393719087351343,0.0562014907159443,0.29596761011729605,0.2952544695900668,0.26070956373958226,0.08375656014744912
4.301996456962236,0.3615622874656857,0.010228481282662932,0.2157357467620793,0.017130588282032393,0.5533905047017798,0.35254362837046954,0.16736807621242736,0.07724525180661793,0.06926411168743292,0.06906101408899389,0.0593544677473335,0.014821152995076674
4.338984925834001,0.4188610949033122,0.013849348016857518,0.2423026697079939,0.013453088442849157,0.639809926838819,0.20016134451787,0.19283550886832365,0.09658442180243307,0.08017092562455044,0.07992657481896999,0.06828309695263102,0.017553588681024017
3.2381226081315466,0.2829839787623856,0.06450782421480097,0.14575665393147633,0.018109586605455225,0.6827983460532477,0.31468523501714907,0.19110994771784584,0.14224996189214936,0.32979250378714653,0.32910356437397226,0.2954533377988585,0.10972151376155768
2.863191715901462,0.30361360723118336,0.017698005723959687,0.21371456501415487,0.02789361560416556,0.6336209182945804,0.23841534120530897,0.25499186272034513,0.06233540579879561,0.0816654074320018,0.08150612849679181,0.07369840885107219,0.02923050345296411
3.7622380482999644,0.32251948385045115,0.07851932238763974,0.12735417763841822,0.039368722341264005,0.7134538511457181,0.4243841488249734,0.2957640022769791,0.14473373353981606,0.42622935156549896,0.42517566068995627,0.3742167191164483,0.11585972610572634
4.024489530087112,0.4123485969503768,0.06980215834714606,0.2308807251360414,0.045202757129574715,0.6485110257391564,0.26691401613223664,0.2614628923243109,0.13337098506800393,0.36623731688754124,0.36519552698394825,0.3152933851088511,0.08673338542626155
2.4786575598226115,0.28170441451488926,0.03398320464056799,0.20430122441687126,0.04533973366472598,0.7832126108076798,0.38327736074166285,0.24689225607111512,0.04687923979395487,0.16702444816415787,0.16671710203150084,0.1516081376402695,0.06336155429736204
2.651462059746297,0.3142415594197602,0.013186811448533573,0.12075519536118631,0.014054407274055918,0.7327742672999099,0.42497692312453483,0.24507905453807305,0.056610424907841364,0.050908103928791866,0.0508194647771006,0.046450813262892944,0.02034662688421241
3.4303676162477568,0.3876788219042,0.05394032243433999,0.09022078914270318,0.018892172516504598,0.7740357687953392,0.41440444906664065,0.26073583265327405,0.12291096998665732,0.1971402442255437,0.19670926353261856,0.1757114921395292,0.06448721249800995
1.6903315058936847,0.2988148714393984,0.011960355983669851,0.16239472258799958,0.02414962841500371,0.5922973053800556,0.22280735894637738,0.1723098799077537,0.09589906613849933,0.031377506642440954,0.031344726909043566,0.029699610523965927,0.018102003522292617
3.5600899284849974,0.28984599487369367,0.07023748508787696,0.11672053210289202,0.029314228580043775,0.7677220281800385,0.3908340922802953,0.15245044888443254,0.12674362104728168,0.4240614338540987,0.4230708853971961,0.3749968294492605,0.12386136718231773
2.2917464798727076,0.37529897692333825,0.018315836436449302,0.1481998425195472,0.0454625354984427,0.7244930101173483,0.44514365335909156,0.21677537318965762,0.08403607581288991,0.057589335202839105,0.05749902667122322,0.05302805823644761,0.025055090286695857
2.5753870108487122,0.3610505920013425,0.02378035651415756,0.12293512956346062,0.026446522267962833,0.645365541897106,0.3799414103105545,0.212174993262277,0.08948027872780477,0.07294333668296457,0.07282586008116086,0.06701626117851267,0.030913993143532516
1.2900798929312352,0.3913498323824122,0.023025878191617354,0.11630591268066179,0.023802493987015255,0.7023963354539743,0.3544808983689548,0.2519838415931054,0.12850170410743642,0.045286037604985126,0.04524918953043117,0.04338870802128398,0.02702800199017505
3.040056584611276,0.32395587935837244,0.041070637514443585,0.16551038301829257,0.025382520501921968,0.5831325516846744,0.3890730100939708,0.2704230719891293,0.10909263907359579,0.1696251896896197,0.16929018097201468,0.15287880072142543,0.059931184368417045
3.88911734859295,0.39731860043703326,0.025328240403930818,0.19140919234811551,0.024200426950897545,0.77622856662741,0.2573102983048712,0.17547655893303687,0.040900073862521924,0.14219037551958985,0.14180110276911664,0.12310340960323687,0.03475302206243777
4.258565068802573,0.2593147163882686,0.05720601116282543,0.15649415912079417,0.042595117868302834,0.582286027282854,0.4277298598618382,0.23602470629055516,0.12046445219470692,0.485303923398502,0.483964822979404,0.4196804463659211,0.11336910195283639
1.9771934527008639,0.3538677354629115,0.017237465032685126,0.15689283137267243,0.0197445461724925,0.6915728532629779,0.3927434064909224,0.16057580862333581,0.04042727248101936,0.05146696744446842,0.051398455691949195,0.04798562892719032,0.025531754996066414
2.1248692083513623,0.44063957668099063,0.0789395249403094,0.09080317717441387,0.0345366401543814,0.7188723284331546,0.21860262317492543,0.22612671185017597,0.13137354409352445,0.16031980624261574,0.1601204324674274,0.15016620557325297,0.07718974439545014
4.373846625124621,0.37482899066282155,0.03503286581041592,0.12283912020319837,0.018558088690283275,0.6072733027506716,0.4370510511810751,0.2600838770902565,0.0655730990802147,0.17037468021891625,0.16990900778066217,0.1475390863994236,0.04325916966664788
3.2285756180299225,0.38390313916199204,0.04532763114797546,0.19831792473952448,0.015703371321193038,0.7916718569864821,0.33432646163608365,0.16809070439701965,0.07082502126601296,0.22948904718894586,0.22894844209040313,0.2027248165269165,0.06633249216753871
4.001358290736878,0.3917846050497179,0.028023224343696945,0.09321479993553089,0.03721417728084672,0.7164834498682683,0.20206583021187877,0.23157638749239684,0.05465091825676152,0.09767811236767357,0.097450089355039,0.08638309381445844,0.03139953850164937
2.168108108623237,0.4149032328865845,0.07508814237026395,0.24805416888356452,0.040829206114569805,0.6493312475683848,0.42953791357783555,0.2681627505330877,0.0791019357182248,0.23870688529135461,0.23831632049344298,0.21901448754879052,0.10031961837900245
1.2179117210683779,0.27137499831240836,0.030502615865687692,0.15503126284132002,0.04993837922314812,0.5706171941258441,0.31530441501611994,0.23177390025941738,0.05038048965149389,0.06962549450147003,0.06957270579671951,0.06690350374883193,0.04671087034428809
1.8099615149358166,0.27873819885589984,0.04051890431165957,0.1524167247973811,0.04478968834387603,0.7648289649143699,0.25110365834743054,0.27684235050112943,0.1259401314344459,0.11854687030885709,0.11840460677258344,0.11129368858671905,0.06301551716949447
3.725478149258033,0.30805986878105046,0.04392310029221795,0.1269011894663518,0.020347577477728855,0.7440379462460052,0.2924125599803584,0.16295825594202912,0.13144303831068332,0.24744116678158454,0.24685087039823103,0.2182389353127515,0.07040174112685636
3.184930424943127,0.406224767800069,0.07129625903335643,0.18553805724263853,0.019705891302380603,0.6474756385756903,0.26748619463213946,0.21953782364360533,0.11677850457844394,0.25553170937611364,0.2549914271642483,0.2286194380775801,0.08645642076572584
4.476439986878654,0.4464155399666232,0.030217568057849212,0.2248919207117015,0.02439807242880456,0.6283449079693652,0.24037392866490104,0.22231190407584453,0.13708340958524803,0.1487745154047531,0.14831480537957203,0.12643299755584975,0.03442685297428834
2.969625032680496,0.2525533388000835,0.07307085251158243,0.23469812303970744,0.01554452358606817,0.7629917023676349,0.42741334591196695,0.23845814494574769,0.1012340919010527,0.5453840070936952,0.5441309624523534,0.48325701218487793,0.162549960024127
2.933472708194294,0.4231695617694954,0.07672999266770669,0.2390412151436297,0.032596554295832185,0.7189345208665266,0.2981403422568283,0.15818394575973221,0.10673815590040744,0.3176072987781394,0.31691712536080696,0.2832798345818018,0.10267237810826442
3.928443908079122,0.3120195493294945,0.01951330409328301,0.1352627122616652,0.04078388374895156,0.5839378549108918,0.27561964679360695,0.29854811338898185,0.12029915846606234,0.09307431482697431,0.0928551042315091,0.08222152672795316,0.026909253675336458
4.336902430588315,0.44924363589474325,0.03511636551808384,0.21301061897280288,0.04093286793708507,0.6420404778875453,0.3513963831449595,0.19934939780846708,0.07190463067496448,0.18018174671426412,0.17963163678763616,0.15342204283400354,0.04178848848407782
3.9349255978756337,0.36214446549702917,0.015575338764936365,0.10568233461182718,0.04366902131279449,0.7837835947918134,0.29547143297611705,0.2556560934968197,0.06475614081198955,0.07255854998408758,0.0723780842186537,0.06365372930708123,0.020177240921058045
2.3816528210999452,0.29402159791490795,0.017305343642916762,0.18398758020138897,0.03308209217350033,0.6067495659773927,0.429629889184831,0.2658452426215818,0.06713894536877227,0.06657987808311518,0.06647177521434501,0.061127561749869545,0.02831062666300575
4.613367689368669,0.27055650494462524,0.0417851111068638,0.24585892743676463,0.031902518660086344,0.5569971569395306,0.41652944563730876,0.2849545978870367,0.08560430840100766,0.5583376945190278,0.5564748906559949,0.4683657396097706,0.09618141453687766
4.40928633508708,0.3826145935686782,0.011046317071424748,0.12039569280089743,0.040225630182998316,0.7633162058078752,0.23403251941387876,0.2633240992243693,0.10075766565883526,0.05266075766070899,0.05251483091871044,0.045511646288833,0.013275083676215896
4.627299654845126,0.4058509749173319,0.016828532026086418,0.10618218636584421,0.02563533303369908,0.7544943856977955,0.22653715437900668,0.24224099574381583,0.08077483726427737,0.07144483326020815,0.07124282931131454,0.06156248668592329,0.018828081249063818
4.708540940158764,0.4364113431511366,0.024065222189681684,0.09670813135740046,0.011754578800045313,0.7407945194309509,0.4204899129700467,0.2763615443096188,0.14075154141055088,0.09819113134193325,0.0978975985946155,0.08388953652574815,0.025153335110016217
4.454743422519659,0.2809485542408855,0.01701742332997077,0.11734910535927084,0.02618410240502815,0.7147312492905094,0.3252719137136513,0.2634922505009757,0.12094617358021056,0.12877596971051547,0.12841510842461779,0.11111086918264076,0.029408624188696775
2.0900913245708734,0.32443115990548754,0.027725002645122072,0.08064188516807415,0.04948952404389134,0.7689543585197307,0.3446467048705111,0.2137592685520241,0.09915089437370292,0.07716021309935696,0.0770612246657745,0.07212403813425976,0.03921819794873541
3.437573882271624,0.29924522462920816,0.04060752316162014,0.20965088319755226,0.028001939739253537,0.6590896332642675,0.23208645936708877,0.2605633455803818,0.08118647386653581,0.24121225622227993,0.24064571601981719,0.21315908515996282,0.069977817708247
4.85086599643034,0.3053433749359443,0.038777007220608256,0.10796002417267961,0.039654318925723665,0.6253397753665506,0.338994039638375,0.2009444016820812,0.096930545036474,0.2670420481487458,0.2662683487218634,0.22925807438329687,0.05800062300163441
1.3208764767141752,0.4372907933122819,0.057931018995284564,0.22540026451134054,0.026335866040700352,0.7703294785812509,0.40079866054480395,0.20880612741203292,0.047071960445252733,0.13573633035097815,0.13559964081472795,0.12873285897828055,0.07688615223134453
2.2224907125298676,0.34794899355999565,0.04149474019355646,0.11824670259895524,0.04441787024000075,0.7954815410014151,0.302971641082019,0.28934163167468757,0.14024328231317454,0.11860715511982778,0.11843605274641487,0.1099374753787939,0.05525562891780618
4.29241885456292,0.4010818498903877,0.01905803343347766,0.09371475050611199,0.024697714919327804,0.7776740016563322,0.3222538794865632,0.26468889008112156,0.14429353116126062,0.0784783873622749,0.07826818372977953,0.06815619780174845,0.021387545619835614
4.703175643859138,0.31512256523929116,0.0636257066987072,0.18446519461067443,0.03408675784614292,0.7809811486188705,0.3308530079648509,0.2631919957191152,0.14648272917295696,0.6769317974813792,0.6746635967545143,0.5674190020612726,0.11572949667110295
2.614465106030407,0.4259352082794634,0.041628569734234525,0.1699964075730218,0.0341050906766688,0.5696479268954902,0.29209042461264034,0.196341611876681,0.08595443594293549,0.11186609259167561,0.11168131913851267,0.10255344901850988,0.04671580020887017
1.116128417703131,0.38350750893806335,0.018184989304273792,0.20952532720263767,0.010497931787494927,0.7403999949275251,0.3726120769564819,0.23452186074006975,0.0854032522377258,0.03965365406125525,0.03962119010086597,0.03798227988200541,0.025768722407494345
1.9255350148319619,0.36404207477948214,0.04810869186560167,0.19747498978876202,0.022342920139496392,0.607089667902549,0.3569546817854423,0.29739163358442644,0.13980594864676427,0.1282554009601418,0.12808723479982526,0.1197058873358598,0.06400647708417455
2.8447529388688126,0.3451668699887075,0.0752898971355154,0.1280781563844193,0.043321186881433854,0.7912187662362911,0.4259926670805201,0.18249706380697428,0.12575671108075098,0.30935455862139793,0.30875578239298906,0.2793930036502481,0.11159584312798991
4.734760471167799,0.4147838167034109,0.05476668324941212,0.2343311865186984,0.013906284859560495,0.6039877876343585,0.24754873217618686,0.1644600077172927,0.0524398803848966,0.3605488346671004,0.35936479542707156,0.3032854560862439,0.07102966609005042
1.5228626365630316,0.3977565914911799,0.06771259092980408,0.13194738737869904,0.03957520600087829,0.6746593353631006,0.24846656643059012,0.2447977697915673,0.10880378537391455,0.1388754372845991,0.13874484460483108,0.1321729221858945,0.07728379976856689
1.797630089646816,0.2665640072669593,0.035808855979054685,0.09560196458699247,0.01037388399584311,0.6597570086815483,0.3944656955260264,0.21994872570729654,0.10540125286724064,0.09877553962046172,0.09866786287259435,0.09327028883113339,0.055637055644432803
4.47264167379188,0.3488177267077617,0.037417634182303976,0.0888606719048578,0.031659741105580536,0.7880634339656759,0.25053357598258563,0.23328319385130963,0.08427496747223118,0.19600850562936806,0.19547484261746734,0.16983181562699817,0.04866314245265454
1.3815160724225157,0.39070372060382336,0.01174158302305676,0.1587963983947724,0.03112719067142216,0.5701094175581721,0.34349007244238694,0.16070059346566806,0.05873959872257838,0.025217245364027,0.025195253047015212,0.024086541687172343,0.014691861256870668
2.5298790896815593,0.3350791688145177,0.06737423902754222,0.10693368744268197,0.03054551694629714,0.6121214332317059,0.3379723970989006,0.23758352126331128,0.07484961272310706,0.19827013933645582,0.19797281158274166,0.18322655276750835,0.08885592545141052
2.1233217363918495,0.3450167038207441,0.02854421617731085,0.21553179408955425,0.0374875641521849,0.6256072282869006,0.3809832939729406,0.21465844919277627,0.04375868809225173,0.09645803409333653,0.09631305720355196,0.08912342213899108,0.04370825371204131
2.1508633621623536,0.35490911695355326,0.017562661804628676,0.1377814444235774,0.040255645125228605,0.6885612445562092,0.20604532387509983,0.2533076473766289,0.07332272917065868,0.046770323048160686,0.046708072220155834,0.04360711026165875,0.022679556223522503
1.9194955794462931,0.32859375623209064,0.04142092489202507,0.21079144590773946,0.04682428599902243,0.6448579227795089,0.4181051568479369,0.24606429765476767,0.12453005338867595,0.13017063616988775,0.12999175204419752,0.12109084193273857,0.06312666465041888
4.2689157947395024,0.3106963521364059,0.03498880263216546,0.18633446494718625,0.04389895495968493,0.7384017463654837,0.2590393720575787,0.20802790685055872,0.07496470361999966,0.29525022883583685,0.294382301603107,0.25290977663695424,0.06271022615610136
3.038828854542216,0.32006162572916025,0.0259248519078906,0.1636772260393316,0.013770250986650594,0.5687401462064045,0.21087055013125006,0.22088653307317593,0.07160904387185477,0.09863575991279494,0.0984529108116309,0.08946733273324235,0.03714955671345166
1.3250505663271452,0.3140378637272687,0.07761733315260225,0.13800634180157437,0.04711566289991549,0.6844458557451273,0.33800299339204576,0.22715664098941912,0.08089212350480626,0.17824049776567574,0.17808861961451886,0.17042789426555013,0.1138083002152347
4.044635444669619,0.4212833239540964,0.04762047668418923,0.23174894922319933,0.03869654523648968,0.6535486704482253,0.24207739844341905,0.26015005808355796,0.07872428091759483,0.24432451605167685,0.24362846479153535,0.21029103079728104,0.05873527482535551
2.27420850043256,0.37592047199593354,0.07157476080785602,0.24299813751313926,0.018469576302346753,0.7433227051477705,0.3397640299389183,0.20919484865765053,0.11628494659742244,0.2657826774839537,0.26532357628904646,0.24268829957580176,0.10700219377263132
4.050829704011052,0.295742939232743,0.039328832692692044,0.1673363195625472,0.04967482742760806,0.7490980010262335,0.228589841646666,0.25240080021617306,0.12618585554596753,0.2845076822662691,0.2837378900133449,0.24673246790575462,0.06836907142546755
2.0062477137622583,0.26033570172990006,0.033307476380783504,0.18461194469538203,0.04708729388647871,0.7550300151890956,0.4097954610379593,0.2626735804871193,0.1102072468569662,0.12548762938825328,0.12530614818721708,0.11629290551327012,0.058590371310884785
3.518820882947111,0.31059126999907416,0.049988703037745885,0.16477530349436753,0.025816218560285466,0.6720127349753462,0.28185883007417856,0.23002449364029776,0.10679019238719784,0.2661846391460819,0.265572245981745,0.23582405024143835,0.07920638714726162
3.0471138674424267,0.3481919777415362,0.05008907271790378,0.0970111218030368,0.014616478060172348,0.7182166400129578,0.21360908781386317,0.2160137791031119,0.05219768727972796,0.1657093361789944,0.16541149754877704,0.1507536673948121,0.06431695443632676
1.5618614223624112,0.2888650885926324,0.054278824353874544,0.13693830701343015,0.03291132411638877,0.6279940586207917,0.214171011234188,0.15636220614755778,0.05384546792000947,0.137406450869929,0.13727716423432818,0.1307710600598098,0.08372568122696551
4.53407244466209,0.32621107401402727,0.024650672192723884,0.21743038399006698,0.03026436295631746,0.7403296222614968,0.2744762477221202,0.21506479765647557,0.14354454273391085,0.24730000795348697,0.24649104251890447,0.20816364466387108,0.044091777959911094
3.133242916813004,0.3614482192789658,0.06504451910819828,0.11173483501590484,0.010919404463503608,0.7660178229317613,0.20821014210964495,0.22986603912636058,0.08856911061984424,0.22677303788341946,0.22633508188458565,0.20485620230662258,0.0826440467672235
1.1989154703733003,0.3381245328366224,0.06426413988041135,0.2415586798959885,0.037258939597403506,0.5615804231711822,0.2900533208660817,0.27562363958514313,0.10947802671962575,0.14227168200131285,0.14215274276863224,0.13615093138039894,0.09161528134270448
4.9400405222564086,0.34558849156631843,0.04511921103462207,0.1631718542470334,0.017692396410891587,0.7557645790120227,0.28191790455549426,0.1728720812319701,0.061730178713640727,0.4040629035632872,0.4027139721497797,0.33891398433898245,0.06952902596063991
3.6344990963518775,0.3889138402799016,0.014710065898675002,0.23272468262825613,0.04475967762001562,0.5722879405941276,0.29365128811643365,0.21718906897877166,0.08207384369989437,0.07224724309572439,0.07206552015676225,0.0632867596233923,0.019657174505075613
4.1862369705047096,0.31080543102758607,0.023685972443356754,0.24816316125133647,0.041670055925927825,0.7877539497126499,0.4078829010566071,0.16053101791602237,0.13603702805926837,0.3018379880456913,0.30084052547741197,0.2536229627570759,0.05287369855108052
2.738433588291463,0.42827044290335503,0.06627852530637354,0.20516552933500826,0.045647509687498526,0.587935937703011,0.4111896699210753,0.22644534539545208,0.09598819559983746,0.21400386997673151,0.21359781503631664,0.19366600560372565,0.07983072391162882
2.710549140486922,0.38594532860749686,0.06384014669974838,0.13117491436884549,0.010449210060315394,0.6010401692731885,0.4435675050671345,0.17267396230445178,0.06805619916948437,0.1992278345651329,0.198886222453582,0.18203802264822352,0.08042508995686308
1.3568026126707644,0.32548383648876034,0.07443993118016191,0.134244867348435,0.01288091814036371,0.7267621902362307,0.29793050233230756,0.2830239853523542,0.059627422668926774,0.1673707976709675,0.16722456748106299,0.159852884003232,0.10565931100849416
4.297058078786978,0.38180746296311696,0.039400192093864715,0.09247645007666089,0.020170982436963827,0.6171636284127854,0.40636882464746416,0.2224756395417186,0.07660660465961278,0.159634824991925,0.15922795119355113,0.13958946219433693,0.045936807708300116
1.7320019799878528,0.3708801076132608,0.061864991203948505,0.08615243306598469,0.020393324648811266,0.652205946264927,0.3716267112646579,0.25548261664828964,0.11726574491122316,0.1325452674766857,0.13240959750409084,0.12559697754327823,0.07194500912069045
3.5063237387212576,0.3712037334752844,0.018535212258152987,0.1546329839610595,0.044922190399474614,0.7655361351944376,0.22510628811999708,0.1680059802294952,0.13974987186770277,0.08264148361033309,0.08245022752824682,0.0731628661688183,0.024831715440664898
3.7541871327712175,0.3535028070011914,0.01388833573115812,0.2336942490842855,0.03796511195143392,0.7036428840146741,0.20585010268087914,0.220482825871698,0.09306228604419077,0.08798095126113423,0.08774523503791541,0.07640614835572607,0.02144042051928661
2.4150993467985256,0.2751461315751731,0.02694532844560111,0.10366498583272728,0.03687442368219702,0.6613180996831283,0.3822198440492818,0.29835836020191964,0.13717019463802552,0.08888055858700024,0.08874917357727885,0.08222938183486554,0.04080420813074741
1.1686581497408026,0.33562212912896805,0.027830676578094023,0.17330602261409642,0.021435871803567177,0.7592191534088233,0.3435656144140476,0.1896252769914255,0.0939143102837289,0.06385392418278854,0.06380176556548586,0.06116846356123812,0.04153548452189862
4.31109679547207,0.2720593718707007,0.05627649964605733,0.1924858962285536,0.012079717340986888,0.7274787676695258,0.434273794422276,0.17404428254791704,0.04516642765608771,0.6884549233405509,0.6863045538975769,0.584036789006615,0.13270243564012793
3.9784436466043496,0.35120258169942115,0.06557075373978928,0.23034334078912216,0.013185064473717815,0.7494340121391392,0.3431078599210967,0.29411483811383055,0.09261540053573236,0.5157334142129059,0.51419571388643,0.44079833984919403,0.10714151636250539
4.9240484587081745,0.39410353895423633,0.0375120313910997,0.10863293514992008,0.02477682878943329,0.6383388840526155,0.23596807433182043,0.2132169847921817,0.04655611462652164,0.15950284475785778,0.15904568408967884,0.137159667755465,0.042140951064112406
2.1198827338025406,0.2758727148496172,0.022689239826633508,0.1675789966122075,0.013723442059302284,0.6932291659685555,0.24610410265179758,0.26067440161027877,0.1471018323116658,0.07493752969246482,0.07483331493934835,0.06965002126444418,0.03602731455961619
4.968216616242378,0.4065210165162493,0.025728397704778985,0.12103803192352262,0.022302617567907974,0.7103341111538215,0.38552947344665917,0.2753091783583933,0.14766431780539518,0.13452562336694873,0.13409613888156724,0.11370682229032907,0.029173182490628693
2.7782537174959234,0.2931656417123661,0.06223627312692924,0.13857578485660407,0.04595458407162351,0.7824409089256354,0.251319296874138,0.23222275844440604,0.13382350047039718,0.26097432194434256,0.2604995972558064,0.23714963672129405,0.10010829938545314
1.7182930936530203,0.4429749922161501,0.04266986649911935,0.10298529909963108,0.03198891744742882,0.6757574924208927,0.4076769949048694,0.2844849193002591,0.11132382142159977,0.08396716969307758,0.08387764348537805,0.07938711275700239,0.043138623880870385
3.2279625530479867,0.3585059331165725,0.07006536057138871,0.16594329280368392,0.010655878469966941,0.6787862542968245,0.4374549589294048,0.1667807497499326,0.08357661264036904,0.3311338701728987,0.3304001825030336,0.29468152753229604,0.10304818965328652
3.61323532048034,0.3742769753954464,0.0636977098519858,0.16806446487904753,0.01716565129590669,0.7160399768946808,0.325219075961692,0.26783651842335143,0.12671786674717506,0.29889750326780734,0.29816565964086983,0.2627503954764202,0.08351859903552498
2.0452205799034076,0.33822684212179616,0.05532726826946187,0.11120048482708626,0.011804263877541995,0.6240493764063668,0.3148967144210556,0.16521256246527916,0.11001509112565414,0.14449132247658128,0.1443152213699165,0.13551725021120042,0.07417785487702523
2.541973396403037,0.33043895459581996,0.05907403499513548,0.08145390392230194,0.045230975974876464,0.5552438615879131,0.22677175477901437,0.2996207263082397,0.049588295257612,0.14674604498915722,0.14654785665053732,0.13668033083095463,0.0693991456553667
1.8761768775385494,0.3829086639192295,0.012694226318784663,0.14586103670349038,0.037162306209493415,0.6031511094177942,0.3040054508594924,0.28127121958945095,0.10846617773732917,0.028992015100205003,0.028958246501193566,0.02726879906800326,0.014889791804134552
3.3699490017850846,0.37658386299833646,0.035419792538408705,0.21162621255550884,0.03582557498427983,0.758442694363876,0.44776964812979136,0.2138820753777929,0.1368633160658848,0.20351342361664693,0.20299612623130966,0.17802337393434364,0.05332233580828403
3.196408026293108,0.3587560728786326,0.04301574589387689,0.09317052799596105,0.03354332474022916,0.6954989022633369,0.21328002165370372,0.17395780037389066,0.14017443673951016,0.13725241559287849,0.13699810910039792,0.12450066339702219,0.052214585235057655
4.385246143007124,0.3642504665277847,0.04892444872156513,0.10274073002561157,0.04174640094587545,0.6372023493200977,0.20113406482238744,0.16434742480093054,0.06101005738243889,0.20218908943676508,0.20168400371611736,0.17727324255875906,0.059169011364827405
4.136840167130606,0.31779685548109027,0.04352143074715739,0.16513844046324638,0.026435309974117034,0.7255261138404598,0.25041946136936316,0.2662823357500035,0.07129627229994134,0.29483859220384184,0.2940295988240282,0.2551778969820517,0.06943946126813984
3.676767903626954,0.37183345057599404,0.05224234499835656,0.21865068113669694,0.038582414846744156,0.6128700238664723,0.2385843957869057,0.17539850754628067,0.04440803104450515,0.27228009445679224,0.2715995254360099,0.23870888270212426,0.07388525107082028
1.401862486656959,0.3383890779286477,0.07551264126879734,0.19377594938675385,0.026912237378383427,0.6216670365836318,0.276224134140968,0.2887491051204911,0.07256560246804142,0.17397969252885456,0.17381716507924527,0.16563684264388895,0.10638738560366656
3.550298455456881,0.38807196878810646,0.0347314415540302,0.19010775071664826,0.019951695321409665,0.6903809838386998,0.35129322703285726,0.2771475032800257,0.14177693511390527,0.1613838052816343,0.16098491425653633,0.14169340240874873,0.044723734017562244
1.5159941380221524,0.3102928528135852,0.057173463152046376,0.1723891720040819,0.029410762612583345,0.5550539202209325,0.2162604781122453,0.296227945739614,0.062214500240134994,0.1321158987876034,0.13199258015052898,0.12578558993497002,0.0808204095762892
3.130758250122183,0.26109078020527626,0.03251914805815265,0.17009438330334142,0.023009684952069474,0.6007800819620219,0.4148449215407698,0.20905011525773703,0.13718965529385213,0.1803874195702876,0.18001248839946274,0.16169453782001375,0.06034888527973333
2.611297549807777,0.41019910298050266,0.020460082407427825,0.14478687238206267,0.03421327721208377,0.747602357971637,0.26817389796104624,0.23641885455561445,0.0497278410278234,0.06045819878516569,0.0603549558997725,0.0552621238141109,0.024520368358934366
1.5919358134629666,0.2589131676752037,0.011777948159737338,0.20483271112343476,0.031577036213109116,0.5992774944792809,0.25515642844938174,0.2920973881606317,0.13463674868110778,0.03232752899118723,0.0322932307819726,0.03057263703393804,0.018490899548806915
2.4921152021007575,0.42447960163920917,0.01497006036254897,0.1307992449432525,0.04978324073276698,0.6168524817527797,0.23605883637193092,0.27898209660395074,0.05738928921814856,0.03484084737364984,0.03478897528567817,0.032215607631120434,0.015502555357171599
1.8478457287258503,0.29968044943549477,0.04092207279472212,0.2112878154817539,0.04185628262644744,0.7598795213770669,0.4479962330345093,0.15837880395237897,0.14726593550718117,0.146415399301762,0.14621117792047933,0.13605497725879112,0.07023868895268823
1.2371356227707087,0.42906443735281785,0.07752426158016278,0.2269755680251796,0.02480122951288688,0.5804911446647399,0.36792157997958097,0.2200456939258945,0.04237568009154057,0.16426587948569465,0.16412289177835213,0.1569140595289228,0.09643491411800538
3.723408793757955,0.4189278860958239,0.05497801815207288,0.17126059130210147,0.018229642488996854,0.7253802741908482,0.2574949316342984,0.2647580526878083,0.045323411415121556,0.22642717973075477,0.22586192385703052,0.1985419642014064,0.06542949325553792
4.8962983683677725,0.3882965148271629,0.06109461686149618,0.23536292224921856,0.012870229310417817,0.5718673174804985,0.31165664614495997,0.24101554977480502,0.14580488051959495,0.4623082279304811,0.4607292643119503,0.38619667931676527,0.07999626650069376
1.4310667748616621,0.386720442213789,0.06474027823895054,0.10178934421287751,0.020243951716632284,0.666134211409479,0.27326319309500235,0.21039681328450172,0.09457674251404802,0.12916944852437323,0.12906017147154833,0.12354736483102947,0.07419192347756316
4.541347027429451,0.3090499575378359,0.037395555722571944,0.12585873689466526,0.03558179346210713,0.5822340729503198,0.2943946473503753,0.17676127178089662,0.1335579883881277,0.2247679544811308,0.22416205421677732,0.1950277152356444,0.05429983285134388
1.1089124946147755,0.3781521487112819,0.07625458672423491,0.09258988787543969,0.02262149821950924,0.6062289165047062,0.38297172271748026,0.1950046519913809,0.08081928074179848,0.1430937001025302,0.14300067371466454,0.13828358501445287,0.08959129963306588
4.654309970356212,0.4321161829344836,0.021776870691834718,0.15513410854047638,0.04442074467970087,0.688699302979701,0.21706720163955612,0.29251318525889713,0.08854464319987293,0.09120621032053494,0.09093584440449395,0.07802504122341324,0.02326718417239336
4.430488238150171,0.41277225288223335,0.014597993418547952,0.19050931071751964,0.042931471860482386,0.5691294982605083,0.44244774028129785,0.234582902142131,0.06535997050435265,0.07950621126046895,0.07926697104874296,0.06785564594262254,0.01799669441780337
4.683708785581986,0.42420888671641804,0.04127620415340662,0.24270771205406677,0.018523109492211094,0.5544526428508463,0.21474596354960654,0.17057659809903455,0.12637950560254632,0.2346323916707192,0.2338837302467734,0.19834018767145836,0.05011989535674897
3.5880689419856653,0.3601693097778847,0.025883164423967667,0.114365370670443,0.017816174094988597,0.7839522308026035,0.2355631046713149,0.26750113500846073,0.09074371109566964,0.10659262267525459,0.1063520285440212,0.09465155331585408,0.03310771633659465
4.499417724156881,0.3626848615496291,0.052708408819782136,0.19269519217033046,0.04705797905442067,0.7960696496843722,0.3477646276111181,0.176924887925828,0.11379282644846572,0.4673787160457217,0.4658482667930637,0.39334442494933747,0.0831830561340863
1.8939987800730291,0.3896349396425083,0.04675877455002037,0.1381145557532427,0.013345848163204003,0.6840789406964309,0.337339814404295,0.16105948868273007,0.11194689456597584,0.11658071909377131,0.11643878157457627,0.1093473823731757,0.05877195720840956
3.6160149659922136,0.35807094208085993,0.01005625123049304,0.08569559622723026,0.04140328932859958,0.7868710134254058,0.4447759814205087,0.2257899738180276,0.09827028382344727,0.04499933942227683,0.04489481292411313,0.039820146931239,0.013428358092181666
2.56232209136564,0.2914156774008148,0.029912895793729903,0.21346560273150855,0.010048192237512401,0.6041244384059572,0.38532269225185034,0.21584814960474083,0.10184548681420577,0.13311829393523864,0.13287935987673857,0.12111971032321027,0.05171767252853364
4.1513482886017865,0.4088845949001453,0.06685044539915155,0.08431376285023132,0.023097631404025692,0.6524400619758308,0.34823179734568277,0.28033097951166436,0.14900094054283322,0.21428010746091877,0.2137602134308421,0.1885871341989649,0.06833276392943678
1.7501199816691706,0.3701952031698553,0.03143318641321302,0.11216432593173506,0.049847996383666826,0.7793864750780362,0.3860596351344291,0.26168975677481054,0.09618077943553363,0.07645473601920016,0.07636714660182099,0.07198285255470663,0.04072086636958
3.2471795799677117,0.37041526936935,0.06515976666555112,0.10890222815025971,0.02388216672592027,0.5702667461304557,0.4126642856376127,0.23826032251618667,0.14254237376682255,0.20889400075474526,0.20848920989445016,0.1886402215758374,0.07662999270025435
1.2793680002071222,0.30836918594739726,0.02432116777578223,0.1137419329346572,0.049779693361855254,0.5604650438599176,0.4248219433234009,0.1784636893808758,0.10353179032469778,0.05304578028899435,0.05300497844747548,0.050942471979689936,0.035382154731824905
2.277176292696228,0.37055058310965566,0.028937693885893137,0.16254785479759995,0.04744999350942439,0.7437477454484029,0.2456408689114103,0.1915340527059648,0.06863819553931164,0.08887100101060243,0.08873631980707271,0.08205942777545214,0.039610443097819685
1.7947303694060421,0.28765314993318325,0.012925641433360821,0.14370838966440397,0.01638684742942382,0.5951795069029665,0.3137884455070347,0.1910698914393654,0.07556408842147405,0.03584970092705162,0.03580991444638849,0.03381653881139067,0.01998449958933999
2.925394564591973,0.34017064897186006,0.05116084934459477,0.2030161068682998,0.03541787241579688,0.703512254843239,0.43506301784835755,0.2464670498589639,0.04933443224177095,0.2536136125305274,0.25307334694640754,0.22671303342099985,0.0825606555083462
1.6411885888560276,0.35134887404993365,0.06345131516309462,0.23025768489221915,0.017078548069877453,0.7270441305690631,0.39040676889545267,0.22086108296845625,0.10466109557902317,0.18496722708672805,0.18473875950369334,0.17332945011921178,0.09651976655717048
1.4924152743441879,0.27256003263920175,0.05951177732132418,0.12469102171841903,0.03422993608933017,0.6786731262846402,0.3775049072651903,0.24292515199002973,0.06776814061052443,0.15241302668773019,0.15226830306204614,0.14498700458452535,0.09244779432315736
3.09512627108717,0.29132309010194113,0.0794630829340242,0.23082376373429964,0.014146134327875868,0.7578745744167357,0.22932314262242776,0.296391602266527,0.143503254035845,0.4722494318490429,0.4711809967853812,0.41922841940810124,0.14338317984298043
1.3837638144342779,0.4012378506596489,0.023212864883737666,0.188005968217824,0.04354965267639124,0.6602108229191619,0.39817515592060143,0.22836139569192954,0.045791922579172833,0.052598412289907366,0.05254782520354828,0.05000351165123513,0.030359802191557223
4.059333666571381,0.4155865240350072,0.07941843118161802,0.20987227125468644,0.013124385639023404,0.753639733260759,0.3324238262824294,0.22177276049938294,0.06817003266324978,0.475547723687889,0.47414008453688355,0.40691356051443256,0.10490482402342871
1.5289435830147877,0.3632109902511648,0.024230166915454765,0.15767425877507185,0.02066956476195878,0.5701671345896179,0.3273746015994873,0.15360266533055314,0.09763595626257135,0.05563935983182596,0.05558600969486459,0.05290252309955489,0.03211328664153057
4.632643168205739,0.4398597575260934,0.026647518501356167,0.1930002663059998,0.043124588622113526,0.5800060698390624,0.24663897300398588,0.2312578225877161,0.07408421719480705,0.11645285386835745,0.11610354402469687,0.09943803080529476,0.02935464793289225
1.9301717724188752,0.3675184287062235,0.017938121871620208,0.1599375254645812,0.021532444055221568,0.675456632563514,0.3237692719547258,0.20641268486567932,0.05341840375701182,0.048613855494448736,0.04855206725269549,0.04546933767390263,0.024448334931841863
4.786489254265518,0.4463846539597923,0.04436274627898735,0.10770038465329229,0.0470351977836214,0.6627090924086096,0.21810953272718556,0.29515304921518526,0.07819733256369804,0.13791557804819535,0.13752956208828632,0.11901751277435992,0.04220731450170627
4.114022373506174,0.33105790439538535,0.07015326802679303,0.20911792168803622,0.049879388555765514,0.6311321870931342,0.39626628270738173,0.2921519843557372,0.07046792338461261,0.5303993008906484,0.5288593092135413,0.4552047623355844,0.11482681524411416
4.185973251835049,0.304540304878267,0.042511298140413004,0.2415869389836467,0.035436851409386086,0.6864169399926624,0.2928647028540101,0.17209481707967778,0.10567674953366468,0.4345429980218061,0.4332104040361091,0.3697420502450171,0.08631013715150596
2.3904449645042574,0.3726249824673652,0.07841933088387584,0.09888749260403303,0.03122172269689613,0.7522378547958671,0.20795899510766053,0.19900780724953362,0.11219247005091071,0.2076421998361293,0.20734420692943709,0.19254015824350817,0.09469935696896023
1.6516297518853706,0.37664368446991897,0.010949663610287628,0.17714034783979826,0.045104230457598836,0.6446033520037594,0.3586910203631155,0.15419741799101658,0.13418732044180062,0.02729324726920072,0.027262922150634746,0.025743628474904155,0.014839498309444615
1.96233728976361,0.3487957612325922,0.04401848378044633,0.13900302312094748,0.018330633837157575,0.7623217765712265,0.2721598000851912,0.2093458330328143,0.1069901454706817,0.12161643256383269,0.12146046045599919,0.11368105192059234,0.06163696693649517
4.766567202299211,0.36885092092897437,0.061691210980581127,0.1650242487392206,0.04376515181988378,0.7886855779200594,0.4439199341852589,0.17110640628447976,0.14544560942930732,0.5583810158915246,0.5564710509008971,0.46632593990238036,0.09200577063763858
4.088836554638457,0.26594694895317,0.039236232451282785,0.1534934708386619,0.04746028730414167,0.7733741064890084,0.3019782443212392,0.24935254911002408,0.10859344096831727,0.3389208690100627,0.33798460131532904,0.2930421645477636,0.0790400581807213
3.920648811328283,0.34927462738135007,0.03569070645465125,0.1642506606388552,0.01125509581899822,0.61221527444494,0.3363821880685315,0.2273457407513184,0.11854334451086537,0.1841149470760841,0.18364822839895134,0.16111317288039093,0.048840594197184374
3.90959670162552,0.2894379047070832,0.02706613915813654,0.11708576488900571,0.04938715544015175,0.7801190794013996,0.3828460685758758,0.22955428583207532,0.11705214819915677,0.184486289849647,0.18401140395838628,0.16110515132863543,0.04752117569981268
2.8619153868160305,0.38374274239498807,0.04221534461519033,0.24425968758180544,0.0343013220006484,0.6831339481517942,0.25372847758566963,0.19377815343698004,0.0646930951951624,0.18254151871321525,0.18216164820915645,0.16360359336238925,0.06099797223447546
3.5737505889673016,0.4453336947731572,0.07036623483319053,0.23114938928912027,0.021550176728330452,0.6379015188945448,0.22371324586361047,0.1942284178666811,0.12062404624981335,0.28027478842616255,0.2795776722381706,0.24587667841377683,0.08242361397843292
2.9203071557338953,0.26581509197553294,0.0745583609917578,0.10711435516313812,0.03407954417426297,0.6330038888794681,0.4168818130830925,0.1628756307319287,0.11721938844793106,0.3271719462726353,0.32658552485654907,0.2977216680610969,0.12727727203500078
1.4855533773526985,0.42817138092142026,0.04976267716523379,0.24618889291147228,0.025573570772528455,0.6389834897018362,0.37184283186504563,0.24253630952662925,0.09416568653195523,0.11756102601150839,0.11743193299307111,0.11096215935615186,0.06351519162178902
2.6122958938266096,0.3976873030913884,0.06775856405970893,0.10081224465391822,0.030003175322264854,0.7168367789301457,0.3025903954873883,0.15952461987724356,0.12761126995885558,0.18508092752205005,0.1847859895894062,0.17019392658735913,0.07886656099091105
2.195826762213124,0.2616905592649243,0.03383088833146443,0.2471499584856774,0.04035028591171859,0.6207722064566052,0.24375163673450412,0.19297915023414494,0.053430869712124344,0.143096140104824,0.14287291643248753,0.13181927174355446,0.06292404671038093
3.8810357571513374,0.2990880802938038,0.012031319139350027,0.09437597551277621,0.01529803444909787,0.5689967738259303,0.286486535420661,0.2418372859981407,0.06718412861226374,0.05240684172503891,0.05229322747819012,0.04675522684131474,0.016765687587585853
2.5606727621761136,0.3188451783802438,0.045830783438428946,0.10440507132335881,0.01784108487333904,0.7506194746528269,0.3888915244781659,0.29226098106975146,0.10390241363545583,0.155613092932452,0.15535829874951446,0.14276668000603146,0.06569257405046591
2.9743140509946686,0.37872840661922036,0.0100102180227783,0.19674752516476432,0.023192757864015298,0.6125280747256157,0.27462009777150276,0.1543500035407372,0.14502137050509295,0.03755805867661572,0.037483666219478226,0.033839876112785716,0.013315476503778916
2.030023618176358,0.2842637923749601,0.015265842393106488,0.16486004921457487,0.015134425459795618,0.6594558762191304,0.36025884632263677,0.15904088649333784,0.1268844334835006,0.051265348944337284,0.05119608950748885,0.047747797058487224,0.025167496663330045
2.1884958939833217,0.42539547049119064,0.07739358519011691,0.1521849411954246,0.028294080233986288,0.798958512864592,0.238154756178607,0.15537448486617034,0.09118090500005807,0.20862032299778727,0.20831443174191172,0.19313029721976205,0.09370223489816233
4.189828040126562,0.2560727050648169,0.038253752847505755,0.11042650982665908,0.027763003408370943,0.6540005020943778,0.395461280273915,0.25703938070051685,0.07428181013070562,0.28198691666191683,0.2812560813930936,0.24602006551188407,0.07196325664818169
4.021594524384545,0.269849484856159,0.01866781861550492,0.21807938727795378,0.034178145570634304,0.7713360974740335,0.2541421551643096,0.22143006153774883,0.11168066591662856,0.19391814366807358,0.19335104833278444,0.1662426857554247,0.041519964561353706
3.2559395874155017,0.3957688808574513,0.04526927047763343,0.19712394893341664,0.022066445426654265,0.6855276675243466,0.4150231209446226,0.20593420883951666,0.14261614987808766,0.20292571409979449,0.2024542187535001,0.1795639302445562,0.06044671142928122
1.8282015230422428,0.29637725379124547,0.05910797708178848,0.08222393997671551,0.028661034840467822,0.6318626648438253,0.36600139645545715,0.21750500120407787,0.06950926523121662,0.1503338441435121,0.15017433394317464,0.142172409446549,0.0859852541959048
3.7031843574870114,0.40599192692613284,0.057263087447654806,0.21091559461571452,0.012481664418689652,0.58610481339157,0.41822831000947547,0.283510115004985,0.12922976621243426,0.26563364971578346,0.2649461338953581,0.23179568187585178,0.07083765771813501
3.2565143009480617,0.4079763215753972,0.07670105320554221,0.24461066235373008,0.044529151547635995,0.713863161698084,0.43600470216259113,0.25536135521037323,0.07385893718341882,0.4018569965501755,0.4008484814998723,0.35212153490519227,0.10725348141497276
4.677085883411545,0.4045433190555636,0.04768525731459445,0.11351293942962243,0.04486079964004159,0.6699696942452931,0.262079071626966,0.18898569041282653,0.04618309656715247,0.2026089371023729,0.20203972473220724,0.17474954695350123,0.054430217739917464
2.8306409097711267,0.28332736065184655,0.060279061117036695,0.19230071971772694,0.049955591050355366,0.6966456131798184,0.4034477884160286,0.22129428025228004,0.1352311291163786,0.3144416698879978,0.3138096141878116,0.2828746505920978,0.1090600093959604
1.9705669311004868,0.363549988166473,0.02014221861729538,0.10865304825776013,0.030777316470119408,0.7670450692891236,0.21181390503256925,0.2892312139989164,0.10598228503357413,0.04827059304279108,0.048212127441359345,0.04529062393498284,0.0245680150345651
4.67114769060405,0.2882328177944605,0.0357287675712564,0.22000148300697608,0.04502026746350043,0.6520886164341984,0.21879689471560435,0.28838292388088077,0.05416018808610838,0.3837819087020109,0.38254806871800173,0.32400644345033136,0.07048773314622327
1.886366636323739,0.2547942764592688,0.07090413739437457,0.09485401931276013,0.029156200270066546,0.7561654156304073,0.3949124453205569,0.21643585779703847,0.050777246733707176,0.22203543428165531,0.22177021578039796,0.20851157590826017,0.11837370377707085
1.4209382668739443,0.308450796584345,0.01957801212551037,0.2229939838674414,0.027479624129381992,0.7617137541167022,0.24049461844059516,0.2799181309020855,0.11334168559483215,0.051468866792196546,0.0514156837942257,0.04874579603498096,0.02987153449759915
3.111301624530088,0.29304720563359643,0.01534426668537633,0.20163316562803113,0.04200060736322212,0.5614170198406216,0.2270981697844248,0.17121848931431846,0.12211290025512872,0.0738258458123992,0.0736772335446279,0.06640419228886515,0.02556610523545226
2.876256364146365,0.3539348196218155,0.03368850843993624,0.08579556529583572,0.021114499344892394,0.732272216181794,0.3524903415748332,0.29150818784892507,0.12788162284850726,0.10491977046895704,0.10473581094418079,0.0956720823887446,0.04154411557459209
4.287861188541754,0.4200639406990292,0.05613633629072207,0.08011512796525203,0.041899981881575954,0.7339397704772987,0.3703417372440949,0.28223107018783805,0.10714900100489994,0.1985276838063992,0.1980102871610675,0.17307414282824726,0.0588044397302551
1.7670114493989082,0.4133520051278621,0.05667308700808009,0.146416867232656,0.02107594237172588,0.7154607784699379,0.4397286261151485,0.2755226619828725,0.08794698014313737,0.1339157149407781,0.13375502126603087,0.12572286778751599,0.06796532736794009
3.5576390559437687,0.27571290489228983,0.050343129095399744,0.09984751298738263,0.044710107140060705,0.6969396494609104,0.2581205219277336,0.29234404695024485,0.06758824891025302,0.24298563009265217,0.242471414677633,0.21737301454484337,0.07968840899677886
4.757307810861242,0.37028692078108305,0.025022829485084018,0.19856400404886326,0.024657696459441464,0.5853302334122874,0.2945567055695767,0.21014093761513802,0.11840429672134808,0.16919336645390798,0.1686594571433146,0.14328862146188365,0.033399107559722446
3.083420001882445,0.29223590128321436,0.01376309247529579,0.20842095546784695,0.041514158648498056,0.6005547563772631,0.27661336203417763,0.17299600146594118,0.07567034103165142,0.07266661285656623,0.07251560398945528,0.06513771752612874,0.024315497513562708
2.911432261881986,0.2798432578429958,0.01019734557585367,0.16661584628812343,0.03908584903300921,0.702097291416123,0.3395053842703363,0.19253789692603596,0.061516080010770205,0.05192115691834739,0.05181909456496156,0.04681807067106986,0.018434488751052046
3.097750199794123,0.42582056670566637,0.04735250573290173,0.22920978668069142,0.025524486395641546,0.7043312458028306,0.34938848401690575,0.19887601813674913,0.09479179171800892,0.20084535250202945,0.20038683105851332,0.17810307965603914,0.06178757221319847
1.7112272108700939,0.29045533982076177,0.017748144719358757,0.17629037462213842,0.010610250887854092,0.7033218258292607,0.22731129679189319,0.19572496065436423,0.056776878900553454,0.05176169162709305,0.05170290528586471,0.04875958965705144,0.02846364416917699
4.294556434303443,0.3749702055062429,0.07461757185835476,0.12556001681366527,0.017327459810480433,0.7941794214644344,0.418806746656316,0.29441915510386596,0.10747100581663632,0.43678128763770724,0.43551108743630457,0.3747673380730293,0.09702482745275119
3.804199019285731,0.2959881165320626,0.033096603001655005,0.24129035936363852,0.018206589359816158,0.6136919659445172,0.2710547766350049,0.21421993071398576,0.08197186749282798,0.2614516586763429,0.26074784769148257,0.2269022761966813,0.06328654485554877
4.0952125012389,0.36200516076649725,0.02348328796086755,0.14904205542781332,0.025903558496334536,0.6741313762152115,0.35119214895647194,0.23361752226171073,0.07825701820222297,0.12626833400216883,0.1259309195990412,0.10969674422554353,0.03159801356386766
4.506132705607541,0.36549733319096994,0.033209229211909504,0.1892600853266856,0.025276905720063435,0.6675833399595855,0.2726922965991049,0.2691376932676962,0.1278975857704151,0.21562176157708232,0.21496709089603663,0.18376224121019186,0.04430660922643783
2.672482586903379,0.433770381774202,0.03884123043590345,0.1886657258994897,0.0435941002900129,0.6320255514661582,0.20510882059228783,0.28967228364184694,0.11568366007022995,0.10394017845836798,0.1037594248386016,0.09485034240832085,0.041912416100523174
2.852121414369204,0.34532842986844114,0.031386573371534394,0.22563829912746097,0.028946626429393177,0.796357518620049,0.25529323910158486,0.25464414165554583,0.11092434769027013,0.1514200153420047,0.15109957530498008,0.13545917818589323,0.04965911580612612
2.137097775178013,0.3172204474755014,0.07279670551822383,0.11467081576038796,0.04094475334163171,0.7728515429710238,0.2134145301194617,0.18977107633729914,0.08069302027410341,0.2163780104899104,0.21609025406006827,0.20175554416416147,0.1074144986282828
1.9203206762498857,0.39222960879186547,0.07564628729789574,0.16904059940676242,0.022102562758260176,0.7125659943332758,0.4472127369049119,0.25098458206085583,0.14154958079393068,0.20271209579449087,0.2024391709153177,0.18884913462772931,0.09815286756004962
2.4192208146388667,0.3165875725751667,0.04839561774560789,0.08203181847152538,0.020762250259093448,0.6047308913835391,0.2442060596172075,0.27706731386223143,0.13201055751298468,0.12461430951315916,0.12444872427938873,0.11619978945594575,0.06042024189846896
1.0395817302617265,0.2960291390173196,0.06321003603736651,0.12902177310462232,0.04287250956370434,0.6555838504054771,0.33060373087300293,0.24888880609238562,0.08449556689259938,0.12931744565751288,0.12923342695470172,0.12497304640662976,0.09185775058316274
3.3736437614415435,0.29914628211345573,0.07153203584119631,0.1566148452060328,0.02236217634356134,0.7307676575056115,0.2597886597658681,0.2021394017617427,0.08391561564546052,0.38859341195581165,0.38772996696201995,0.3457010792003357,0.12052880254642291
1.0326190870162752,0.4488705738054242,0.02600912805696047,0.19088195291293164,0.04129920425247954,0.6458425965943287,0.24687579927703174,0.2827703213957047,0.05304307204425969,0.04708443889117993,0.04705210499913151,0.04541411999921564,0.028331191624527623
3.1790979090653892,0.3217871989863724,0.04262170018582405,0.20906313797574744,0.03728558270203224,0.697874475808209,0.2696180079605107,0.1566839749090326,0.11932736792687673,0.23187343910120467,0.23135677371735913,0.20621172653433106,0.07168291469625465
1.6171260215201726,0.3903658571162346,0.03112626396218173,0.247350428813647,0.010320516097211636,0.6333801221635947,0.22238052817421733,0.24242680459948845,0.06260630524505098,0.07869170979420373,0.07860132249634826,0.07407733269307307,0.042283705022514134
3.6209457743643085,0.40877531091965347,0.016919094849293166,0.20870594581401752,0.011077106594476863,0.5960306149293327,0.4022100016179201,0.16570544772533533,0.05292694411179611,0.08081296356585166,0.08060911701471715,0.07076341591130887,0.022339427223999984
4.039310227782849,0.40721733267962956,0.03788559681423753,0.11730959504399223,0.03510735174791701,0.793824717593548,0.23766522899897324,0.2117552788197552,0.0998792047527856,0.15508089598941938,0.15468313649950302,0.135492521988421,0.04422595963457017
3.698420174247647,0.4009877407827691,0.07629785201895262,0.2360243360820114,0.0158468593176595,0.6893018993066657,0.20642794163192388,0.2525793665624496,0.04344599970426425,0.39426097770017743,0.3932229193806503,0.3432277590147301,0.10134172733727566
1.1479584864791736,0.4484275719183618,0.022035397505668665,0.22387199942608726,0.03660237241223633,0.6689546945258183,0.30022975409717617,0.27881125208806734,0.04144145844982212,0.043773909617866466,0.0437380794109401,0.04192922012813759,0.0258995867454029
3.1981961596541817,0.42021283781640567,0.07351416008585658,0.2024439281190214,0.04531320844116438,0.6158233005416424,0.39967744743596734,0.15012697539797437,0.0993395631937602,0.2920056871126353,0.29135575257236546,0.259722755115164,0.09360302040200298
4.0796584422824065,0.3390976244290341,0.07377198275767549,0.2259071322005488,0.01908717586743179,0.6192234986834875,0.22826804644101292,0.2625774855075353,0.13194283873148174,0.4869071280648043,0.4855435611017851,0.4201539841766749,0.11129938228561062
1.1051881919739024,0.4050201639925454,0.06318042683480454,0.2240467524103959,0.029756459890591336,0.7057588628650177,0.3080943043856169,0.29928274414862266,0.08445848952051274,0.1289136176930319,0.12881029844041136,0.1235919819342769,0.08176568607455567
4.104489709494388,0.4249136651970078,0.04961187147726804,0.13607067799668357,0.036112612366072605,0.5750550770087411,0.2207525264396325,0.18158173483477794,0.14963742092482915,0.1559274223159183,0.15555152353597096,0.1373433543817166,0.051211696639912936
4.203491350001321,0.43316260209001023,0.05607088128743521,0.10747320250255395,0.03487759824705188,0.7397325067237113,0.43653434162355426,0.176359657650328,0.11393609056883122,0.2301120838310724,0.22948535913123566,0.1993713336260427,0.06348876011215585
3.792168961791354,0.4208318863149496,0.04476835455708676,0.0911845074136742,0.013492451223159762,0.6881703452381684,0.37631725920148645,0.2129711399632584,0.07222068290164371,0.14669846717666343,0.14636106607771718,0.1299708641807471,0.04868337911107234
3.0195488356688975,0.43111333492051807,0.041382036133955385,0.2102501432474585,0.026235585564594398,0.6380629736006588,0.2915547204619393,0.21290975545368396,0.04827716779638638,0.14551706849851367,0.14521423216823356,0.1304196136328713,0.050280363187015176
4.443179970444486,0.29506011211172156,0.02666194183080406,0.11337414757599323,0.0412739307856981,0.7320026973282867,0.20557752854237665,0.25624126643346334,0.12118744191734304,0.17107767554347,0.17061588783917706,0.14841318069314763,0.04125044289934303
2.466221500636793,0.40257589852272224,0.012133842726417777,0.22276156593932278,0.040109251848492816,0.7310280217368856,0.31629766846158924,0.27887846267050387,0.07477109425600897,0.0418885778920932,0.041812921502789015,0.03809041564735212,0.01615872051684785
3.6141590111261848,0.3272793198374207,0.07160610683537134,0.20581527279436557,0.02041377347983921,0.5649329568901978,0.320798823089037,0.2700198346826419,0.05327131184903632,0.3947993028410129,0.3938438461076131,0.3475736605440814,0.11030183051145644
2.773501672666873,0.2622155512601012,0.01042093351998762,0.14636245238299084,0.04841327234035117,0.713174871015783,0.432293582157513,0.2465968082117438,0.11174217342460452,0.050709939254940745,0.050614758800133566,0.045940206541511555,0.018867099220757886
4.406585871813007,0.307655686706794,0.03849018630437142,0.08165384614303575,0.016720134072398522,0.6823393318596138,0.24661090880861664,0.17356487141006904,0.055762595194596754,0.20607367684019318,0.20555505170742738,0.18050196357097328,0.0551253784140549
2.6317786037015347,0.39818136783706815,0.04053398440312498,0.10104187253194433,0.020193972758774555,0.556326484997699,0.3208771620638868,0.277428181226894,0.11045302907390861,0.0944065851476614,0.09426545341421286,0.08726503741458068,0.041887440904362194
2.1495241460420607,0.40601610870114246,0.06130594886779165,0.1954871746435186,0.04562524319003646,0.5922350353152706,0.42011745524591776,0.2022094409544267,0.12405440607540746,0.17171708255042556,0.17146359161867059,0.15888381298319046,0.07733075286452057
1.9133963804894354,0.35942076822517705,0.02983869167277263,0.18290549410078297,0.010030836456440002,0.7242318463377122,0.20566977770940023,0.18472481288244658,0.06856306219611391,0.08429676739749052,0.08418841723940083,0.07878464592642305,0.04262578790084833
4.334557212105267,0.26080024113974315,0.02025192160293874,0.13072365894970767,0.024522226647768215,0.6610301524800959,0.3559206103444613,0.17864295900223226,0.10435131736002731,0.16911793970391611,0.16865444173770217,0.1463932506873449,0.039896872249300386
1.9334178890380431,0.31075246341563956,0.029513682381176513,0.16246757389693467,0.018840460450031446,0.6707522048411293,0.3867157366060062,0.16337401934043524,0.052725490357527674,0.09349885548516507,0.09337746754764759,0.08732549965423604,0.04719401058932257
2.31789629536903,0.4358194681696862,0.06664570611818564,0.13287938325486767,0.027640302394175517,0.657606808846213,0.3529235345923407,0.18397528868828428,0.05593212926064291,0.1659730061967479,0.16572941220952336,0.15363809611065354,0.07432586487580187
4.304183119668741,0.3174724242575727,0.02558850513416374,0.21784188026384732,0.03234316389024746,0.7746661401080132,0.27095208060276266,0.17660754045201507,0.05600296836661878,0.2630961129913413,0.26226831175608556,0.222922701753389,0.050103123748019056
3.346652325284007,0.4131962213855618,0.0503916246326527,0.20216505872046658,0.027180397850132203,0.7516683887136552,0.2646129538348858,0.26934754021929747,0.11363071042408693,0.21222418637875298,0.21172086381951488,0.187315801013392,0.0627991476998101
3.102469344530923,0.2978208755488999,0.01216683324397068,0.18464474141382672,0.013422647948417021,0.6557697993497749,0.23135577475594077,0.166951661199995,0.05370148980819645,0.06107485537148622,0.060950073575842735,0.05484804378125339,0.020817504553770183
1.4987865002688014,0.27836490970117633,0.07084736616322997,0.0999861551868888,0.04179118347210718,0.7538366259082685,0.3711894208347012,0.2795592453442638,0.09218895212312472,0.17517499156241323,0.17500879651346546,0.16664705606172786,0.10629975090330124
2.661484665309708,0.3196211834461459,0.038750927360086805,0.15593158801053145,0.026968005456631458,0.6102850136147951,0.38508958151598904,0.2489568116966844,0.13189612735208842,0.14075921089647808,0.14051659313435763,0.12855354389942295,0.05677984914062097
2.5569484851628506,0.370001800685898,0.06696303086204551,0.10260930189908418,0.03023961496245181,0.6760220928876328,0.42754905434313817,0.273402131893824,0.12174039623441762,0.19158956145994122,0.1912839571100352,0.1761647765403766,0.08164949203072087
3.63314146121224,0.38927585541942145,0.076072795408134,0.12625336712776838,0.020656173887204345,0.7333129238426328,0.30397200551960385,0.20952400255483442,0.09499638885820666,0.30400285612576305,0.3032972062252786,0.2690370876801126,0.09369170815267039
4.002628309776156,0.25944340046766506,0.07734785648800939,0.17437537560779537,0.03070293551508977,0.6552188019882402,0.27989627292959374,0.16947945107620216,0.10471927544744614,0.6340639409194391,0.6323948637111758,0.5520072647876604,0.15838286557234263
3.578282578534174,0.31839467868615146,0.05020484652376483,0.10982826240290998,0.03434833578786922,0.6460336998246907,0.3426307039726795,0.15341693878288137,0.12006805495364956,0.22841076832231166,0.227915598940885,0.2037790921564348,0.0728954799982634
1.4545338672978754,0.31995342858821435,0.012614876940929892,0.18854188118536697,0.036908619415931265,0.5647152548751236,0.39144259158448985,0.2779510490080107,0.07308025268152922,0.030607216709334396,0.030577519854900245,0.029084226572414714,0.01836373213861734
1.495719360602484,0.4240157482868976,0.020739734347379038,0.15201445168569788,0.016447242335579027,0.5829327468887089,0.4242769173356008,0.29857668119895464,0.05321103760301031,0.04204037699124629,0.041999894467818384,0.039963859985515736,0.02298912661125994
4.417204833924307,0.43564497744417974,0.012170303925946237,0.1642248384792493,0.03938991179561351,0.6276754715904049,0.2794660907428579,0.28251613078272503,0.041583950786799634,0.04902134700614119,0.04888275423176631,0.04224113598599856,0.013207664333464587
4.658755977346395,0.2661202891794806,0.054350963844013236,0.22901680802528446,0.03619339749090891,0.632169940108517,0.2907626654385869,0.2970139831987135,0.11037125935096259,0.6834738286818313,0.6812297515422271,0.574942341175476,0.12107915227076592
3.505579811963471,0.31168780292726866,0.03731648663982157,0.10947473059496055,0.02417281779431319,0.6716431976206649,0.2888760618922711,0.2913298548278477,0.09224820866903477,0.15929737411167713,0.15896085537151775,0.14253409233044106,0.052344969235968736
4.32612891486491,0.29266909031808874,0.04229976891356116,0.16440610569365502,0.04244714198328268,0.7147915792208562,0.23808446291871774,0.2842577645466836,0.1048534333985493,0.32788021306754467,0.3269480781531389,0.2822965421687597,0.07328802784357298
1.3405077821758449,0.3346341238804655,0.035093779090156985,0.12797456266848548,0.03627410091246298,0.7269849064413285,0.2338125999297398,0.1803171975731298,0.10904454719326592,0.07785147639824291,0.07778615965410908,0.07449045866175713,0.04962958683834582
1.5884602063081146,0.26695278203228073,0.059335820401513785,0.18117102349257097,0.01704578970797327,0.626637770865559,0.4286190019258538,0.17201140152440597,0.14696045508768407,0.17386051658936527,0.17367141793422972,0.16419175079986384,0.09805749092348091
3.093970729124336,0.3581669480188213,0.05578742468913982,0.19157984068120354,0.02905670935688453,0.5526197875018878,0.22815593570098297,0.18534266599263022,0.11351147548890778,0.20898841615254404,0.20857771265917419,0.18845309652845754,0.07458200499074581
3.4694121971647855,0.32387828577166455,0.04815646046435387,0.19415636477116516,0.028099287440865282,0.7408884370659361,0.4153904070146876,0.22452443119884136,0.044918830129055766,0.3204522829424963,0.3196445112001028,0.28062774626243786,0.08490173028304619
2.501235571872777,0.32960801472098705,0.01450238053838952,0.21629451664501437,0.03834589473308898,0.7915452539552874,0.2773778882727273,0.23312754813017678,0.12226358857954453,0.06182009046669304,0.06170627887303882,0.05611149302721982,0.023440800614953506
1.178009969930589,0.31260225188419954,0.06964735242014708,0.22744922196710332,0.04165569377105541,0.6140757882717252,0.2785555309186182,0.1650591350075055,0.06666033430840382,0.16748461031345457,0.16734715721380575,0.16040833964255838,0.10872423755323993
2.3223686200041795,0.397011445269717,0.04246435805983724,0.12700896991422625,0.010556268516077154,0.7464797301754511,0.35301260211067453,0.17052014628393053,0.1151067514457238,0.12007983296743076,0.11989775063528525,0.11087112794616233,0.052946931514951556
3.3452710825859464,0.27313949963101725,0.028614218417520043,0.11671127901548105,0.012589815267490697,0.7157679478522593,0.35284695542979116,0.2196190473792703,0.14160255068691302,0.14994416310538836,0.14962605362518108,0.13410153262873994,0.049038190127160604
4.018759438652963,0.3404466706610082,0.052608643687696174,0.1402107017796287,0.026761754946233063,0.6107676377780074,0.3881339982242982,0.2751606287224544,0.1148890317699679,0.26900483484296916,0.26832035232229895,0.2352789370600637,0.07088652460461163
3.441848560767358,0.2799136461630214,0.07472824652664097,0.12667904759574058,0.036015723637801984,0.6280785472655828,0.2897400943513063,0.25761990653027145,0.12533498833752868,0.3555501223511201,0.3548076592613939,0.318542397639525,0.11834091480912595
4.833529448438283,0.44154111531379,0.07237126491179119,0.18380416448216258,0.04290814956476465,0.7470365933290506,0.3976926067404053,0.2862090033224262,0.13876887108006608,0.44426616954242376,0.442731245852658,0.3703509054023497,0.08387285154568863
3.3168947681456085,0.4448441622786362,0.05382889296024486,0.08997380700394635,0.03752416142551003,0.7372055627621272,0.398962046493618,0.2145502247609969,0.10669594018149117,0.1541258566840798,0.153807017765613,0.13822561120420293,0.05629771308770542
2.0494990299550766,0.35061090899636776,0.05419443670108667,0.21227686188365485,0.04397253300465122,0.5548525729003663,0.2308913646382256,0.23059730966174358,0.09662232244611152,0.15359220192708758,0.1533856476005744,0.14310005691070432,0.07533590350179305
1.2199508086476525,0.4469916659960196,0.058067613693579635,0.09134839919408279,0.028548738762113612,0.5756346088138735,0.2261361881657231,0.2432752284550988,0.08911602875878716,0.09547919670960567,0.09541553248279587,0.09218871898108975,0.05254845330234857
3.1829219616494027,0.3448599145927588,0.05851554046210515,0.15723379919760244,0.020541751448973602,0.5663555617653848,0.23304421047206467,0.2761523389312872,0.13944918171753776,0.2041484694673015,0.20375377372634065,0.18439759209220777,0.07404757017721025
1.9892850517757772,0.28003885355304564,0.04587870187068162,0.22198684155925508,0.04263967349258133,0.6577546981695443,0.3214400543174089,0.2439021094396045,0.1375885126860739,0.16169887924502732,0.16146989723034838,0.15008862358147632,0.07670490489486645
2.7058373292301225,0.2544506907183472,0.029043326868235277,0.2356712977327411,0.04116489323740488,0.7802373532731611,0.4281969377439162,0.16367211086250433,0.086453075824408,0.19625644284939525,0.1958423729164878,0.17562863981990093,0.06458082374412503
4.7144973493240725,0.4049314197486469,0.028188069670159126,0.09715144445914634,0.025710219301109595,0.5924969522677,0.3581662235572862,0.22380601748067042,0.06039357973135706,0.10741055145246295,0.10711616008588921,0.09297698005913897,0.030508252787004173
1.9957731158273324,0.2558854331031645,0.056956441751757785,0.1898455864206014,0.03551334576523462,0.5917084319003076,0.22790908278689806,0.1825774558483166,0.066287797476486,0.19270147155940887,0.19245347914748231,0.18008580889759823,0.0978508751741038
3.402195089413546,0.2759575015041569,0.04431814823519608,0.24503793535088209,0.04856230178728798,0.7359980319131181,0.3946226763177906,0.21531543155256216,0.07919298929667846,0.39054721001587256,0.3895248112597656,0.3402647327382129,0.09830334084241588
2.6692968963411756,0.25864948958143935,0.05572751142568558,0.1519858983347287,0.02639478820187722,0.6152277489802661,0.346909082739993,0.24025158272109098,0.11792008641974597,0.2344434816490047,0.23404419474299842,0.21434558611886076,0.09559855408744106
2.5975656763101114,0.39159108854030955,0.06660035978984408,0.13059382872103317,0.039172965776596784,0.7045055456875168,0.21676724061353558,0.25442946346858064,0.11373417926627297,0.18161113285204755,0.18131936475335456,0.16688900021589936,0.07691265485850328
2.0392292124385047,0.2550837979698234,0.029442521147866607,0.08336769156205208,0.042349875057946136,0.7471254763680254,0.38466993245804837,0.24114506415256684,0.1439736652747496,0.0912446502579582,0.09112970149784337,0.08539302029740753,0.04699998540496789
2.200991069608305,0.2582812801891426,0.03607709782218102,0.09529557760130465,0.022510566599833373,0.6082525998111779,0.25878798391429764,0.26808162024077226,0.08040353221776728,0.1056998649509644,0.1055682700947933,0.09899830982571661,0.054872106477738124
4.299234694199852,0.3249225609204232,0.03348240504605109,0.1896950325966712,0.022539095900548808,0.62443148836999,0.3769277169001257,0.25730981340984727,0.05492703701359061,0.2568406134536664,0.2560878278799103,0.22010912728360338,0.054802881877738276
4.914303327417559,0.27841531231114686,0.0431820309643901,0.15819803630651424,0.04591821795674538,0.5632029228263897,0.4155779642170466,0.23991231685008202,0.08743495016633065,0.4302114545005539,0.42885479027557283,0.36438393385141526,0.08162152824382159
4.122431141420661,0.3096690096519713,0.02030482355682129,0.1682563539137557,0.04446223966647743,0.7700601839778376,0.3820753934916562,0.23410657942250496,0.055725105213854154,0.17201450548712416,0.1715154071515245,0.14764338074996916,0.03727832691832291
2.2085397986879127,0.44974686422563415,0.04535001998697411,0.15357296498087664,0.03490737504106133,0.6468346412907269,0.3734622862356769,0.2936547645421471,0.14821601228141154,0.10368592379389918,0.10353623569517793,0.09610150274896245,0.04684160720169325
2.63319555868126,0.3186683712712957,0.06693751526535742,0.2357464380388521,0.025130335428635395,0.6289312003292642,0.34526958563382676,0.19306462991033077,0.07878052260191519,0.30821693855152066,0.3076317229152752,0.27890650874671913,0.11336709042876246
1.71688380214749,0.3118760627232111,0.02169581595659875,0.2327453161511307,0.03785839951691804,0.6168803204753889,0.23750574304549926,0.24067317012367084,0.10294880711209897,0.06249165227072481,0.06241713032698186,0.05869148333692503,0.03335088189744444
4.392488951684971,0.34692953135073445,0.06302237206062376,0.23665477118853784,0.013596331266589082,0.7546532708381064,0.26984885122496605,0.2370983246488385,0.05237242931181941,0.6106431976274225,0.6086505520581593,0.5142230437804945,0.10933400039136336
4.027765618664289,0.2549284650433123,0.051966539221175126,0.11886540510578317,0.03172772965405989,0.6811240780295756,0.39652714407995093,0.28982569819781934,0.10617050235775424,0.3768067975055001,0.37584379579701743,0.3293710873826712,0.09800759928937909
4.568747843680587,0.2513490831566258,0.041563727556709756,0.17655771366874512,0.015877724208110212,0.6387932329797124,0.3931644581254862,0.28060723923336617,0.07717841530194669,0.4754021061304449,0.4739329971947809,0.40400513499727236,0.09325717038329707
3.51489206343846,0.44452735493135265,0.012262982323448546,0.20976550779026498,0.04882756315591265,0.7969155957172182,0.2841819599643012,0.2063310325132645,0.0865843202192719,0.0554126341671326,0.055269985767797625,0.04838933531235938,0.015224057296709647
3.266819402153098,0.3669667295276016,0.07825874075016101,0.1397468343567606,0.040285423858716085,0.7855190990061274,0.341214538296043,0.23214964032201202,0.06450583922414452,0.3414598835475223,0.34070841441069866,0.30410996625812103,0.10774195454538903
3.6403638859105536,0.41757467304458806,0.06656708468632308,0.12207221223349957,0.03591219785253115,0.710498392965265,0.26489544805375825,0.2798197938528276,0.11190328413012038,0.21650202093268625,0.2160125541796559,0.19221125833446762,0.07163376561685879
2.7354632540308605,0.33154720389460535,0.038467518727668196,0.10614326548253906,0.022187118035096296,0.7481538074151991,0.41386280028312306,0.28343058238324853,0.07179047490706109,0.13834775870137916,0.13810363433523365,0.12607907571541935,0.054615723141261896
3.8728969165245375,0.40917237997655986,0.021333994100911136,0.1997649737642656,0.03651244815119845,0.7645808533209068,0.28779019091677394,0.19674303639421342,0.11914585277552178,0.11480575867296673,0.11448814980632685,0.09924395285345507,0.027901112665677134
3.6300325142197853,0.2623510437569071,0.014580168479191743,0.1496802230422884,0.04738819368150091,0.6273802559322691,0.2604978328366049,0.22959133132506643,0.07846634524708038,0.08642506437143001,0.0862296956896476,0.0767294455721722,0.02626622326435277
1.3639280274047196,0.2774712871721967,0.01991113498828335,0.10758452423726796,0.03385591538279254,0.642508309041258,0.34253567657037354,0.22164263021459296,0.14333306894866643,0.04525161268848058,0.04521438929326403,0.04333539527510295,0.029346193692295127
2.175631527223191,0.28532249682477956,0.021597370681388953,0.2209006701791562,0.01525908621946748,0.752089593962165,0.26221570662696897,0.15622159618271628,0.10192683054373924,0.08921199806057203,0.08907101021020031,0.08209324092602593,0.03880960734634742
1.2454471187081837,0.4105738843045933,0.05690831219843659,0.18057151306537278,0.04742540618357743,0.6102043960203559,0.32342208363900027,0.16362814166144765,0.07064351280678163,0.11862908604419911,0.11853163584339237,0.11361231857867576,0.07045218531924043
2.897738183741037,0.4144715124023457,0.041574292499667334,0.21702093777282244,0.04335020020168488,0.7479600202994526,0.20435457346698424,0.16536898438075043,0.057571826393296215,0.16070381108255175,0.1603730023396493,0.1442023741812874,0.055124844308980264
3.8598136145072113,0.2975266605707049,0.050237625728563516,0.12362682709454662,0.01783448864870605,0.7775288713008933,0.377182800824053,0.28198932079390304,0.13748759490990758,0.32144755440971007,0.32062519454630084,0.2809422773682346,0.08349354246675374
1.7826749794127688,0.275255597099104,0.055057105485813246,0.1391119725232462,0.011503170381904144,0.5734981111228153,0.3682338164857434,0.17644685595696805,0.10992591668564675,0.15470850819064524,0.15453801870179887,0.1459944433920502,0.08659815787007143
1.3312219173568334,0.26298553116678747,0.041087888441567175,0.12166938446988325,0.03479591812296155,0.7460697968952699,0.28396924232814647,0.24311698564880324,0.05185469758364559,0.10024101984393531,0.10015630361176812,0.0958824433866269,0.06424032171014844
1.899217615618411,0.34542495226469727,0.04930030992207257,0.1831486930513288,0.023671659439232908,0.6527461935215336,0.41632325357447586,0.280763182492731,0.12101087622274942,0.1396721710092298,0.13948870684844528,0.13034547184628426,0.0699358948596769
4.680534599337621,0.2982735979784015,0.07939619112758163,0.2212409252520891,0.023782994810478242,0.708395521319122,0.21365624874120723,0.18740171498459907,0.13594411910327844,0.9024543462432646,0.8994787705873117,0.7585951038416414,0.1587061547568088
2.6764439045028943,0.3463953966717147,0.06340208164020437,0.16437574247717351,0.03603736459173608,0.6718006374387302,0.3542824834648826,0.1742776368599535,0.11425757788504501,0.23669893543584075,0.23627620273087943,0.21546568034421054,0.09239459720949826
3.466227814509638,0.3762866241919758,0.06404137185619142,0.1869209699765953,0.022408534025190517,0.7539169606898736,0.4433739277614417,0.17936995931270447,0.1187415997262101,0.35657803152434503,0.35567736218038926,0.3121792563596898,0.09421691810350581
1.8033186283918328,0.322140152008268,0.07268202956572309,0.19177213712320107,0.041423532386918496,0.6712193843658383,0.3676156734996208,0.2915586706060602,0.06975672559884932,0.21095595250742272,0.21069124091057204,0.1974787235142304,0.10894787223836223
4.347561837982061,0.42966072077329887,0.031370115843229095,0.24982070907613557,0.010183907927286772,0.6860934464295132,0.37264230229871964,0.1916756522656225,0.06012670633954704,0.2241469570161979,0.22341085138945346,0.18854690982099562,0.04217780455437255
3.995521905959034,0.3144991770134253,0.05257763309816396,0.0851527148715445,0.012395710127995327,0.792060817974165,0.2814005080645099,0.16763675131266964,0.08762669382108497,0.286542451489966,0.2858414418213023,0.2519165086895789,0.07895172869711446
1.29863255075437,0.28655684374113755,0.041010370487110974,0.18371748995314024,0.0322787143232117,0.7736270185005272,0.4292633517982801,0.16204136502644628,0.04413006784319706,0.11313157052541296,0.11302444240371791,0.10763427148939325,0.06871578580930289
2.78841051970093,0.39991150276024306,0.018361418177365196,0.19109019334852942,0.03738756499844508,0.7388969007136476,0.23427516722481484,0.25803894748936035,0.056915298776521225,0.0642584184267822,0.06413497873829002,0.05807945841459655,0.023501894312934625
4.918907228356909,0.29700454307547786,0.07179403616646701,0.09225486313355521,0.022701576561506145,0.6221312832083887,0.2022862796972774,0.21049010061436702,0.11775885647026268,0.4196312814468589,0.4184845116681092,0.3633955121003988,0.10004787140596733
3.1890936269204806,0.4157790314509744,0.05489888037118192,0.08128787132751339,0.011262016461589077,0.6416058768211562,0.4101047033664719,0.2014133114045406,0.14309555181638603,0.14920867079358435,0.14892773823793878,0.13513252660230426,0.05782057171660515
3.5598381742559373,0.3379423628325402,0.02510794288362584,0.19112199339287195,0.03533308957018388,0.6569112214459123,0.20701189778137413,0.24868126975174537,0.11746633243990029,0.12477817236044084,0.12448487876705676,0.11025591843873411,0.036164912352727244
1.075749646308548,0.3724246812890629,0.03683788427647288,0.18238875647271374,0.015387415034211795,0.7625147403296126,0.25773526507075034,0.2111818119668742,0.1066033610001928,0.07665123179872602,0.07659415092712309,0.0737069016210485,0.051121050886967404
1.8578321166626037,0.3025347672030661,0.022939252611199522,0.1537529251737188,0.043648522629946916,0.6542942715456602,0.32062149126642836,0.2187247187065805,0.11981767794511389,0.06514957374783545,0.06507138179839449,0.06116303894340081,0.03462894804671821
3.037700524770272,0.29487573728665467,0.039887233736581755,0.08986112987757439,0.044566740947562966,0.6451346611645208,0.30916021750855166,0.29912630646163885,0.13066894706038937,0.14122210092759338,0.14097311167106602,0.12870846203777261,0.05579354708751317
2.1339291624088723,0.3433465247335634,0.06761789194652189,0.12987613189309619,0.035149310771319796,0.6779973571418625,0.24880702923071776,0.23565123645299674,0.05485632324888071,0.18513542312562192,0.18489189387100485,0.17275581029407497,0.09112960197395614
2.538930999994338,0.29338684994925257,0.058832073503665656,0.21677987666167242,0.012152870989057601,0.6891643759876686,0.268566166046703,0.1658334972074982,0.11344163420826534,0.26617395610247446,0.2656970492056038,0.24222311704286992,0.103585014514526
3.6840949469948665,0.29517349255887776,0.02475993895466808,0.1939252012123786,0.043290822783278095,0.6272416333373613,0.4366507111666072,0.28689467438073635,0.1324467997435119,0.1706399679480694,0.17020116425849272,0.14903393802704776,0.04401444550193564
4.410167124064297,0.39409740141504457,0.07882754881802043,0.15822737737169262,0.017863284828483032,0.7273353410863577,0.2415914470473671,0.2738074282753921,0.05268940467616126,0.4093638235487814,0.4081803947345215,0.35156120783089473,0.09690586069721335
2.8987805522835446,0.300988850376679,0.07732597064096172,0.20412825790990638,0.041189825773038875,0.5596957633734281,0.3035724998499486,0.24230984170099865,0.06901866020827926,0.34683304489009387,0.3461660441264782,0.31344711963469907,0.12593968819605852
1.026515374182546,0.41102545472117863,0.039984798986421696,0.11627463124618781,0.04880921226118213,0.7624344371246403,0.3612640221693762,0.26611860113493424,0.10980126387107214,0.07312286381498229,0.07307413925990805,0.07060451222664348,0.04596633723164493
3.692339881182722,0.44416590592328026,0.037564159986895,0.13040848027078716,0.04197091474496108,0.6829609225133505,0.3881119977890789,0.2928652316445417,0.11974178842022454,0.12181475392388427,0.12152489087861064,0.10747289686897706,0.03911146908943353
2.4559064075490173,0.3008020543034528,0.04152756927066833,0.11129670401456335,0.043802213400620814,0.7955857844166934,0.4080377740865112,0.2494781773476798,0.14182139601134697,0.151829618424771,0.15158261963979822,0.13937289791385005,0.06445251350319997
4.158390839176821,0.34779911067244296,0.05012116035745776,0.12301189713464797,0.025283070542460855,0.5792513151325951,0.21689453091459643,0.1689598538963508,0.0783644240564173,0.2140117070265794,0.21349961866042985,0.1886830775423261,0.06365595792784541
4.11991875854463,0.35762610061088024,0.07502506466552598,0.1399061554538205,0.04039060488356216,0.731363472968191,0.3399977318002051,0.19893501403255762,0.057227841108413655,0.43334387962057447,0.4321691189341613,0.37570366469272415,0.10530014774802643
3.3655216776806425,0.26316647950936234,0.027853768672352397,0.14502361639876105,0.02160550870085099,0.5950459954275548,0.3637628636246265,0.27665344504187656,0.0984386405112713,0.14748751875623958,0.14717542104973327,0.13194215164395126,0.04837293235982137
4.999281891344251,0.33398491536211994,0.051917190139193645,0.24912106150853763,0.039152580633774234,0.6515441591401929,0.2013824620855798,0.18992672348020553,0.13353091767441613,0.5928579525420961,0.5907468089626741,0.4914642177865815,0.09070460236850875
2.5993520379201787,0.3685160464662728,0.04485615463776344,0.0988351618303781,0.012927455027653583,0.5943008238179854,0.4380296941258538,0.2633302954919173,0.0882537257642966,0.12365739071008894,0.12346486245232337,0.11393045593872923,0.053516546913697845
1.1906629486473181,0.28898478793428106,0.05918384429447657,0.10846718562813802,0.03548441469495331,0.5940856603506637,0.2215399081146746,0.23199405386520083,0.09607282569058276,0.12042600965702407,0.1203446796630529,0.11622340249435793,0.08439451271143449
2.6932928540761165,0.26880122456657907,0.016731439213622336,0.11912167108884089,0.04871312789576655,0.6407970022170062,0.32155422533326883,0.1904022816810959,0.07890733288067164,0.06595576061280072,0.065847519396543,0.06049889256841213,0.02778828641336375
1.6963733842365625,0.30894419771380854,0.03853569046224725,0.11094564929593673,0.04792787815339285,0.624796728882741,0.42133564627725684,0.2737438467746447,0.06588836224756024,0.09580482002842217,0.09570468371408854,0.09067921132258269,0.055255558888542236
1.975875410865072,0.2749472037622531,0.015059749229912127,0.22292834744192264,0.010763152249410195,0.5633829331099536,0.22129571417302873,0.1513221218672894,0.04217491402332388,0.05201368510441198,0.05194514605234055,0.04852976232418463,0.025986738149481547
3.398603586679921,0.2856374090713259,0.05281945051354478,0.16017712963976977,0.019616176179585408,0.5621770802080535,0.23119491670133788,0.27815767151228493,0.09235329418551701,0.2445895716511438,0.2440836373509102,0.21935890617177436,0.08225935888418294
3.730510373024587,0.27125863847463005,0.01987377857497482,0.08930334193724787,0.02196863517423881,0.7627686848096304,0.23262572642820378,0.18705105925568594,0.08262773030766361,0.1097427842306373,0.10949767669936757,0.09757041397318385,0.03383278332215245
3.2354223255963883,0.34589148423487026,0.03327119505276148,0.10961878548729945,0.035318301406794456,0.7027319486567576,0.3796731124602315,0.2151570047279329,0.04473146512622669,0.13373765597197051,0.13346554896459087,0.1201561642113997,0.045977044538154765
3.4213128974361324,0.42323269891143,0.039582163682020555,0.17590710070504578,0.049143868018570305,0.7551668138853997,0.28336812108442794,0.29601266531260906,0.11151037021439825,0.15171296808194093,0.15135569542300578,0.13402480153098062,0.046246073167462105
2.000902597836687,0.4315579259887167,0.0554136928003846,0.23814133758943457,0.01173752700469213,0.7731201084247578,0.3009718558382081,0.28240594884395964,0.07608652171167601,0.15950433083361043,0.15926300886817962,0.14729856112702658,0.07092273991264528
3.0172648924693815,0.3885877462525743,0.04376081817135781,0.19129731290984675,0.04013631819941398,0.698585566000321,0.36284260007113955,0.15791204185080074,0.0461339242675038,0.18657848255954085,0.18618330226504406,0.16689579949057873,0.06156782728325589
3.574318986143522,0.33557729953951015,0.016336426314527665,0.18005461004362644,0.03130207831648177,0.7208445189418534,0.20828806449706203,0.21277892798131787,0.10194100737283722,0.0865681466024584,0.08636138579979537,0.07634032343164725,0.024593761174734746
1.8233466566148038,0.25670407332648054,0.04654334993146791,0.14042367168512948,0.019450633626313007,0.6973684688976753,0.34293602202164686,0.2855380976742237,0.08966588267435632,0.14001700218999133,0.139851089958483,0.13155484507151632,0.07502354650592608
3.5625412213903904,0.44809427907641275,0.042094009139865045,0.11346460826572657,0.01533307365720293,0.5610298668457271,0.41473056543778597,0.2343042357871738,0.14616554421304853,0.11195394544316024,0.11171512294074909,0.10006352846110915,0.041090802038577665
3.1125456719533533,0.27700466469042584,0.04194325793190523,0.17486351125352498,0.012189909643894546,0.5730709113712116,0.25286001945871994,0.18455485262509214,0.04552800616707574,0.20420560309486277,0.2038052908306466,0.18418737984143324,0.0727086592433745
1.6323243598698876,0.28455887584743744,0.07923117478119662,0.24371984184614803,0.03798780526168372,0.6401300907255618,0.2907138178786614,0.2728349898033089,0.14068928403314288,0.2350894755578535,0.23481251766200611,0.22096109423308144,0.12642033480119988
1.5026647542700724,0.3515575353620315,0.05584279697272286,0.14681820373001053,0.022158876842547276,0.6862625948359945,0.22318206767888366,0.2511081500139287,0.12813411171437866,0.12351087505844166,0.12339392839370789,0.11750972329963547,0.07294041128465127
3.0146625021206224,0.41257863902307024,0.05789779899832472,0.2277352482014957,0.04459401641719485,0.6992958233649962,0.3836341456306556,0.16409411970172627,0.05605794928806073,0.2579866844422886,0.2574106430329274,0.2293792288528157,0.08049598859962567
3.4729083580234046,0.3299148443051849,0.06253763198502274,0.18328001982594644,0.02487931739755129,0.6018353127313282,0.3868899191635691,0.19611296449960267,0.10260096989642487,0.3315918675231529,0.3308187923080306,0.293294996221439,0.09708039349435395
4.5123808390093325,0.3098179370392063,0.031968826323431676,0.21473835454829954,0.03923692460621706,0.6418539617003007,0.43437503661522814,0.24416822137295044,0.11785327340913881,0.34007301345436547,0.3389662537400688,0.28650738853060476,0.06116995143168801
4.248386015072318,0.25997521069327384,0.0565674773132054,0.15215206889972505,0.014376342627964323,0.7835320505253092,0.23466989997118787,0.2912983716078826,0.12916892510510902,0.4991985869307292,0.4977894362951426,0.4302527815883173,0.11277042387262545
4.061083477143327,0.41641495047524113,0.028557172193038882,0.09545539983017684,0.025734512645806,0.5918436346517048,0.3375029229954375,0.27141618507312393,0.06743436673497764,0.08644202074226894,0.08623990215012756,0.07643112023399519,0.02907474387769188
3.204257754809341,0.40854694451270657,0.025150719579523112,0.10998656745039866,0.017572921584842905,0.7071530363946811,0.4118043777238408,0.2190166981337512,0.07141532671535897,0.08323107994677129,0.08306131160838963,0.07475864273633609,0.02949431019283825
3.5293777940159776,0.2680731648090211,0.04805519829504051,0.20168725005305577,0.01951773724182225,0.7413757569507646,0.2284496927029022,0.2683465526765206,0.12975788805981392,0.3439996428643974,0.34315172900037044,0.3021369660131413,0.09386615276405151
2.689887894251725,0.27146512419287827,0.04143995948224087,0.21937649695202316,0.048292268195453264,0.7502568016281195,0.4385744850175473,0.15175822195529973,0.08700941335725923,0.25027067204080367,0.2497605650878203,0.22481236897467716,0.0855249156743394
2.5208535912433288,0.3369210604186113,0.012809547075362731,0.1612377709029214,0.016541505768018504,0.7349481948278508,0.31994441218977515,0.2522366149433951,0.12038562757946289,0.045714432074509925,0.045636553630066766,0.04179450748047794,0.018636373285680963
1.7538022106263012,0.32053039602586864,0.05073186095219812,0.09010559159397616,0.019211651270379868,0.7220621434432618,0.23177827135760282,0.19966500673173398,0.04184427914388673,0.12454772997003438,0.12441927655835072,0.11797034344930948,0.0712518211813661
3.476196633182252,0.3794968974903241,0.04733471415346332,0.12273224915751904,0.04306205670303174,0.6905338031534912,0.3570648986127111,0.2742513145895972,0.07136993586297438,0.17958997053970763,0.17919448941763935,0.15993424545587073,0.05803531370708408
4.146085915254751,0.43544486706201546,0.06953161009899146,0.24581259904118175,0.04401898602140245,0.6950008184823254,0.3337474794913021,0.20992406688098644,0.04660115643330913,0.4321423197087363,0.4308042814361002,0.36712511752198573,0.09084219040001068
3.8854427377550276,0.2531044457476436,0.07664802687268546,0.18172834689968065,0.040512933379522026,0.7046960012936567,0.3683055772233782,0.20508339537708192,0.0564953318071256,0.7142502799656988,0.7123202408476755,0.6195310878279445,0.1719573025412101
3.1755220431459628,0.43062195848994667,0.010342522760843999,0.23075229016275384,0.04569111292566827,0.6237272008296038,0.2684843114607931,0.24334298510488925,0.05764372155348965,0.038932907177197905,0.03884634512069432,0.034633017931362614,0.012575494920307522
1.5416861164819315,0.39553424350896615,0.03889505659517849,0.08775310744715362,0.04626395642265466,0.5566335681097405,0.25792267568014526,0.23484751796916578,0.07267741719453191,0.07246442767980085,0.07240368345037478,0.06933864044171438,0.03992332006573985
3.0741136353567997,0.4359999489404295,0.03857080378633785,0.14715718611059336,0.042850315340997494,0.7767170593071743,0.22545288055472684,0.2966884093138451,0.0637667143783406,0.11700978388689275,0.1167737173994569,0.10522203283801823,0.04230743480514948
2.9735538141099136,0.4334302691547477,0.019591240894634272,0.10264561870263246,0.03754685062007659,0.7388293178252455,0.3933102298633224,0.15075863669672557,0.07488694553695167,0.05804343718151484,0.057933812267379405,0.05255149035921814,0.02222896989230764
2.576753077465593,0.25380263958487825,0.0771236631642448,0.08136779328209331,0.04125350772336017,0.6441849193465252,0.44608607780954523,0.19999366855148432,0.04207697266722545,0.29556216065353014,0.29510662669044885,0.2725384139681026,0.13125638542843668
4.032606675265364,0.2873512921577555,0.017183437498002968,0.20683439084268213,0.027352088195949184,0.5797560426693721,0.43061217222995113,0.2508439665363246,0.11620267407666024,0.14406892944685193,0.14366485663056958,0.12428974761542612,0.03285808942543183
1.3223460478426865,0.3754083605384974,0.018912111006267524,0.2105620264009998,0.039189986141800144,0.5707404464270491,0.23505511259365083,0.16095008548035675,0.040200981543584986,0.04268149836212362,0.042644247302980554,0.040766320262103424,0.025892608546839516
1.785992031510205,0.3243274067598696,0.033959210377762096,0.12125051753473809,0.04954505482002889,0.7039346801236159,0.25596967493228245,0.2964705421790136,0.06612534068539982,0.08395516460210486,0.0838626419397284,0.07922614830735535,0.04699285514505288
3.4801273271786375,0.3316992383176094,0.013045155733852638,0.10328744981490418,0.04057051486260802,0.6740499508701102,0.22348531745623362,0.29632307567890326,0.0633158037501497,0.048617196786096176,0.04851821134478594,0.04367677738978426,0.016771781390611726
1.415654016029216,0.375370463851893,0.06890480202704789,0.24000220915817644,0.043209233937714905,0.794982684425261,0.4005986930682762,0.15506006050799534,0.1216291127197125,0.18825843768813644,0.18804970818843783,0.1775916845954964,0.10500452188314349
4.261278988870981,0.3692050666629283,0.028753501527453006,0.16094047587151433,0.04469702531754925,0.652605697278623,0.2103780694998595,0.21837942311869823,0.11943753957014305,0.1427996354112702,0.14241569295699194,0.12395073276543853,0.036461077176894514
4.419470160888524,0.27064486867185916,0.014252026494472284,0.15738429320555675,0.021677886746827253,0.5974659076191251,0.4087500237066898,0.23098865339562596,0.10000209328108559,0.12508103860207836,0.12472201721322293,0.1075361357775472,0.027556853714662058
3.2734234342398434,0.3942171637512629,0.06297881194795849,0.09507061377421756,0.03215518498308217,0.6631036699978625,0.30773536995958106,0.1860837528735131,0.1251253091444382,0.18906620508409838,0.1887009659210914,0.17078862864466982,0.07079421777217437
2.0157168689701463,0.41601229446564025,0.01726168079828068,0.1442322795299489,0.013506392799132247,0.552015541060123,0.24121616417654398,0.17753134641736634,0.14463810866880009,0.03735028391874252,0.03730565572182689,0.03507465181649572,0.01841759453691974
3.084367584139712,0.41155870654133486,0.05528106051949476,0.2113789296746985,0.044280761790208366,0.5717201144443851,0.3326197665040213,0.1760766982364933,0.11209746038078669,0.2029791411965146,0.2025539300810304,0.18178826218859834,0.06908422253633635
2.3300016492336697,0.36655056558896404,0.06817470149910367,0.22603232414716046,0.031078506719184877,0.559291004260373,0.22116156029925438,0.19346696192341922,0.07250836942686936,0.2162519013646597,0.2159150278513328,0.1992327004579922,0.09458305481487206
2.0471970569780864,0.35827428665843153,0.01922062228483319,0.17779346246824357,0.049199840245033176,0.6869834368491836,0.3338484960315894,0.18312595452563996,0.1005591961058119,0.057594468848719875,0.05751422136410748,0.053523252741581616,0.027651020155744305
3.3627077172786466,0.4361892306228232,0.019776743801197552,0.1429880769734524,0.02758254041524645,0.5521712789332484,0.3161001902596397,0.16399289973807912,0.07102853385053587,0.05705706647254682,0.05694087287777469,0.05125784141036429,0.021166662372763132
2.786247574662234,0.2820246681857432,0.0741010879335223,0.11881757587764522,0.013373712320475665,0.576881787994015,0.2914821658112185,0.1904794793829518,0.058109551406824334,0.2732187729173546,0.2727733321319748,0.250756181013949,0.11576731892582523
1.4103722775082086,0.35589229919866555,0.05054576654285012,0.21012954370810333,0.023648502930709796,0.7213017975295963,0.2640865034892127,0.23461161819437434,0.12083399663173724,0.12236307399899743,0.1222408952375188,0.11610171551431994,0.07233149622952151
1.6706634986249185,0.4064517991772554,0.027645008288242276,0.23681713646969182,0.03808297040809678,0.5590945971293846,0.20064228849905216,0.28861617136043205,0.08375428296960138,0.06343137066588646,0.06335983848095399,0.059777616601694436,0.033357995236826234
1.9161404667417734,0.3147258834918185,0.021584177099974816,0.09837748552952773,0.027339962026219314,0.7980626165076224,0.25558511784244053,0.1869177767374523,0.13621843245208232,0.05883955274099869,0.05876942043449369,0.05526317526624137,0.03141150417518792
3.494113826404257,0.32588457858381026,0.035375542224997586,0.16072812483755633,0.04221866457708924,0.7678454542389761,0.4018255604618547,0.22345623900740225,0.07172304236700136,0.2126118777895321,0.2120918807303839,0.1869264967495562,0.05860264330984645
1.1538320525096648,0.3606035529918029,0.05431035255306861,0.09834241060753846,0.04255965217752566,0.6680044092176083,0.26354170901156443,0.19033196702541114,0.0876474438329099,0.10516293175362929,0.1050917500185686,0.10148486413662597,0.06695247053752951
4.204624205498707,0.3436559509377473,0.03633307044614868,0.1363434712403143,0.0401428779250874,0.7047721455254502,0.40040107668646674,0.28911235476085084,0.0656347001602393,0.21994031443460677,0.2193313584596409,0.19010513241671648,0.05112395881708745
4.091964461394947,0.413572162153503,0.07151671317222714,0.245942065887018,0.042949838490506466,0.6614454509913804,0.2148606374930392,0.22060509724536354,0.11608682215108243,0.4047907989395344,0.4036066781549627,0.347004439654536,0.09174392053536458
1.725928734016661,0.3124279977687156,0.07801128786293852,0.14259832096190764,0.01903791548326643,0.642298164219231,0.41726774331187,0.1522951537334769,0.04823715262004559,0.21973123349753126,0.21948458052672445,0.20713090792921465,0.12167234886492885
3.602285142564654,0.2779863491917563,0.010893661790136646,0.1807438278764681,0.01775350316891558,0.5724600219679589,0.2549277747370868,0.2745221383800348,0.07621607471433442,0.06216429810377502,0.06202198537018429,0.05510684125917032,0.01860862901239761
4.069429848605792,0.2517240284563358,0.03438529701887873,0.08663206630386296,0.048368692036065836,0.5909953192791401,0.31070284981533824,0.25151068326790754,0.11969374313628733,0.19075540217419576,0.19031908517853874,0.16911683652139048,0.057161783000870395
4.191201609778254,0.41678398742827316,0.014833292121316406,0.11643601607336852,0.041570333884817595,0.6794574827450877,0.21249647455392695,0.2576955682896567,0.0810220870016971,0.050548464982540765,0.0504220204362303,0.04431149409214053,0.01567321737909602
4.83738129414621,0.33410785449638325,0.015844454784280558,0.2296366744075209,0.02472077203209402,0.7799271703618604,0.3959588720440514,0.1570701964429896,0.13442350246221468,0.22681552415175663,0.22597377183299705,0.18653974278004357,0.032054859203331454
1.814192382000029,0.37311599275918683,0.039376784522670884,0.1803210899348479,0.03981223034353629,0.7493177955023055,0.2067881097748652,0.2873090957751866,0.1392625249329856,0.09893781551457864,0.09881635626727171,0.09274968130812541,0.05103415699775891
4.85237712015727,0.40803809845839023,0.05755248453948255,0.22984200383552045,0.04415719431033401,0.742614103310212,0.2177575827417916,0.15390316456610723,0.04597196182382268,0.4756944130022708,0.4740254445989409,0.39543192739605604,0.07962195987282661
4.624153277322902,0.3530854055512798,0.05228387519503653,0.21153713285439824,0.021800055872530824,0.7575841236558328,0.29878971289035583,0.2638008932218844,0.07618456323361608,0.4907116331041018,0.48906567648151555,0.4112489109492463,0.08373735514973231
2.955208268410434,0.35141445853651265,0.032494832023605244,0.21769954590256307,0.046363199293552954,0.7869753974372193,0.4222865983199142,0.26644940859544736,0.12902244296619025,0.17033798108783887,0.1699536863204555,0.15126430630898272,0.051891533013294536
3.0579731821516978,0.30818754382397945,0.013669415972147188,0.12426743541528981,0.020150359802440107,0.5570376898011378,0.30997738493522675,0.24530820007189383,0.058830489507873215,0.05021851897503061,0.05012820262951828,0.04568350216134759,0.01947370047220956
3.2373439690753156,0.37962297315266125,0.04272868497998158,0.13710888295197754,0.02363121928652042,0.6284680401446048,0.44467207306931483,0.22826941389090977,0.14297077457553659,0.1576432847954004,0.1573135374554582,0.14120865104583924,0.05331913844415899
2.121421523070044,0.40704525083985943,0.07496440521040296,0.2451357332411478,0.02686686704690333,0.5541424289211675,0.4356373060416105,0.2466651916601194,0.13403972022021507,0.22160396579254923,0.22126267663921637,0.20435390798614664,0.09747483014069451
4.011969170083087,0.332735273440426,0.03629483665950355,0.2494140036164108,0.04090055868959989,0.7179687219520507,0.37623374718283653,0.20188655893694124,0.1017304125514941,0.3459508949098296,0.3448893661947012,0.2943335345238313,0.06864914413459786
1.9993560231083436,0.40861181262266144,0.03516541775353814,0.13508552746505556,0.033594872001911,0.6523601948241003,0.3317522567833479,0.25594631287751857,0.12232349967789144,0.08096592772541684,0.08086396976809386,0.07577554461042936,0.03949386655705001
1.646080363145257,0.34249443097395194,0.05700451179530181,0.2077477816956722,0.0215048585023649,0.6147375290583817,0.21987537617444106,0.1954761092248693,0.1431790651551114,0.1455031553918781,0.1453434218423167,0.1373379712033236,0.08162601782557855
1.1877340112017132,0.28794381782907524,0.03161594344262334,0.13262674676098338,0.011352891546038016,0.5883895737576317,0.3800593441554352,0.26305227828885364,0.10536192886291795,0.06749394173483501,0.06744435030257398,0.06493527854098888,0.04584296930413519
2.7247293565807578,0.42766903312613563,0.02451126563074873,0.08054325422280731,0.02831118293482155,0.7486037352565718,0.39800865253624884,0.15994613226870902,0.11459874076990939,0.06513274632263377,0.06502308516960018,0.05961027511982596,0.026978169961617487
4.674008727243029,0.3287575267676664,0.02977356367593781,0.09926184243598225,0.0244886167616492,0.795638742065346,0.37502213773700294,0.22137424137709819,0.06811435510321928,0.21880052279325007,0.21814162748512655,0.18671538881510016,0.04474510183111585
3.0450144683551215,0.3557501715916852,0.06098912102390118,0.20819801135974164,0.04555180579006557,0.7304347996191604,0.3312481605727653,0.2140045940071819,0.09585114433806256,0.2965967815662917,0.2959455675431731,0.2642255869539907,0.09328216778204801
3.7278740300017525,0.25006165776235567,0.013738498502583893,0.13611914922871515,0.01865390077487941,0.7540853151912108,0.2482305456253741,0.19817981380450622,0.0908009710154164,0.09713571343152191,0.0969026719744912,0.08561099155681393,0.027440418080851577
2.68051466137439,0.27418983423062027,0.02978688258294656,0.10851463051409477,0.01831144488635892,0.602060531138939,0.3988455047094915,0.2222382584791988,0.0702122032705422,0.1118539171117633,0.1116731469098049,0.10273477651985588,0.04775087019556496
2.5269830263461053,0.34976993123756944,0.05775172021877127,0.11921567608277409,0.017771150508642055,0.6697924887002763,0.20933384913164965,0.20722502156420897,0.07016671160849332,0.16768172561935515,0.16742900646602846,0.15489760659518956,0.07450893212570567
3.8263475537755647,0.40155324800794556,0.04294521082859345,0.08804750893169669,0.011488721554937142,0.683835477644687,0.34700597693112745,0.17973461186422376,0.1328145390039176,0.14610051938973945,0.14576692586369974,0.1295547145351316,0.0479462884627668
3.842115385343333,0.37236451859606656,0.04543213435166218,0.20172638147661925,0.03962860069044945,0.6968326098468884,0.3386044885889784,0.17488731309385103,0.10838013805377877,0.2734946567508793,0.2727522056796694,0.23706938500083533,0.06541176945693797
2.1281610898934264,0.3461606394280509,0.017782932806647594,0.12390154448690562,0.014569819319700588,0.7330728615818958,0.3648088985411808,0.1925074905938524,0.04693129312923523,0.053027349452185374,0.05295417185013114,0.04931354983956357,0.025545118002033487
1.0654540218119226,0.4403433121207486,0.021239900129114322,0.08723981209300583,0.047589041558243124,0.7144410535830972,0.4058872899967369,0.23722454552535677,0.09039185931546437,0.03737437008333996,0.03734982631439646,0.036105500138297685,0.022052841809788323
3.8217281489414847,0.286462476401013,0.015437458175194575,0.13028657162576507,0.02954878049168614,0.5670882174873904,0.24541259387639375,0.2228002054334517,0.06352917322999718,0.07767767633683792,0.07750421479103468,0.06906325955795618,0.023952165594691297
1.7282865976785051,0.3266443569800164,0.02692063614623357,0.13882987812979963,0.021284207401424206,0.5998003796320877,0.3388127460149731,0.2250925434739529,0.09809529342887226,0.06683973489854776,0.06676813422134927,0.06317719788316532,0.03801256082850627
2.334576637135621,0.3548757614377872,0.052045827156856135,0.201141798708655,0.021274496758421114,0.6075085960309679,0.28212671182467763,0.26232580116013693,0.04055076020630033,0.16714586563443581,0.16688432350936855,0.15393483071117162,0.07324786868443464
3.9543900589352896,0.34809689124835225,0.07311078714388553,0.22788333056354165,0.01866265904937819,0.758067181813774,0.40890655243413143,0.2978121359094448,0.09139337217611768,0.6063222793671378,0.6044952146650454,0.5173571199623356,0.12386588896644861
1.880053711553853,0.3679959865357497,0.012393069363936247,0.20046498919415323,0.02307817420845337,0.7699654319440306,0.3916669904535921,0.2604480747757761,0.07353253591827089,0.03740886866691864,0.037357053539365484,0.034779567642912415,0.01803787948264432
4.329106862739774,0.36508207357864253,0.06090683177206258,0.2383326505537975,0.022572496924215445,0.657412394988452,0.22068297391744185,0.20156112931654557,0.08255638251918013,0.4543567560079964,0.4529649944152238,0.3866726495739866,0.09041292487595572
2.267399844340275,0.33076017588970597,0.01086522549353335,0.19409321032947346,0.04940097801358247,0.7391425938922671,0.31775024770069676,0.2791213884358365,0.07461776440870102,0.03867421298365433,0.038612146420151955,0.03554230213916268,0.016608551935854466
3.50329575496177,0.33347493319880706,0.039914893321651615,0.09463997733794488,0.013933179973994965,0.5713639801492703,0.4036956803275227,0.15202693519578428,0.07000645221153176,0.1563525059641905,0.15603382391847492,0.1404477968884126,0.05397492088390362
3.7867761070946044,0.25951780482952574,0.012562094326087916,0.08121542815654491,0.04872723028523012,0.7706079687080933,0.3027747042138586,0.19539488343803732,0.10373100295383403,0.07559532114580475,0.07542168707984888,0.06698625671426285,0.022538748202127246
2.2851100204918797,0.4317479018457314,0.0704462829388309,0.13328487921867593,0.03983859529688761,0.6927023042774114,0.3354496563163436,0.15811183029712833,0.12172390828262927,0.17712149649282996,0.17686235824169924,0.1639979239804761,0.07945758826173178
1.8321881986132724,0.36002573047649916,0.03678563298326325,0.2288687590810436,0.013638721509729794,0.6507233258942131,0.26715489378838986,0.17890600615766,0.12781519445797407,0.10614407185649664,0.10600674627737658,0.09915937946475649,0.053704414315831873
1.9043086074374456,0.31850034949811096,0.027260499770670063,0.09855071964504014,0.04213691856763706,0.7076211006643469,0.23667533980519762,0.26699197774039296,0.10834799745222992,0.06749054549697449,0.06741434734597788,0.06359859134106613,0.03694868603929161
1.163863589239106,0.29859667375746723,0.07185885259677255,0.11489561435526424,0.015891356978039478,0.5559461573725909,0.2300779537749058,0.16156409621067302,0.04952042713203059,0.14940410147218244,0.14930601709770155,0.14433328520859617,0.10537185812488355
4.63952301549564,0.3728863848561852,0.07261427711417034,0.20396277952000175,0.025338383553826106,0.6124055227105751,0.2959570715758051,0.2555303238457659,0.12554812476582264,0.48657229030553084,0.4850453053576316,0.41245215145095915,0.09598614438291395
2.6418454781916503,0.417951369861847,0.0649213374979817,0.11908216678918059,0.011232996163781457,0.7002048514988166,0.30587882446163983,0.25483326914547966,0.06188389273674207,0.17196023894260892,0.171677106849981,0.15768838381091127,0.07191335804816827
4.907833360568999,0.4490254152288119,0.024536160588019804,0.1548841878775566,0.01753750258110942,0.5677393242095126,0.3419418843185099,0.18336509272647125,0.07861883960307697,0.09994939107240208,0.09964236564795369,0.08502139371905482,0.026099132582954664
3.7892987852342155,0.33656929752101994,0.05986537900107119,0.1269647588276266,0.031783201063985425,0.7374612685251749,0.23160208020866574,0.24348985461142741,0.1270820477681624,0.28405932631067876,0.2833844333819971,0.25066385697143984,0.08163325582743818
1.6238564772962243,0.366243480108455,0.01610782139740017,0.14812339865630048,0.026278083606268626,0.6632532800488937,0.21065080288069432,0.17072824249288643,0.0470222879960425,0.037864298404283854,0.03782602933109857,0.03590371517837403,0.021185236080577725
2.746833408206165,0.43748033495334226,0.01742153748502507,0.18279415800885668,0.033313231813891314,0.6637396415754828,0.3141914985797182,0.15085729012290736,0.05363461406801903,0.05462580826845762,0.05452455014626455,0.04954850476443564,0.020942157676822698
1.9000072324895698,0.2836999518110181,0.02439065915063565,0.24991273379224294,0.022666065478462775,0.7793442094069067,0.25630595183029836,0.28024942437853173,0.10116324722016509,0.08981382851565119,0.0896840300290898,0.083237433507825,0.041956611403466876
3.1521251422316925,0.394734908260749,0.04342273373441707,0.1316360790784604,0.02921995627054362,0.6856752288766748,0.34773124186348836,0.25866234386118997,0.06655787705870285,0.1468011929449739,0.14650557682062892,0.132038474002191,0.05204973824214434
4.822218974651402,0.4234244403043478,0.022428610774745866,0.15277512973309454,0.023973737679347087,0.7734984364861687,0.22755484538432993,0.2989642080322088,0.07317711774926355,0.115342759225955,0.11497526596078121,0.09752601126561353,0.025418182184382816
3.732190706906366,0.35172673824887946,0.06409722824755235,0.0825473833519577,0.012738168321160415,0.5527152099166045,0.4011179800638076,0.23106766937520204,0.05313734706959951,0.22692322679356824,0.2264451327536428,0.20310411793592875,0.07745175819263538
4.1287034047817,0.2697093346245681,0.04373273139770944,0.12266667498070995,0.046200111710419545,0.5762281801352295,0.4349565535538802,0.15769930425570441,0.10560890795607261,0.303601059652838,0.30282946278024775,0.2655799564734509,0.0795609410230891
3.5834025416142183,0.44403940461965,0.07419929036719537,0.12321703662944848,0.013611046768190985,0.5507428958199063,0.2230701729026726,0.21200537179103174,0.043397651533393734,0.18704426902025184,0.18666304902781183,0.1680183820332644,0.07236805339107341
2.4435812976132008,0.3067017425052717,0.06399537773010985,0.1838995958111078,0.034034250652471454,0.6111299473080902,0.35828648994262213,0.2769815184201039,0.09873580991022811,0.23389971372749935,0.23351714422791148,0.2146101686018864,0.09883232080244934
1.2131804265486892,0.34721143955574013,0.013225946331266057,0.10198783718296853,0.012160274737782376,0.5712218024805046,0.40644956570181046,0.21209387585199774,0.07211786369489091,0.026407811028558915,0.026388920187654995,0.025432655624822845,0.016941307593929287
3.292292872349114,0.38202716957472727,0.012004966259619183,0.20638045855111675,0.04147525118450246,0.5552982933044198,0.40514140580280855,0.260964614594033,0.07976088523565114,0.051126311201092844,0.05101126661272659,0.045415462536878684,0.01582880457697547
2.7774958032042965,0.32191598627759094,0.06790091377108096,0.2214823752312441,0.014893028963863353,0.6786086343766125,0.2005520305119332,0.17567715803337752,0.115158222098866,0.3041046865445445,0.3035183356639974,0.27475932407643777,0.11013347492178155
3.8407096038382753,0.39987321590995006,0.04272487522466976,0.1493031191042395,0.03694549519307186,0.7183598619819918,0.2262855534932231,0.2993549203009853,0.06109050222197366,0.17078480207946986,0.1703638752584274,0.15000295596653465,0.04995549857179016
4.984025986697343,0.31191056047908683,0.02222251003033263,0.09940561849092336,0.04109377889892695,0.7531035773088128,0.3568337845629339,0.27789697755233045,0.1302057863442989,0.17467435626813377,0.17412690967400166,0.14809842124777692,0.03348082662887215
2.0665611772410655,0.2995865994105025,0.015709522261262175,0.10425276089181323,0.02042261802077994,0.6132224000732066,0.42884549949769113,0.15151222293198796,0.12333688500329296,0.04596972622760392,0.04591198046956215,0.04302982488216675,0.02372411119659366
2.460661201108282,0.44752211145037113,0.04338739920031186,0.13220003279991038,0.014836480743975377,0.6874742853543282,0.21011607860684817,0.2902525994161854,0.14992588009621877,0.09566325030377928,0.09551873531003319,0.08835343306793789,0.042342432635940466
3.8165484910704364,0.39331085906169716,0.019070667574283714,0.0986811827370902,0.011437324502345171,0.6836620690625903,0.36715276259634766,0.2646198306123796,0.11975700380024554,0.06832759054533041,0.06816836486573856,0.060439597708740606,0.02151643602769324
1.2116237403063752,0.40010101066444315,0.06673077479718703,0.22705892158839908,0.04570970953860558,0.5579258160257659,0.43323559383728344,0.2543622458781704,0.14988683092912425,0.1394970805086203,0.13937713316112144,0.13332822184175858,0.08554328853410217
1.5335198527951883,0.3583715205004322,0.03466276598196764,0.17446885673206936,0.017430148843358965,0.644014381861338,0.3129807439356487,0.25422500704640594,0.050517487529743985,0.08240762892416431,0.08232404937139771,0.07812610719915254,0.047681912481641296
3.7433911040608256,0.39912566167459385,0.02174519015243247,0.17518597018365695,0.022608041087217326,0.7492288239402327,0.2787328039468691,0.28400500098782167,0.06255483620443374,0.10131454166358925,0.10105475457402129,0.08852064179066704,0.027369008801737583
3.4282780101570247,0.43515094986051384,0.07068129685490414,0.14794934900113382,0.047646906679704074,0.6789557508094781,0.37321755948269186,0.2353946703060524,0.0892929384921349,0.24091043981590754,0.24036767620700422,0.2139693746524162,0.0793340697022119
4.721615667819412,0.38651116160466725,0.07425040996350019,0.21789505475282372,0.030857457965577068,0.7010765895893896,0.3044084651804472,0.24008370466174977,0.14510769013742342,0.5860251102543248,0.5840429020978379,0.4903967925872411,0.10036996622474495
2.9573543519233265,0.39659852959232367,0.07762386841662965,0.24855060156652325,0.013386097463515751,0.5966557597548884,0.21910973402187658,0.197207366142903,0.10347913492938601,0.3038751390096225,0.3032460517812264,0.2725042678105167,0.1030841329598052
4.854389675372962,0.289612538473907,0.06827498131386424,0.16076075621905028,0.03878805700023709,0.7820768795105065,0.42869994355775665,0.24590005542009502,0.10207232262349653,0.8808872640641668,0.8778563436172242,0.7348792761936963,0.14360447595870537
1.0792961878605631,0.27724119259266417,0.010522966140425706,0.09741521258173669,0.01194599832592889,0.5698068189656477,0.29984257646298035,0.2543057381772818,0.12658590398912267,0.020492311036810172,0.020479821740779062,0.01984585315617194,0.014868045050951618
1.6789670232820075,0.33848516495023345,0.04454138071870017,0.10465527652789262,0.013253134255215855,0.6781244086008332,0.35852565716949913,0.18077433801212447,0.06622406382340185,0.10859757910637777,0.1084857295974197,0.10287017915698238,0.06184062196630573
2.9228787001237126,0.28252448869484803,0.07715178011968798,0.18909015000009247,0.020736284366622233,0.6411078835340922,0.31664467631693927,0.2525196331011352,0.1281872603554319,0.37330515978363904,0.37256887322069404,0.3364972510370298,0.1320788027896302
3.4242242463269448,0.3990266971785347,0.041308297696596635,0.1977786962897173,0.030623286716538883,0.7150657478602384,0.26865960645438436,0.17780965361499843,0.07314926805356145,0.18794418874134206,0.1874970097911501,0.16581852388283452,0.055097302341352676
3.85503660855169,0.40178084995158914,0.010473769750435858,0.19682145326265205,0.034365094850317905,0.5914760569459123,0.31731392134709696,0.28266387981981267,0.11659895616382507,0.04597836461389737,0.045859975679436955,0.040149568186573274,0.012565997353296962
2.0501998636179444,0.2607273339657192,0.059455522793048,0.14379544154578172,0.04730208215417058,0.6138955631251073,0.399052078137015,0.27492499087433775,0.14967746780325544,0.18868603687718735,0.18843849012694877,0.17610108641109926,0.09455672418835052
1.3783285067745086,0.2541002871311095,0.03469248143256809,0.1993573401416599,0.015783203679140538,0.6268876750623908,0.27123595100450487,0.16188103203571388,0.12156811197611256,0.09349523921321641,0.09340861168399354,0.0890476111375297,0.05740193895271515
4.67226509262855,0.285942791372049,0.028431831934868097,0.18000836793398467,0.016428137632489112,0.6643288313499595,0.2208766273128941,0.23857006263834146,0.05176130966944886,0.2672196137700549,0.2664027639550182,0.22748830267078812,0.05335141016834951
3.22390821655814,0.36600125352096785,0.05016805471730713,0.09412143749093643,0.04077551752579418,0.5844658482284925,0.38788500604911824,0.28761760839031236,0.0942135468051262,0.15318658641904864,0.1528991171018984,0.13878064097032297,0.05783296054646021
2.4645697293808877,0.2908909792283829,0.0543916248812768,0.1883576681868676,0.031450832358699374,0.775131632054915,0.21104067623253722,0.22753713565447312,0.12960462395000577,0.2240104326169873,0.22362821755009668,0.20477336179251926,0.09119459414114131
4.014710408647192,0.4286641813224179,0.014111494882260274,0.12399462214264258,0.03182106552555774,0.7126501204188997,0.22014596652905577,0.18284183453464836,0.089537399554323,0.0491351808278402,0.04901388043844741,0.043146994577962075,0.015394468389141488
1.010644161212592,0.2761583014266221,0.0472272708712332,0.21459596422975957,0.03975250173499368,0.7009421584971154,0.42330084382702376,0.16551874581009232,0.14913812073888222,0.1116781733208073,0.11159502030121189,0.10738898497335908,0.07546219421900405
4.243796500890356,0.3572201589510862,0.03444499069285963,0.1750346466776458,0.045995906083377766,0.6237578520749486,0.23721469913756066,0.2696059767949295,0.06398312147459725,0.18641904718822772,0.18591177930784292,0.16153609966398036,0.0456210063484294
4.44712593182267,0.2588699946185429,0.057423674731964434,0.15441748081855292,0.03282786935603153,0.6435530066045355,0.39537417723397517,0.2382900252143083,0.07768758195001785,0.5591293114812178,0.5574951321910876,0.479374504720978,0.11982207805620873
3.9138383197978666,0.26056772546436785,0.07291969047384482,0.2023629034015807,0.010204900252027443,0.6026852599724324,0.28802525934340306,0.2617903910454115,0.043121569266890654,0.5916924685201682,0.5901390361532125,0.5153078376011824,0.14834137599939798
1.8845998498116558,0.33570604635739254,0.05462504458111879,0.1870375817386396,0.018595278754563942,0.5982402262165173,0.3051582468293226,0.28512119954765924,0.07390148999865591,0.14867841236751006,0.14849384427616524,0.13927829739090974,0.07732994851136556
3.706229669348864,0.44368808465308107,0.06544081478185187,0.1144825951789772,0.01652047812477922,0.6166644595620495,0.3365960923311936,0.2475580030089676,0.08485496741107455,0.1854590078546291,0.1850460875840668,0.16494919660216723,0.06558764241042536
2.7231124369054482,0.396157941336293,0.019019160507121394,0.18821152503764066,0.016676311820488315,0.6158960835591795,0.25953400621341255,0.24153713604222388,0.12008750981985986,0.05916617924983343,0.059060486407381485,0.05385743685843667,0.02311650560457188
3.81869107398358,0.31037924668810385,0.0680794425784141,0.1897527385719231,0.014536085191630884,0.7213759385323399,0.4114629687465922,0.2634384653355661,0.09665509632494448,0.5162311860650831,0.5148197108947286,0.44701710933630545,0.12220249687710397
3.7136038136669813,0.38422629140721287,0.07376438148322242,0.10029269162397256,0.028737759718613885,0.6463902010132555,0.40419793613103533,0.16394966737605635,0.05150815887313628,0.2820448622587377,0.28140745894174696,0.2504117645268498,0.09061428137615897
4.629758846817824,0.30871220477997535,0.02232605553933202,0.2343725138886087,0.014901789598812472,0.7012188582498526,0.23898186176235386,0.2998089153931835,0.09150598957068312,0.24561786724512993,0.24479951151901896,0.20608745264211759,0.04241205789208623
3.766945147021814,0.3031702449573187,0.03642548394199183,0.17879087164966792,0.023222155169638093,0.5964306152353083,0.37825416709686205,0.27195975073799217,0.11033658451444314,0.2235778589999849,0.22301878711596043,0.19600060902862876,0.05986872564778283
4.2299427180481715,0.4390793882686255,0.06272358288225399,0.13760032270457187,0.012917455056478544,0.6455248406303421,0.32637246836999523,0.2796532262853241,0.13277198653890085,0.22043951843130694,0.21985318139505153,0.19163349984324943,0.06459278468899117
4.057106026012688,0.44503860335336193,0.061825762243650766,0.09655195154482395,0.03270950525534324,0.6323666284617903,0.3141205313336964,0.22472719062450286,0.0785638035426228,0.17540818087091525,0.1749926580037003,0.15484338123231042,0.06077385358410022
3.648541840786773,0.32120236922753165,0.040694010470668215,0.115194376586643,0.01882784677014822,0.6430984422898048,0.3482527984743349,0.1501686404210223,0.08812893093843734,0.19346469101484515,0.19303330138520755,0.1720393132230674,0.05975886631598913
3.7989779510306887,0.28138182540246537,0.07793092788577728,0.13398576010012642,0.03863146587130261,0.6096392955864188,0.41706243867770976,0.18289713464753998,0.06630240292599895,0.4892553114401085,0.4880797725929588,0.4311260312854788,0.13795188642677803
2.7560746205848057,0.4163206093906331,0.0290919426114178,0.19580792003049668,0.04838117166140313,0.7979086196693617,0.33717517826312116,0.1907215775754116,0.12018187806665875,0.10950309439440464,0.10928287253022735,0.09850474543666528,0.03827190468173904
3.2776080023205263,0.4022339031941897,0.025813448604911873,0.11532538757031074,0.03363287432339792,0.7823561801853158,0.24228177039390048,0.2987484606641337,0.08551337161214097,0.0837603672496725,0.08358717525993342,0.07512320372991534,0.02927913248485411
3.388202870101709,0.3545628231007777,0.07468246156602537,0.17702357140491937,0.03251890166307179,0.6359615539584748,0.39437222824014617,0.22030292034353102,0.108849379641972,0.3549438407766357,0.35413023898572205,0.3145993262828917,0.10608866734781552
2.7026174969770063,0.3049099954719211,0.01156002953216547,0.231355000949389,0.01431351439788334,0.7718681931517828,0.3258968250583516,0.19653491175281546,0.06482532702105148,0.06272241246341359,0.06259462061258583,0.05634447577366121,0.021443174362964473
3.2951306330940096,0.37850719957661383,0.03894235044445551,0.17016425939705437,0.04368929070224619,0.6193845311797588,0.2130329443115377,0.225051599584212,0.07286747437020435,0.14246091394970678,0.14216472975527153,0.12769432390526467,0.04870709416021731
1.6020859502512939,0.3235025703771575,0.02733887348016218,0.18939071122703816,0.02011921761977223,0.6834719264028649,0.31937602787170133,0.17095469616394415,0.05020771030636015,0.07630877187470714,0.0762246664892071,0.07200999281539934,0.042710104861698135
4.278158633798363,0.421691663986024,0.039958603522038214,0.173359739860616,0.040033770328278075,0.5775095514269805,0.3930725278910163,0.28323188173267855,0.0575244700452313,0.17666985727114393,0.1761740447847353,0.1524011103226495,0.04567830448145227
4.2533922327152265,0.40573113827442686,0.01942272397838552,0.20649386390532287,0.04060113920871421,0.7802920827419616,0.3761075998298667,0.23210256790483713,0.130995858320105,0.13421492190938183,0.13379145835126985,0.11366863553360089,0.026102119057113078
4.470143554186121,0.42566606588151173,0.06960869718333368,0.14725744714036448,0.021013400930636264,0.649593833596022,0.2122027391169567,0.2699988851315306,0.07537815817806834,0.2656374602604956,0.2649042870106671,0.22970851296509717,0.07423148319966284
4.6209541657324955,0.4297989235249018,0.07781336668176286,0.1801425939778294,0.014001193917255059,0.6684638762467816,0.2943314509032492,0.15309873780521477,0.060868566666700166,0.4107394484962295,0.4094687685397167,0.34899116652067597,0.09421434954147848
4.834677391266841,0.44046694507935624,0.06487675364051934,0.2122085108795677,0.0465261445976558,0.5582502647278925,0.3653832900461968,0.28706889956068626,0.12073861171510444,0.34041725198499195,0.3392949043447511,0.28615514579230517,0.07227906081265285
4.064456158815913,0.4081525094795856,0.07983589477265607,0.10829416821760163,0.010172313669608055,0.7687752428666064,0.44896435090238884,0.19475958031414053,0.14055496617382482,0.3619290717928984,0.36095914368612675,0.314301780717499,0.09605159130901174
2.436377557795727,0.3746520919933517,0.03834300561117897,0.14802950009124027,0.01798431232032374,0.7435973217095693,0.3720511255523492,0.1728909095954898,0.14701486555830684,0.12410013776049796,0.12389585655061447,0.11380281923915027,0.051853825403722645
4.247526822587465,0.3376376917148456,0.07902592190430581,0.13245764992968892,0.028560763783691885,0.6991407684390769,0.3555592140578591,0.18703637393582168,0.04912696010343359,0.49245547242041293,0.49110692184547633,0.42633406518348926,0.11631441077543427
3.491903084386301,0.43555997796559554,0.07519609496386002,0.20856442379497192,0.038132359073775594,0.557790797363245,0.32182312694617593,0.23110161979738464,0.0543861440620597,0.2766419249398055,0.27599429964701466,0.24456744469474725,0.08711579030194334
2.9962803594844067,0.4159958791389546,0.027554495942948565,0.1504643152244161,0.01396571714565766,0.573772986188362,0.26137192054548003,0.26190832671974285,0.09926191347914753,0.07516942055758255,0.07503236453571456,0.0682918256514822,0.029508643427623285
2.3099193624383485,0.29277880440336984,0.05554112559413881,0.22315599540358683,0.04777065928448679,0.7876389318169263,0.3030935229069647,0.21705186770552903,0.09473164607871191,0.24651909109202022,0.24609408058476623,0.2251377933981154,0.09942006830858179
3.27118952500695,0.4152424226617033,0.03613513305373032,0.18665611937089932,0.02248522291157809,0.5708545782181654,0.3330854908862293,0.20595248151336662,0.13255142969542513,0.12545855031483208,0.1251895146616304,0.11206769261041152,0.042374442670204196
3.999283320810726,0.31923324448290324,0.05125498146397098,0.1319199855102038,0.02927372857693858,0.6481326677181065,0.4431789866293482,0.2519098231786121,0.05831013200577292,0.30817137986514204,0.30737476797244506,0.2689607356433366,0.07892700980279958
4.017419852756285,0.3872883531529623,0.03476304023302002,0.17455411375919758,0.034417914027823196,0.7523170062435405,0.42612930631456614,0.2780756203968975,0.08399893766484604,0.20832652493294862,0.20772968501841332,0.17915578531761156,0.046767434555324394
1.6594082377807093,0.4027135785825626,0.0639428913673175,0.2021126618722865,0.037261731296055915,0.6629615838139638,0.3599423355840457,0.20585951175956288,0.11096109116255981,0.15863362274172443,0.15844886158781257,0.1492052244327808,0.08330183322879034
1.5596396222163713,0.26328495852569644,0.043044630286228576,0.14922675174331385,0.0323757263737091,0.6160071987773319,0.2184576101537971,0.2801064710862893,0.1001106030477158,0.1074058974899898,0.10730346397509202,0.10215041390085935,0.06500576334859738
1.5549669373026953,0.38302550767613425,0.0441235039266961,0.2289422977896059,0.04004312190110241,0.5519541783463311,0.2909630237105886,0.2880285731502742,0.13891036473749063,0.10092409642961624,0.10081696249445411,0.09544259330823641,0.05618281497431587
2.8390667171750295,0.4452715629235776,0.01278795343883907,0.12882622009800615,0.042166588195743586,0.7594167581894051,0.29020098513540943,0.27051997639094305,0.14876905338823349,0.03403346337597838,0.03397101469095522,0.030900657698625964,0.013329615569552915
1.698647654004927,0.2502806220580775,0.01874332345192507,0.10040809966161356,0.0137871473059165,0.7031041931529718,0.28453754587813773,0.170240845918254,0.06822730078499228,0.05257535260315388,0.05252154747088305,0.04981972871890696,0.030673490487894254
4.912210515187566,0.32654769965172636,0.06059939396851677,0.09306509126966117,0.030804126199780367,0.6465997074527773,0.3422776289252105,0.2567511263722678,0.14418366143741917,0.35485300666237446,0.35382488876777224,0.3046444031284839,0.07924447664489719
3.4233292803818527,0.39201922839761427,0.04884403157828174,0.2255904814076885,0.04534150468681727,0.6034742381296522,0.33676126175271226,0.16273297057577507,0.0500990426987043,0.2370216214254962,0.23645170183571543,0.20884091773796076,0.0679456363550139
1.1300672199383726,0.35898447677434625,0.07398568717869121,0.16341112899433646,0.03495536972960526,0.6947998329355203,0.2789628539216106,0.2697614743638116,0.0957416658084197,0.14975385615549489,0.14964233844129568,0.14400157797444485,0.09913257311784084
4.9485512701021666,0.28153675083450536,0.05649739325785915,0.20380815053007229,0.04435587255078547,0.7966028185237188,0.4133713482426554,0.15663663482958143,0.09466804190824289,1.0,1.0,0.8451187751649036,0.14495564742050443
4.270188459728892,0.30473206802604824,0.01765334936696758,0.17946973262522337,0.02961993666580756,0.7527037477505014,0.24256562780810145,0.2947590314187428,0.08753454551564427,0.14291023569093084,0.1424933994938689,0.12256382971950282,0.030722199045273575
4.214381454314646,0.32095100161823537,0.013013618646496333,0.1428258341382647,0.012758692084979907,0.7184223354456627,0.4242091478331709,0.24580005426148416,0.14520829201639932,0.09230701379725166,0.0920451951933722,0.07950133980980699,0.02070369389028013
4.899277461825795,0.3574435086241104,0.0505702484932265,0.09697140757803453,0.0450886928484677,0.634885083744432,0.25296157531282026,0.1953741608459475,0.10756532610691552,0.24187351416827,0.24119418720640426,0.20862402372696834,0.0610151882094352
3.18725695326041,0.4308683052217039,0.02167718939079878,0.16985639914570316,0.03246266776029084,0.6071333523640849,0.23827018026322785,0.15747869515314594,0.057937400473609665,0.06753888724777994,0.06740284518366768,0.06074520433709401,0.024677059195757703
1.8208421098259915,0.3173137197808373,0.07544540470314888,0.11058146822088252,0.02008021400016039,0.6914064252043048,0.2833989751773569,0.2776331033159215,0.048538151969365936,0.19061350969867644,0.19040229265039887,0.1798194558887589,0.10635443617997657
2.378180343952979,0.2501435689654048,0.07512311456626296,0.18746309913664383,0.042730630350769946,0.6084124480805632,0.26465102215379627,0.1883933943233661,0.05846656347896853,0.31016649803041635,0.30968393220637985,0.28578555603896366,0.13668739311782294
4.322866747832919,0.44858917018112254,0.060121267168470965,0.2015345736384052,0.04037721132821666,0.7373659410364309,0.32124160519171385,0.15091520721567656,0.06908546485618204,0.3303060348924392,0.3292858436368755,0.28072391527557855,0.07431450369630409
1.3547054897437167,0.379703606270944,0.06053896515209817,0.09745632288882318,0.018285358074791612,0.5886249922567337,0.3500019475075695,0.2762976303023044,0.06689717598366524,0.11538289470731997,0.11529230343378194,0.11071488288339035,0.06785147950206062
4.5214409183057125,0.41504573383331533,0.02211488274153172,0.10349135162037465,0.02280397882735976,0.5836429592309313,0.2941926460966262,0.29561386065058187,0.0751675516300108,0.07154903612292812,0.07136374666632378,0.062429849311238975,0.02217839811012376
2.0691580532163982,0.2740660531966385,0.012213139678174337,0.15928379868465714,0.03154877906743542,0.6156178460299954,0.3190471472027938,0.2300808508896976,0.11686217949577551,0.03916642947654535,0.03911456990913078,0.036530773527694814,0.019502499639469182
1.234983131534674,0.4498887711087042,0.03831412385486667,0.12815337259084403,0.024077870656019046,0.6202133175014607,0.31483241879202045,0.2462488657745991,0.09101882683456114,0.06826797156095729,0.06821645475183659,0.06561132264200494,0.03844123379887032
4.22097396416461,0.3805593786226933,0.05101198615488287,0.23157208308124483,0.02984903347663541,0.7770623260210459,0.24952756152059616,0.25937470551932734,0.0819457839427825,0.3864951296034141,0.3852868368991661,0.32782672057225537,0.07438804091671322
1.745932593774521,0.32328244842712395,0.06085278018381326,0.2482872847265845,0.022174454258119952,0.7653693358299186,0.3677451463524656,0.17747696997964024,0.13030068073047238,0.20604859694852368,0.20576932681107632,0.19186658880438437,0.10092240160244743
3.069512588443407,0.3245222691018959,0.024798231689248284,0.08181391302278504,0.027369250524203498,0.7109642116477902,0.3835414019167675,0.2945511044159818,0.06889003642601087,0.08973677578310055,0.08956996296309556,0.08137353099670057,0.03369950176380788
2.25699395912092,0.4389352809436228,0.04915281070662511,0.13695873602467126,0.025947459177628862,0.6340742068152649,0.40874074084770207,0.2778046877397528,0.057716156047274536,0.11707623782363402,0.11690686862032303,0.1084952652263078,0.05283484999015106
2.642958445225778,0.3418942132273928,0.06194995935496021,0.10528036008881844,0.021408818241089925,0.7262761908455025,0.323198650044621,0.2307232180736553,0.10480025677255025,0.19884407265832735,0.19851779288097599,0.18239491917255807,0.08335532381389683
2.33805295820261,0.3233885975113093,0.058906440850459485,0.10988378674986943,0.010675368010653469,0.5989055554939839,0.26280180763737143,0.2992235535540897,0.1333315265427141,0.15507335326936927,0.15486394477612703,0.14443773678120198,0.0749217698820375
1.1278850185266396,0.44245579529826884,0.031523154487556555,0.13598184025338483,0.01031508812111756,0.5827389377170084,0.44759173569040855,0.22356764797080647,0.14205506751706629,0.05661337519776696,0.05657295425314479,0.05452675100821751,0.033121080951414056
2.4706383479435345,0.2526475488337795,0.024590121896565446,0.09290602666685083,0.04070863516357231,0.6595268798476493,0.22869413308428324,0.28117812490036237,0.10238205021908194,0.08038069429765679,0.0802670560531398,0.0746184593456803,0.03817736588664489
2.9025118781637618,0.39844510673914546,0.07346758216569547,0.12645601958002245,0.04506535234850858,0.6225040382517869,0.42114232281574643,0.22792624712665582,0.10131322256249292,0.2236727078449675,0.2232637459514142,0.20315329032448023,0.08627094037560357
4.049998817850775,0.2573058789661567,0.07115806435961673,0.16790901539106073,0.04538278254078168,0.6695332783872356,0.39221306114995846,0.23681942993361293,0.05922728540702819,0.6421291805758018,0.6403688988377265,0.5558263038252228,0.1514344147984529
3.051437379343009,0.3923892377103957,0.07913541930365965,0.23251224163811252,0.038520027393887504,0.7923100694649516,0.2258224367390383,0.18672747557208033,0.06394520302894408,0.37682961810307986,0.3759767483097422,0.3345069157735747,0.11445108096209854
1.0840947275465986,0.38158181495084154,0.028981414554991876,0.15157857145000503,0.048042265151661476,0.6087977455950916,0.2768207056232081,0.21087061789033112,0.10952100663916076,0.055280513442329995,0.05524318704558745,0.05335172044107438,0.03528930127089597
4.316123770954051,0.3060456251144728,0.02553512336132011,0.09434255356458508,0.04778329310530384,0.7573669753748263,0.2269672682225457,0.29039797825075553,0.09652805325532071,0.14390112428118954,0.14352799124615395,0.12553857654152056,0.03669950438192739
4.10605100312792,0.39682794399727195,0.06883536773998065,0.09054900503145248,0.02537379875581962,0.631427321755555,0.3605816850234479,0.25291716512014367,0.09685445928612246,0.23866206835280077,0.23808709840931983,0.21023497300455413,0.07488760525300239
1.3351992377990258,0.3919342920606427,0.019710261841738835,0.23951149407374334,0.017356358317538574,0.7512361315859581,0.3087957803204343,0.28503609335867786,0.11998441586584221,0.046004931651618904,0.04595868552076072,0.04363534134881416,0.02709800805928458
2.6181431290001242,0.4074123160585873,0.06134299938874848,0.18052074052849393,0.030874738913324623,0.7315743328667487,0.29253981109620664,0.2711186926499595,0.07840460909857568,0.1961075069277354,0.19575431142538363,0.17837380462590932,0.07600214504398953
4.69186677671369,0.2768721789741306,0.05170399227243141,0.1734817678023429,0.03967446465534405,0.6508155155840515,0.33128135235702677,0.19459631229570012,0.08285993184162282,0.5447140754030658,0.5430141564490487,0.4621633791511591,0.10514652409346385
3.201873813080045,0.2700556669856555,0.04694076560265504,0.18991134352447325,0.012039886412294483,0.7248950244540818,0.3590718931788055,0.2830932841473784,0.05587687308788648,0.30002228300099726,0.2993427500384763,0.2663026471337209,0.09097179476787928
1.6270921081334961,0.25112341034228247,0.06944093294316449,0.20522224746419843,0.01189925195478642,0.5790338789892225,0.27053748596989247,0.287469963124121,0.08583117975061523,0.19862296346803932,0.19840838086384754,0.18764913654148233,0.11245485750106962
1.593233277862792,0.3671623005572078,0.07275758694204518,0.20740731280204694,0.04566537694390259,0.7892333958471024,0.2531400522864748,0.27835041771080377,0.10629206995152674,0.18758069911356878,0.1873647440200655,0.17655668303186703,0.10230839870514921
4.052583788803051,0.3169979230214255,0.012982857026730963,0.16564364013050425,0.019362902014990968,0.6385974946514353,0.34459783718652015,0.17446178818742658,0.127195714044664,0.08508152526490646,0.08485502365420743,0.07395443010218272,0.02092069734248365
1.9801279450848166,0.43681223951354764,0.07765816604434779,0.16767390366811435,0.04276306596475871,0.6028059279205562,0.2172761415302728,0.2672346923167349,0.12403891107294499,0.16562440839090495,0.1654194568453339,0.15518510602615865,0.08049984567114485
4.489474920890384,0.3298458485010625,0.06533943448004005,0.09689355248256429,0.013957912133414227,0.6731136277692836,0.26589560962398057,0.2933866404221175,0.10162530541238177,0.326532389839757,0.32567248684694244,0.28425822850454213,0.08384370343053604
4.722203571977499,0.3419494158820922,0.060405723079044425,0.15844671508834257,0.030982046936959114,0.6641023973378859,0.30698112512160325,0.22266427112921555,0.09551575564454268,0.4327249362091491,0.4313965773887555,0.36813496782586813,0.08580862355408317
2.0861711152820366,0.2504166797213824,0.05362057103012296,0.18601735581914072,0.01736680288337763,0.7265140105416412,0.36246276600108274,0.2895175408756937,0.04123585126377044,0.20921667880547154,0.20890894282864803,0.19363508023793694,0.09642082703481343
2.2826224462184084,0.43795315802109974,0.020745385583799847,0.12963162542844897,0.030470606930568425,0.7910757413117253,0.40709576962071387,0.15798428035086623,0.09091455619276656,0.05687595590032007,0.056787884716675174,0.05242545329767557,0.024677882602107973
1.5800249313196757,0.2946605977258548,0.05290825503599577,0.21099423904321346,0.04869226901007367,0.7107248554008426,0.37016879506826483,0.22444386388016446,0.08415860299044148,0.1577848738605373,0.1576039129250548,0.1485461956589127,0.08625632772044803
2.2348680712315128,0.25831573445388184,0.017844333668243693,0.19338810305905701,0.011391914652756298,0.5788510430159918,0.2397021795259653,0.2298854275574464,0.07668449409989365,0.06517457768944859,0.06508037943928072,0.060401926548089784,0.03044432380323955
3.6294153618201603,0.3044154723899009,0.040743410210532585,0.18192901240513343,0.0474957281544428,0.6838864176472388,0.27786652428127734,0.2660886607964498,0.08501673353257685,0.2463971046930016,0.24579555984117474,0.21668034880452566,0.06807254848671568
2.559602697862844,0.4304856348715634,0.07681078346459001,0.2375276300913312,0.047271433865270863,0.5512780763961913,0.37816033715780556,0.16510641586917177,0.06246530786686872,0.25177646233227213,0.2513208871327634,0.2289072373938971,0.09743317881486739
2.821208614607598,0.332031138743667,0.02568372987895668,0.1781832104849078,0.02075702093078663,0.6530516299146012,0.2546336202619493,0.2591147605315446,0.14149316713709761,0.09717394482617517,0.09699407250939386,0.08815415021897259,0.03665202607950889
1.4256937484062278,0.40316303333870784,0.07644692614881139,0.22856331250308537,0.024361692604481445,0.7681564538868052,0.2870213597573866,0.22910700574914022,0.09889285009380454,0.18518929507900814,0.18499308684078475,0.17514978827422215,0.10464731011582394
2.958813004407534,0.37146267730756755,0.04460956742591396,0.22679365972527354,0.048897179309071205,0.7851386172683372,0.295362183285293,0.23627212157062683,0.10642105723923989,0.21434480479449455,0.21387076269954036,0.19079017925987207,0.06684794133006618
2.111697544170121,0.35528391708755824,0.031089493691841198,0.18729524300322842,0.01247180006321554,0.6390786000537076,0.3064101913852742,0.2338287430662246,0.1354449850482465,0.09082280074766272,0.09069415585041589,0.08430007311056216,0.04301455841713578
3.117012946620997,0.35607398946312313,0.0681073620258398,0.23192267701663416,0.031524458651317006,0.6696884341814423,0.35768640661334766,0.17795555287757914,0.09370851979248779,0.3580881090640497,0.35727190057266994,0.31760116610011296,0.10775621932759555
2.3444460722559963,0.4410840576433438,0.02311574283359944,0.21908371329178727,0.023739554863773958,0.7337693737192874,0.35406682111675836,0.25944834473072664,0.09358132014253068,0.07068626144077304,0.0705641526933774,0.06454378778371395,0.028349653362510597
1.635888291293321,0.4102625214789651,0.05510384693720037,0.10211316038851827,0.015578794685474576,0.7939482977495347,0.34662000170312723,0.23694403016925536,0.1088981696506747,0.11921193512549078,0.11908678245144166,0.11280658837224151,0.06359331512809434
3.1625499417476743,0.3605449457160514,0.05673767650672915,0.1429669327584228,0.028496914516433478,0.6616327518691758,0.29191268487691313,0.23496175708406658,0.07279386679509124,0.21142941107938315,0.2110067118594304,0.19031255861153623,0.07431695546987692
4.630052402968376,0.32913935665213134,0.061521620330655356,0.13933516118640077,0.042238231922712276,0.6556728801324092,0.23219017391137375,0.2564008449780524,0.07774922503379625,0.37886521325736905,0.3777856633797736,0.3260812621024497,0.08502787424733356
2.07048534808591,0.34743790297666616,0.022635275264146364,0.11816226080109031,0.011607642834420905,0.6998490647454426,0.20549476554107016,0.15883046799242528,0.13614374652193803,0.05905604710919365,0.05898227563767696,0.055299588141192194,0.029749575529475877
3.592733375122515,0.2606418393097909,0.04835388875090946,0.12385382181958327,0.01282455609744899,0.5662362562045707,0.32777516810250784,0.1809984791440072,0.12498709287408724,0.2562236414340071,0.25567717969110676,0.22901625935700964,0.08330118156036424
3.0787026993665787,0.3323129309252154,0.07283625450765457,0.11783506732224916,0.019323658077233186,0.6459056543291,0.41357473566272596,0.19235416455177695,0.13131071854029536,0.28386746539296165,0.28331954858509084,0.2564470668568895,0.10270516047245112
1.8650493350188873,0.3099423958371003,0.043884821946451213,0.23916500952735287,0.019477475199370216,0.7831074385998738,0.4388829508445045,0.19467857299272218,0.06836544186759294,0.16669330769547372,0.16644890021227055,0.15431674334187412,0.07701319972344228
4.055766253764071,0.33683894449072027,0.026048149292915705,0.10558439236548477,0.039536532626978024,0.667736469722516,0.39553287189733227,0.2864499956198468,0.14453819572836418,0.12635123157579126,0.12603457089202943,0.11073358087928184,0.034127516812952535
2.6565846764542194,0.3180034571663318,0.03908222916535038,0.18326247263616913,0.0213396187676667,0.6809508602880755,0.25838365186744805,0.16472028450388643,0.09134459790948701,0.15901702683147542,0.1587341532962109,0.14480614495704444,0.06230328997704825
2.243041541215918,0.32512751307553267,0.046225296830258285,0.2047557863667065,0.044896965042029086,0.5672477722372031,0.2654162690934577,0.20320735461399014,0.058776288108130834,0.15276444018247543,0.15253860425428456,0.1413318532746305,0.07012869193025725
3.3226802779073767,0.448175190697474,0.07853196502392368,0.21353690918036244,0.03483264731827853,0.7115307719777991,0.2334008042259746,0.1580804319151311,0.1304689177215773,0.2981423756999654,0.29744683326513754,0.26368767133693094,0.09336309932583739
4.453643546118746,0.322757794557141,0.06377459657264048,0.2022358120828563,0.03842284563501743,0.6272586217790128,0.37134980196535283,0.23993951906076233,0.11435362458412476,0.5485646632767631,0.5468707945342987,0.4662396068689445,0.10774694855522103
1.5743152030265768,0.32568061674967563,0.01821365880673643,0.11593749145336762,0.029083296950767085,0.6567304303939855,0.40680792443113956,0.2840905696801377,0.09002815593452593,0.042578585945911324,0.042536540706860956,0.04042326410894451,0.02531567090123978
1.9022070205366202,0.26255426880443805,0.03182166351605685,0.10493699781260624,0.03568947399053592,0.6116863663324,0.22167562502671934,0.28216914570165613,0.13128118714247627,0.08228718431899534,0.08219815489385693,0.07773437381494966,0.04654987639766191
3.027005990506475,0.3203854083765475,0.0574914141953463,0.12442681670958403,0.015035355910622886,0.7405433067348878,0.2798365403909361,0.21561297252754777,0.11456880478881296,0.23300905484853757,0.23256134148481797,0.21059834434280375,0.08468347776091677
2.057343775171531,0.26007960670996016,0.05865154295944382,0.12018283043829867,0.037683465507803555,0.6867569041039364,0.20761839991440634,0.2965616857169472,0.11406975262272415,0.17238524671249192,0.17217177173393935,0.16151205260144086,0.0898035697695146
1.6015910504021815,0.3629098284570142,0.055126904930437544,0.11871088565508964,0.028978310350158576,0.6001330780598527,0.2690376929241203,0.285805458052166,0.07301236958152031,0.11511193006974553,0.11500359852658479,0.10955204670635915,0.0651442423450589
2.5051792497058107,0.3122977006368016,0.061882297176128614,0.16679718744880956,0.029673675814609737,0.6758863395563353,0.3886333438809182,0.19556710461919039,0.1328676848385933,0.23942166773362034,0.2390154284203452,0.2189705103525485,0.09795709366393074
2.245547699522638,0.39120147474469014,0.07077190445290953,0.09635286903276173,0.03438624618180893,0.6050229553150696,0.3518887225209068,0.22099960942405514,0.1347183537247036,0.16353251494876042,0.16331828207402446,0.1526406647936824,0.07779626261396325
2.9907854201171222,0.25405968380379296,0.07371706900692432,0.24667403911759705,0.048757715191843215,0.750746300115528,0.2521071518779776,0.273973060244715,0.12199451594694197,0.5003956467628852,0.4992757400988792,0.44478601002292395,0.153896435091006
3.4380657353405333,0.2936792511509317,0.05458267019658181,0.12091314229121772,0.01931197260736362,0.6370351755177578,0.3116057318739066,0.25897894184090026,0.05956094672751169,0.25340194113471914,0.2528722968844646,0.22700336092501094,0.08425642084192034
1.0682321986158032,0.2769331894139851,0.0156461258915741,0.18294032520262055,0.011794663169640503,0.6921021309125566,0.35368442067586425,0.22838618452297788,0.06529885001696124,0.0360889669228694,0.03606233040701967,0.034714776681047305,0.024469315109394787
1.572077445202458,0.3176598569792297,0.045516056912232136,0.09410652617046071,0.01596770884412511,0.73825242672255,0.42301845537041327,0.2565809313601727,0.098747508032754,0.10972474843557273,0.10961559145362863,0.10413019882011025,0.06498616006404478
1.628657887300953,0.39483621225308474,0.037970126291494766,0.18367285753726276,0.03794787101078627,0.5584152268826373,0.3111908111720738,0.18866397277195107,0.12725805812265703,0.08590977231427101,0.08581947336327647,0.08128839684976369,0.04649948123783764
4.142990982682537,0.29990606149750076,0.07287962536994719,0.18587097282391468,0.029720252351409626,0.6236132740541233,0.3109585527362725,0.2705852105432813,0.09278482056860438,0.5334165447685189,0.5319460104055863,0.46134755318205267,0.12477166392744655
1.6667126349673138,0.2592008461519089,0.0459581280808983,0.08602047412446791,0.0328907580404551,0.7508981300978602,0.35754152956126595,0.16447911185932257,0.11143770382828946,0.12715454299683454,0.12702393273329332,0.12046600069493629,0.07403661872357296
1.3651211989501328,0.4268094862030112,0.020098872378080345,0.14310494865763823,0.023995215936116678,0.5776605029400518,0.40226031475360263,0.19760845550118955,0.12843193687521812,0.039313789239666046,0.03927999501227244,0.03757575026679111,0.02212036272348871
1.0989612182969857,0.427709840959412,0.030653771241263034,0.1054137348424909,0.015239376490271732,0.7136033143602142,0.21316524270521603,0.24468247918675645,0.07592610997032354,0.05390492280602458,0.053869570293893596,0.052077218956365585,0.03176244905863038
4.085355885603728,0.3435610889777394,0.059033371199636635,0.14280289371089883,0.043637844536734166,0.7280151739608065,0.41971132174582554,0.16724560714897335,0.14268402765162627,0.3790878253659651,0.3780425896504259,0.32786271066840966,0.08865305789208518
1.2053339243271268,0.3803525865230963,0.06956671749408806,0.11410884630304076,0.037581739821827054,0.7256316478988466,0.30012229596110285,0.26395370220899267,0.0698639738533203,0.13621649507705766,0.13611388779601108,0.13092499834779023,0.08431945979496108
2.374636128294217,0.28994554633001735,0.022103923870650174,0.0942265390789101,0.035659610402407144,0.7897457470943734,0.2338987612682429,0.24884884484611824,0.12915329822563074,0.07098868218735468,0.07088559401535584,0.06576652675792241,0.03304061194583448
4.3506924289107225,0.43146919214756024,0.047166247398818584,0.09948843815195688,0.04664298961378002,0.662800598969836,0.24536431946845355,0.24746673911592854,0.07028374870453326,0.14703479038642497,0.14666232928259518,0.1286775822811083,0.04733442781839642
1.0831702956432827,0.44160168261370125,0.011440134075456352,0.2335660439716421,0.015200822285967842,0.5954572339087223,0.24080707786396888,0.2294992494882929,0.08943575643921606,0.022028426709787247,0.02201196207470182,0.02117921206348028,0.013309785160035847
4.155192864935781,0.40992709834814156,0.05831763026205569,0.1896193432141407,0.042334978596709365,0.7331408894889252,0.4402079022656814,0.29727239144638795,0.12547418184842354,0.34428244545263453,0.3432458933240567,0.2938063739452345,0.07371513006489826
3.7806293998272746,0.41097773927312875,0.011866126820556478,0.16580941299924856,0.027618117729006582,0.7400275221747334,0.286232962366455,0.23387597518380682,0.11365905032291893,0.05173563256591016,0.05160362738375132,0.04523261464413349,0.014385524022033436
4.1166606357715505,0.2671909977106517,0.040586058507945645,0.1661020964318387,0.028698995658120507,0.72505749759477,0.44981968255166427,0.19941025565137968,0.13933505977452568,0.400696416199013,0.39953871566838406,0.34414806741237,0.08740152314986761
1.5513880900263723,0.4264438336596238,0.04514663031888749,0.1818701433994951,0.04159649952215532,0.6755843941521786,0.4027576826730037,0.19713652200957443,0.1470578058394373,0.10206858962691467,0.10195863030061122,0.09644479492442788,0.05454013301311898
2.351294821645752,0.36170814839801385,0.06348769808742998,0.1422866164035067,0.016244098124314228,0.7987866559888909,0.20103322233401502,0.1511481605998241,0.13184806015877312,0.19758570586224566,0.19728211619304106,0.18223972073061323,0.08722566442686988
4.712270101609359,0.44117987287392285,0.03606403500597243,0.22064593808495997,0.031583080058289886,0.66098557921888,0.3928503632159267,0.27116087515529885,0.13513070439126276,0.22566914014442171,0.22489886167924739,0.18853709378042374,0.04272465893589743
3.6548820837593508,0.3855885170433273,0.05980811148806808,0.0827640457199123,0.027081179369551428,0.730347643000453,0.3081941114794878,0.25739039344454095,0.10976536886643626,0.20262209263470615,0.2021795148145655,0.18061565549721403,0.06779198491891648
3.275785412157421,0.3079413660270694,0.05801063285119209,0.222548578084113,0.03507163938159789,0.5799439447363574,0.20304113428259107,0.2731299230539208,0.09867360596547628,0.2930116652842645,0.2923709698784536,0.2611560489928018,0.09259475478364358
2.498072611352209,0.25872433552539204,0.045849384455091007,0.2345008870770247,0.01158974442352326,0.56130740139793,0.43357291271571935,0.19358803266125207,0.04118526849119429,0.23139891849914374,0.23098420630270874,0.21057182880885147,0.09002885935248015
2.8177103278929687,0.3068043971668223,0.030848132737784355,0.20610962058216348,0.020442185672168725,0.7432024428178429,0.22965857126326789,0.2211628948377885,0.13116017062168225,0.14699302853629279,0.14670164958616644,0.13243028847215632,0.051736186908443824
1.8743263563141284,0.4333591082821895,0.037680556322522624,0.09616061428954037,0.047569296542373435,0.6298414578958059,0.4381551262874793,0.18115735639305566,0.102129613049956,0.0796940377145087,0.07960341192193197,0.07506613075504134,0.03996505812838695
1.9830144972649233,0.34219098694905625,0.018071336398063225,0.16413265277290565,0.03133134647181069,0.6771418687869114,0.2653535491280089,0.25335621513710355,0.09123314903777761,0.05003082855677039,0.049966156832298984,0.04674138230002524,0.02532854073070316
4.100848672857846,0.38496778880255206,0.021277443930665014,0.20719969449709286,0.03025445909287021,0.6534815801703202,0.2405500084507837,0.16606103790791527,0.04487528498668161,0.12265219773287742,0.12230977918542646,0.10588549735409987,0.02922399785067281
1.282020258674683,0.25463172485978947,0.025611720793393876,0.1062925524112244,0.036588283951400666,0.6859361753479573,0.2874092486183415,0.2319049622795236,0.08888414503614149,0.058987256678421876,0.05894159623890004,0.05663378588711006,0.03924396256579037
2.4138307938741796,0.346764288832429,0.02400156148900933,0.11568503654779691,0.03598636704894157,0.7679919179987262,0.40930114705400855,0.17015074408526493,0.093430433018135,0.08046176509089137,0.08033377943954624,0.07400120475548468,0.034814039554277094
4.144909850454669,0.2762832068407448,0.013573108415870491,0.15304418653155732,0.044173313583963085,0.5603694427995143,0.42224007916612016,0.2666443173550954,0.11311782616867905,0.0965722300973629,0.09631707872285103,0.08403132967924234,0.023999255496530328
4.267908536553521,0.35934758300593495,0.01184029362693644,0.23058785731725912,0.010533684472860912,0.6413788396026273,0.3303975985863016,0.25770722617520414,0.07440572660454937,0.09002180721533276,0.08974653323752389,0.07663291031371056,0.01796361029764462
4.970573487801959,0.29418197484899977,0.06468218762489143,0.19437752275812378,0.029005408571133394,0.6679230601219712,0.3565231536684813,0.18055242522417816,0.13541976144987608,0.8129491306471684,0.810142768936074,0.6777971375119443,0.1317393696123455
2.947732551546832,0.35843919096766663,0.06387350874420886,0.21583448850851872,0.04690039646164474,0.6518157779266558,0.42891922060827814,0.27741502245980687,0.06339826402560673,0.29405300556025,0.29342503550937343,0.2627896970472638,0.0954581343629923
4.345844779147991,0.25713485056785956,0.012947675729522903,0.23983594085859883,0.018518913811394852,0.648317449436016,0.39500755484812233,0.23689715460422583,0.06078162623459932,0.17827338715999647,0.1777005200991272,0.15051880480565702,0.03276927574657539
