Region,n_simulations,n_outbreaks,outbreak_rate,median_years_to_outbreak,mean_years_to_outbreak,std_years,p10_years,p25_years,p75_years,p90_years,p_outbreak_5yr,p_outbreak_10yr
appalachia,1000,976,0.976,2.0,3.4006147540983607,3.474196397108827,0.0,1.0,5.0,8.0,0.7838114754098361,0.9487704918032787
pacific_northwest,1000,996,0.996,2.0,2.4849397590361444,2.806828681157261,0.0,0.0,4.0,6.0,0.8634538152610441,0.9799196787148594
northeast_urban,1000,988,0.988,2.0,3.334008097165992,3.4905565673302026,0.0,1.0,5.0,9.0,0.7834008097165992,0.9423076923076923
national_average,1000,971,0.971,3.0,3.8290422245108138,3.72367118513766,0.0,1.0,6.0,9.0,0.7250257466529351,0.9268795056642637
