{
  "timestamp": "2025-12-26T17:23:36.372757",
  "probabilistic_sensitivity": {
    "summary": {
      "cascade_completion": {
        "mean": 2.1900000000000004e-05,
        "std": 6.978817951487202e-05,
        "p5": 0.0,
        "p95": 0.0001
      },
      "r0_zero_rate": {
        "mean": 4.9e-06,
        "std": 2.336642890986982e-05,
        "p5": 0.0,
        "p95": 0.0
      },
      "step_probabilities": {
        "awareness": {
          "mean": 0.07555128540924835,
          "std": 0.07344111306961124,
          "p5": 0.01,
          "p95": 0.22556094324784484
        },
        "willingness": {
          "mean": 0.28960155947794874,
          "std": 0.09033495107109484,
          "p5": 0.14563002269576367,
          "p95": 0.4426793044455809
        },
        "healthcare_access": {
          "mean": 0.31719388644448715,
          "std": 0.09566127931054749,
          "p5": 0.15458171112607888,
          "p95": 0.470689257058234
        },
        "disclosure": {
          "mean": 0.22836173731934584,
          "std": 0.09046364319998305,
          "p5": 0.07484915963621475,
          "p95": 0.37594508456022974
        },
        "provider_willing": {
          "mean": 0.3427626378540409,
          "std": 0.09611275552860159,
          "p5": 0.18677713886455805,
          "p95": 0.5025329925011172
        },
        "hiv_testing_adequate": {
          "mean": 0.39234114772179335,
          "std": 0.08971674547140564,
          "p5": 0.24882812108961064,
          "p95": 0.5369719122086546
        },
        "first_injection": {
          "mean": 0.3873566839945247,
          "std": 0.0861005595425546,
          "p5": 0.23938638212071547,
          "p95": 0.5238464085970072
        },
        "sustained_engagement": {
          "mean": 0.23668575359889008,
          "std": 0.09418745449216034,
          "p5": 0.08462722270266172,
          "p95": 0.3904769067959403
        }
      }
    },
    "n_samples": 1000
  },
  "barrier_removal": {
    "baseline": {
      "r0_zero_rate": 0.0,
      "cascade_completion": 4e-05,
      "ci_95": [
        0,
        0.0
      ]
    },
    "no_criminalization": {
      "r0_zero_rate": 0.0023,
      "cascade_completion": 0.00364,
      "ci_95": [
        0.0018801105398798391,
        0.002719889460120161
      ]
    },
    "no_stigma": {
      "r0_zero_rate": 0.0001,
      "cascade_completion": 0.0007,
      "ci_95": [
        1.2350518084816952e-05,
        0.00018764948191518307
      ]
    },
    "low_barrier_access": {
      "r0_zero_rate": 0.00022,
      "cascade_completion": 0.00116,
      "ci_95": [
        9.000261029082162e-05,
        0.0003499973897091784
      ]
    },
    "full_inclusion": {
      "r0_zero_rate": 4e-05,
      "cascade_completion": 0.00028,
      "ci_95": [
        0,
        9.543606289050477e-05
      ]
    },
    "all_removed": {
      "r0_zero_rate": 0.1988,
      "cascade_completion": 0.1988,
      "ci_95": [
        0.1953017589674352,
        0.2022982410325648
      ]
    }
  },
  "step_importance": {
    "ranked": [
      "sustained_engagement",
      "awareness",
      "willingness",
      "disclosure",
      "hiv_testing_adequate",
      "healthcare_access",
      "provider_willing",
      "first_injection"
    ],
    "effects": {
      "awareness": {
        "original_probability": 0.09999999999999995,
        "cascade_if_fixed": 0.0005,
        "r0_zero_if_fixed": 3.3333333333333335e-05,
        "improvement": 3.3333333333333335e-05
      },
      "willingness": {
        "original_probability": 0.3000000000000001,
        "cascade_if_fixed": 0.00023333333333333333,
        "r0_zero_if_fixed": 3.3333333333333335e-05,
        "improvement": 3.3333333333333335e-05
      },
      "healthcare_access": {
        "original_probability": 0.35,
        "cascade_if_fixed": 6.666666666666667e-05,
        "r0_zero_if_fixed": 0.0,
        "improvement": 0.0
      },
      "disclosure": {
        "original_probability": 0.24999999999999997,
        "cascade_if_fixed": 6.666666666666667e-05,
        "r0_zero_if_fixed": 3.3333333333333335e-05,
        "improvement": 3.3333333333333335e-05
      },
      "provider_willing": {
        "original_probability": 0.35,
        "cascade_if_fixed": 3.3333333333333335e-05,
        "r0_zero_if_fixed": 0.0,
        "improvement": 0.0
      },
      "hiv_testing_adequate": {
        "original_probability": 0.44999999999999996,
        "cascade_if_fixed": 6.666666666666667e-05,
        "r0_zero_if_fixed": 3.3333333333333335e-05,
        "improvement": 3.3333333333333335e-05
      },
      "first_injection": {
        "original_probability": 0.44999999999999996,
        "cascade_if_fixed": 3.3333333333333335e-05,
        "r0_zero_if_fixed": 0.0,
        "improvement": 0.0
      },
      "sustained_engagement": {
        "original_probability": 0.24999999999999994,
        "cascade_if_fixed": 0.0001,
        "r0_zero_if_fixed": 6.666666666666667e-05,
        "improvement": 6.666666666666667e-05
      }
    }
  }
}