{
  "timestamp": "2026-01-06T14:39:19.029728",
  "national_forecast": {
    "summary": {
      "n_simulations": 100,
      "n_outbreaks": 98,
      "outbreak_rate": 0.98,
      "median_years_to_outbreak": 2.0,
      "mean_years_to_outbreak": 3.836734693877551,
      "std_years": 3.911505471306622,
      "p10_years": 0.0,
      "p25_years": 1.0,
      "p75_years": 5.75,
      "p90_years": 10.0,
      "p_outbreak_5yr": 0.7448979591836735,
      "p_outbreak_10yr": 0.9081632653061225
    },
    "trajectory_stats": {
      "meth_prevalence": {
        "mean": [
          0.1711321933427418,
          0.17641484616046457,
          0.18188493428809432,
          0.1875497259649746,
          0.19341678755397665,
          0.19949399623214006,
          0.2057895532357485,
          0.21231199768453077,
          0.2190702210107949,
          0.22607348202046385,
          0.2333314226142064,
          0.24085408419813256,
          0.24865192481485146,
          0.2567358370270951,
          0.2651171665875564,
          0.27380773193013164,
          0.28281984451934167
        ],
        "p5": [
          0.1532604777694579,
          0.15504075154299418,
          0.15684170500066938,
          0.1586635783582419,
          0.16050661462182586,
          0.162371059620304,
          0.16425716203811716,
          0.16616517344843457,
          0.1680953483467093,
          0.17004794418462407,
          0.17202322140443058,
          0.17402144347368823,
          0.17604287692040638,
          0.17808779136859457,
          0.1801564595742258,
          0.1822491574616178,
          0.18436616416023638
        ],
        "p95": [
          0.19005268316454402,
          0.19927997834091224,
          0.20895527031505826,
          0.21910030989993332,
          0.22973790393826882,
          0.24089196657418321,
          0.25258757301409124,
          0.2648510158977758,
          0.277709864406348,
          0.2911930262399762,
          0.30533081260471356,
          0.32015500635452127,
          0.3356989334416755,
          0.35199753783618437,
          0.3690874600826404,
          0.38700711967111,
          0.40579680140723834
        ]
      },
      "network_density": {
        "mean": [
          0.6739337665644853,
          0.6819189917732266,
          0.6901873479831383,
          0.6987497889060557,
          0.7076177161377782,
          0.7168029981580013,
          0.7263179901574058,
          0.7358877148186255,
          0.7454312899019793,
          0.7552599658006633,
          0.7652676715259505,
          0.7753909057049507,
          0.7851637189200236,
          0.7945625933182133,
          0.8040700272046188,
          0.8138176847413078,
          0.8232378571197202
        ],
        "p5": [
          0.5349553440828854,
          0.540368299689346,
          0.5460884175806333,
          0.5543416331615748,
          0.5631746783176891,
          0.5723738247438321,
          0.5775086542759759,
          0.5817594795345682,
          0.5876462391510661,
          0.591413266101708,
          0.597169277076057,
          0.6042897832237777,
          0.6116340535617677,
          0.6192108430175413,
          0.6270130507424045,
          0.6331550009996061,
          0.6381562355976156
        ],
        "p95": [
          0.8107443593993101,
          0.8244587681665294,
          0.8386978692319418,
          0.8534817485174235,
          0.8688312613621582,
          0.8860920468778931,
          0.9051614375100576,
          0.9248074969380622,
          0.9452672600368401,
          0.9665744610440689,
          0.9887642338499061,
          1.0,
          1.0,
          1.0,
          1.0,
          1.0,
          1.0
        ]
      },
      "cumulative_outbreak_prob": {
        "mean": [
          0.18397672695955705,
          0.3351492598938958,
          0.45918273559432266,
          0.5607935958585452,
          0.6439041652379252,
          0.7117725903029204,
          0.767102007035032,
          0.8121230140202836,
          0.8486862782325278,
          0.878332280704892,
          0.9023279736433626,
          0.9217159391166667,
          0.9373493766570133,
          0.9499312449920815,
          0.9600419663176284,
          0.9681553626283411,
          0.9746543561310947
        ],
        "p5": [
          0.15687930039224324,
          0.2899428180245091,
          0.4027318610673205,
          0.49823255478386613,
          0.579000325337248,
          0.6472303263285772,
          0.7048012147864703,
          0.7533194308264622,
          0.794157445563322,
          0.8284867801929183,
          0.8576737422761138,
          0.8825701476803468,
          0.9027227369810465,
          0.9192363440577888,
          0.9330178665463149,
          0.944508667235571,
          0.954096139125591
        ],
        "p95": [
          0.21463496336663362,
          0.3854885686091206,
          0.5210312259751672,
          0.6281805285611899,
          0.7125711759477827,
          0.7796892055683776,
          0.8324110314042821,
          0.8732170950183673,
          0.9041147868109898,
          0.9274986907560371,
          0.9451796913238009,
          0.958548666200009,
          0.9690627810421995,
          0.9769468009901162,
          0.9828216237865374,
          0.9871992914879576,
          0.9904613502712047
        ]
      }
    },
    "years": [
      2024,
      2025,
      2026,
      2027,
      2028,
      2029,
      2030,
      2031,
      2032,
      2033,
      2034,
      2035,
      2036,
      2037,
      2038,
      2039,
      2040
    ]
  },
  "regional_comparison": {
    "appalachia": {
      "summary": {
        "n_simulations": 1000,
        "n_outbreaks": 986,
        "outbreak_rate": 0.986,
        "median_years_to_outbreak": 2.0,
        "mean_years_to_outbreak": 3.3782961460446246,
        "std_years": 3.408600198306021,
        "p10_years": 0.0,
        "p25_years": 1.0,
        "p75_years": 5.0,
        "p90_years": 8.0,
        "p_outbreak_5yr": 0.7809330628803245,
        "p_outbreak_10yr": 0.9513184584178499
      },
      "profile": {
        "baseline_meth": 0.25,
        "growth_rate": 0.04,
        "pwid_population": 150000
      }
    },
    "pacific_northwest": {
      "summary": {
        "n_simulations": 1000,
        "n_outbreaks": 992,
        "outbreak_rate": 0.992,
        "median_years_to_outbreak": 2.0,
        "mean_years_to_outbreak": 2.4233870967741935,
        "std_years": 2.709782424040712,
        "p10_years": 0.0,
        "p25_years": 0.0,
        "p75_years": 4.0,
        "p90_years": 6.0,
        "p_outbreak_5yr": 0.875,
        "p_outbreak_10yr": 0.9788306451612904
      },
      "profile": {
        "baseline_meth": 0.35,
        "growth_rate": 0.03,
        "pwid_population": 120000
      }
    },
    "northeast_urban": {
      "summary": {
        "n_simulations": 1000,
        "n_outbreaks": 990,
        "outbreak_rate": 0.99,
        "median_years_to_outbreak": 2.0,
        "mean_years_to_outbreak": 3.3525252525252527,
        "std_years": 3.516191794286938,
        "p10_years": 0.0,
        "p25_years": 1.0,
        "p75_years": 5.0,
        "p90_years": 8.100000000000023,
        "p_outbreak_5yr": 0.7767676767676768,
        "p_outbreak_10yr": 0.9363636363636364
      },
      "profile": {
        "baseline_meth": 0.12,
        "growth_rate": 0.05,
        "pwid_population": 400000
      }
    },
    "national_average": {
      "summary": {
        "n_simulations": 1000,
        "n_outbreaks": 968,
        "outbreak_rate": 0.968,
        "median_years_to_outbreak": 3.0,
        "mean_years_to_outbreak": 3.7107438016528924,
        "std_years": 3.5397693731872057,
        "p10_years": 0.0,
        "p25_years": 1.0,
        "p75_years": 6.0,
        "p90_years": 9.0,
        "p_outbreak_5yr": 0.7355371900826446,
        "p_outbreak_10yr": 0.9390495867768595
      },
      "profile": {
        "baseline_meth": 0.143,