{
  "timestamp": "2026-01-06T20:45:03.319865",
  "probabilistic_sensitivity": {
    "summary": {
      "cascade_completion": {
        "mean": 1e-05,
        "std": 3e-05,
        "p5": 0.0,
        "p95": 5.4999999999999894e-05
      },
      "r0_zero_rate": {
        "mean": 0.0,
        "std": 0.0,
        "p5": 0.0,
        "p95": 0.0
      },
      "step_probabilities": {
        "awareness": {
          "mean": 0.07136925518956605,
          "std": 0.06984695370635678,
          "p5": 0.01,
          "p95": 0.1749812474298698
        },
        "willingness": {
          "mean": 0.2576635532859017,
          "std": 0.09387102046555504,
          "p5": 0.1256832972455389,
          "p95": 0.3912651711834618
        },
        "healthcare_access": {
          "mean": 0.28847335203332547,
          "std": 0.10200440310575083,
          "p5": 0.14652153017854985,
          "p95": 0.44217902347464927
        },
        "disclosure": {
          "mean": 0.2843149256624076,
          "std": 0.09632871593528392,
          "p5": 0.14525627743932462,
          "p95": 0.40086025102279177
        },
        "provider_willing": {
          "mean": 0.2997580536766801,
          "std": 0.041698054973913545,
          "p5": 0.25548221896419304,
          "p95": 0.36701203803517213
        },
        "hiv_testing_adequate": {
          "mean": 0.3927962798577488,
          "std": 0.08211558851172711,
          "p5": 0.27039665711668404,
          "p95": 0.4971329670219612
        },
        "first_injection": {
          "mean": 0.4085440367921871,
          "std": 0.10934580310029277,
          "p5": 0.2506264166931136,
          "p95": 0.5485005694836718
        },
        "sustained_engagement": {
          "mean": 0.24150808684000974,
          "std": 0.07430963248487492,
          "p5": 0.12306997229444416,
          "p95": 0.3238490427382998
        }
      }
    },
    "n_samples": 10
  },
  "barrier_removal": {
    "baseline": {
      "r0_zero_rate": 1e-05,
      "cascade_completion": 2e-05,
      "ci_95": [
        0,
        2.9599901999754997e-05
      ]
    },
    "no_criminalization": {
      "r0_zero_rate": 0.00146,
      "cascade_completion": 0.0025,
      "ci_95": [
        0.0012233452462881845,
        0.0016966547537118153
      ]
    },
    "no_stigma": {
      "r0_zero_rate": 3e-05,
      "cascade_completion": 0.0003,
      "ci_95": [
        0,
        6.394768660159335e-05
      ]
    },
    "low_barrier_access": {
      "r0_zero_rate": 0.00047,
      "cascade_completion": 0.00227,
      "ci_95": [
        0.0003356607506884157,
        0.0006043392493115843
      ]
    },
    "full_inclusion": {
      "r0_zero_rate": 5e-05,
      "cascade_completion": 0.00021,
      "ci_95": [
        6.17416332800936e-06,
        9.382583667199065e-05
      ]
    },
    "all_removed": {
      "r0_zero_rate": 0.19874,
      "cascade_completion": 0.19874,
      "ci_95": [
        0.1962666507495385,
        0.2012133492504615
      ]
    }
  },
  "step_importance": {
    "ranked": [
      "awareness",
      "willingness",
      "healthcare_access",
      "provider_willing",
      "disclosure",
      "hiv_testing_adequate",
      "sustained_engagement",
      "first_injection"
    ],
    "effects": {
      "awareness": {
        "original_probability": 0.09999999999999995,
        "cascade_if_fixed": 0.00041,
        "r0_zero_if_fixed": 6e-05,
        "improvement": 6e-05
      },
      "willingness": {
        "original_probability": 0.3000000000000001,
        "cascade_if_fixed": 0.00018,
        "r0_zero_if_fixed": 5e-05,
        "improvement": 5e-05
      },
      "healthcare_access": {
        "original_probability": 0.35,
        "cascade_if_fixed": 0.0002,
        "r0_zero_if_fixed": 4e-05,
        "improvement": 4e-05
      },
      "disclosure": {
        "original_probability": 0.24999999999999997,
        "cascade_if_fixed": 0.00021,
        "r0_zero_if_fixed": 2e-05,
        "improvement": 2e-05
      },
      "provider_willing": {
        "original_probability": 0.35,
        "cascade_if_fixed": 0.0002,
        "r0_zero_if_fixed": 3e-05,
        "improvement": 3e-05
      },
      "hiv_testing_adequate": {
        "original_probability": 0.44999999999999996,
        "cascade_if_fixed": 5e-05,
        "r0_zero_if_fixed": 1e-05,
        "improvement": 1e-05
      },
      "first_injection": {
        "original_probability": 0.44999999999999996,
        "cascade_if_fixed": 6e-05,
        "r0_zero_if_fixed": 0.0,
        "improvement": 0.0
      },
      "sustained_engagement": {
        "original_probability": 0.24999999999999994,
        "cascade_if_fixed": 0.0001,
        "r0_zero_if_fixed": 1e-05,
        "improvement": 1e-05
      }
    }
  }
}