{
  "timestamp": "2026-01-06T14:39:21.276214",
  "probabilistic_sensitivity": {
    "summary": {
      "cascade_completion": {
        "mean": 1e-05,
        "std": 3e-05,
        "p5": 0.0,
        "p95": 5.4999999999999894e-05
      },
      "r0_zero_rate": {
        "mean": 0.0,
        "std": 0.0,
        "p5": 0.0,
        "p95": 0.0
      },
      "step_probabilities": {
        "awareness": {
          "mean": 0.08326352336654157,
          "std": 0.05370132413416605,
          "p5": 0.01,
          "p95": 0.14816319276679876
        },
        "willingness": {
          "mean": 0.25729373045963816,
          "std": 0.10841580058735482,
          "p5": 0.07776402266650126,
          "p95": 0.3746020939722587
        },
        "healthcare_access": {
          "mean": 0.28775096001415745,
          "std": 0.05724355243726068,
          "p5": 0.21365856635196187,
          "p95": 0.3756355215805543
        },
        "disclosure": {
          "mean": 0.21457916177269482,
          "std": 0.11089014701515532,
          "p5": 0.06592693435786577,
          "p95": 0.3760909244680801
        },
        "provider_willing": {
          "mean": 0.34490783436840206,
          "std": 0.09426089632109473,
          "p5": 0.20775624147295532,
          "p95": 0.4899361563463381
        },
        "hiv_testing_adequate": {
          "mean": 0.41195792105132023,
          "std": 0.07433768085169333,
          "p5": 0.2832457944677525,
          "p95": 0.50273769383765
        },
        "first_injection": {
          "mean": 0.3432448861208568,
          "std": 0.07520364824001433,
          "p5": 0.2571929787887917,
          "p95": 0.46805094335910397
        },
        "sustained_engagement": {
          "mean": 0.2684697705133189,
          "std": 0.08222872648048035,
          "p5": 0.1800092405925419,
          "p95": 0.3978878675322387
        }
      }
    },
    "n_samples": 10
  },
  "barrier_removal": {
    "baseline": {
      "r0_zero_rate": 0.0,
      "cascade_completion": 2e-05,
      "ci_95": [
        0.0,
        0.0
      ]
    },
    "no_criminalization": {
      "r0_zero_rate": 0.00184,
      "cascade_completion": 0.0028,
      "ci_95": [
        0.001464352881575274,
        0.002215647118424726
      ]
    },
    "no_stigma": {
      "r0_zero_rate": 4e-05,
      "cascade_completion": 0.0004,
      "ci_95": [
        0.0,
        9.543606289050477e-05
      ]
    },
    "low_barrier_access": {
      "r0_zero_rate": 0.00014,
      "cascade_completion": 0.0011,
      "ci_95": [
        3.629380880198135e-05,
        0.00024370619119801863
      ]
    },
    "full_inclusion": {
      "r0_zero_rate": 0.0,
      "cascade_completion": 0.00026,
      "ci_95": [
        0.0,
        0.0
      ]
    },
    "all_removed": {
      "r0_zero_rate": 0.19714,
      "cascade_completion": 0.19714,
      "ci_95": [
        0.19365278795698157,
        0.20062721204301845
      ]
    }
  },
  "step_importance": {
    "ranked": [
      "awareness",
      "healthcare_access",
      "disclosure",
      "willingness",
      "provider_willing",
      "hiv_testing_adequate",
      "first_injection",
      "sustained_engagement"
    ],
    "effects": {
      "awareness": {
        "original_probability": 0.09999999999999995,
        "cascade_if_fixed": 0.0005333333333333334,
        "r0_zero_if_fixed": 0.0002,
        "improvement": 0.00018
      },
      "willingness": {
        "original_probability": 0.3000000000000001,
        "cascade_if_fixed": 0.00013333333333333334,
        "r0_zero_if_fixed": 0.0,
        "improvement": -2e-05
      },
      "healthcare_access": {
        "original_probability": 0.35,
        "cascade_if_fixed": 6.666666666666667e-05,
        "r0_zero_if_fixed": 3.3333333333333335e-05,
        "improvement": 1.3333333333333333e-05
      },
      "disclosure": {
        "original_probability": 0.24999999999999997,
        "cascade_if_fixed": 0.00016666666666666666,
        "r0_zero_if_fixed": 3.3333333333333335e-05,
        "improvement": 1.3333333333333333e-05
      },
      "provider_willing": {
        "original_probability": 0.35,
        "cascade_if_fixed": 3.3333333333333335e-05,
        "r0_zero_if_fixed": 0.0,
        "improvement": -2e-05
      },
      "hiv_testing_adequate": {
        "original_probability": 0.44999999999999996,
        "cascade_if_fixed": 0.00013333333333333334,
        "r0_zero_if_fixed": 0.0,
        "improvement": -2e-05
      },
      "first_injection": {
        "original_probability": 0.44999999999999996,
        "cascade_if_fixed": 0.0001,
        "r0_zero_if_fixed": 0.0,
        "improvement": -2e-05
      },
      "sustained_engagement": {
        "original_probability": 0.24999999999999994,
        "cascade_if_fixed": 0.0002,
        "r0_zero_if_fixed": 0.0,
        "improvement": -2e-05
      }
    }
  }
}