Scenario,ssp_coverage,oat_coverage,n_simulations,n_outbreaks,outbreak_rate,median_years_to_outbreak,mean_years_to_outbreak,std_years,p10_years,p25_years,p75_years,p90_years,p_outbreak_5yr,p_outbreak_10yr,incarceration_annual_rate,housing_instability_rate
Current Policy,0.21,0.08,1000,975,0.975,3.0,4.108717948717949,3.823071110418804,0.0,1.0,6.0,10.0,0.6953846153846154,0.921025641025641,,
SSP Expansion (50%),0.5,0.08,1000,958,0.958,3.0,4.38517745302714,4.131056257615416,0.0,1.0,7.0,11.0,0.6764091858037579,0.8820459290187892,,
OAT Expansion (40%),0.21,0.4,1000,961,0.961,3.0,4.1030176899063475,3.8245607024604342,0.0,1.0,6.0,10.0,0.700312174817898,0.9198751300728408,,
Combined SSP+OAT,0.5,0.4,1000,929,0.929,4.0,5.003229278794403,4.325182265261504,0.0,1.0,8.0,12.0,0.6189451022604952,0.8568353067814855,,
Decriminalization,0.4,0.3,1000,920,0.92,4.0,4.908695652173913,4.25955836080591,0.0,1.0,8.0,12.0,0.6434782608695652,0.8717391304347826,0.1,0.5
Full Harm Reduction,0.8,0.6,1000,789,0.789,5.0,6.17490494296578,4.611093571629769,1.0,2.0,10.0,13.0,0.5082382762991128,0.7997465145754119,0.05,0.3
