{
  "timestamp": "2026-01-06T21:09:27.752378",
  "national_forecast": {
    "summary": {
      "n_simulations": 2000,
      "n_outbreaks": 1943,
      "outbreak_rate": 0.9715,
      "median_years_to_outbreak": 3.0,
      "mean_years_to_outbreak": 3.7920741121976325,
      "std_years": 3.709746932931708,
      "p10_years": 0.0,
      "p25_years": 1.0,
      "p75_years": 6.0,
      "p90_years": 9.0,
      "p_outbreak_5yr": 0.7380339680905815,
      "p_outbreak_10yr": 0.9274318064848173
    },
    "trajectory_stats": {
      "meth_prevalence": {
        "mean": [
          0.1712737919858468,
          0.17657981552742374,
          0.18207300485599495,
          0.1877605361017238,
          0.19364987565685815,
          0.19974879234595183,
          0.2060653701195683,
          0.21260802129441014,
          0.21938550036385532,
          0.22640691840393895,
          0.2336817581009175,
          0.2412198894277655,
          0.24903158599811515,
          0.2571275421274631,
          0.2655188906327856,
          0.27421722140309585,
          0.2832346007749142
        ],
        "p5": [
          0.15371915450595686,
          0.15558222522357046,
          0.15746787629738926,
          0.15937638140065266,
          0.1613080175235123,
          0.16326306501323276,
          0.16524180761488,
          0.16724453251250238,
          0.169271530370811,
          0.17132309537736545,
          0.1733995252852706,
          0.17550112145639077,
          0.17762818890508797,
          0.17978103634248999,
          0.18195997622129514,
          0.18416532478112005,
          0.1863974020943969
        ],
        "p95": [
          0.189541161038926,
          0.1986543686269285,
          0.20820574257946614,
          0.21821635009837806,
          0.22870827130451554,
          0.23970464793927568,
          0.2512297344077231,
          0.2633089512758857,
          0.27596894134021993,
          0.28923762839291894,
          0.3031442788126788,
          0.31771956611677277,
          0.33299563861681514,
          0.34900619032743935,
          0.3657865352842939,
          0.3833736854352763,
          0.40180643227680735
        ]
      },
      "network_density": {
        "mean": [
          0.6787805784568947,
          0.6869069501104539,
          0.6953204453532872,
          0.7040320863612429,
          0.7130533415342275,
          0.7223823375790651,
          0.7320142712046637,
          0.7419503094287992,
          0.7521282256161823,
          0.7624266055979773,
          0.7728522769070363,
          0.7831901217168585,
          0.7933597009199733,
          0.8033128736187892,
          0.8131095569184464,
          0.8225797089849556,
          0.8317249836024981
        ],
        "p5": [
          0.5507673864091598,
          0.5546507950600448,
          0.5590861881956541,
          0.5628579759796734,
          0.5691923159577922,
          0.5749403941190107,
          0.5783808535781577,
          0.5823705322511185,
          0.5859776898238261,
          0.5905491134051517,
          0.5940935222775269,
          0.5998281022729053,
          0.603627299615226,
          0.607232502003352,
          0.6118840124123133,
          0.6148625063763875,
          0.6202572675141762
        ],
        "p95": [
          0.8095686577499245,
          0.8229857608077061,
          0.8371217423117909,
          0.8517434286836918,
          0.8667344174802247,
          0.8846845917496466,
          0.9015663094549655,
          0.9208286530029816,
          0.9424205974970931,
          0.9639958178030964,
          0.9872133488520183,
          1.0,
          1.0,
          1.0,
          1.0,
          1.0,
          1.0
        ]
      },
      "cumulative_outbreak_prob": {
        "mean": [
          0.18569792912074898,
          0.33799079271006277,
          0.46269667885927696,
          0.5646512629229374,
          0.647869212461023,
          0.7156789331056636,
          0.7708368892093121,
          0.8156234302908102,
          0.8519208648730544,
          0.8812808706289509,
          0.9049837761830376,
          0.9240808065748982,
          0.9394363910963951,
          0.9517598611760117,
          0.9616322556057755,
          0.9695266698501256,
          0.9758285676479335
        ],
        "p5": [
          0.15732704329488725,
          0.2908509804280143,
          0.40398360580094606,
          0.4995233233591427,
          0.5797384334798825,
          0.6481577760941264,
          0.7057732445036364,
          0.7542393701313633,
          0.7949801118250102,
          0.8293205342248946,
          0.8579583254280077,
          0.8820244276946251,
          0.9022989206688741,
          0.919221718644808,
          0.9330840432794862,
          0.944745614933177,
          0.9543745445356087
        ],
        "p95": [
          0.2137947100866277,
          0.38426452234789527,
          0.5194226461841117,
          0.6265599994919865,
          0.7113649304130338,
          0.7774521204184381,
          0.8296064308811579,
          0.8697413304964515,
          0.9010097753843856,
          0.9254349745329796,
          0.9442240436701217,
          0.9582475137165546,
          0.968930356239163,
          0.9768017825935218,
          0.982635311100229,
          0.987028402075415,
          0.9903658646622687
        ]
      }
    },
    "years": [
      2024,
      2025,
      2026,
      2027,
      2028,
      2029,
      2030,
      2031,
      2032,
      2033,
      2034,
      2035,
      2036,
      2037,
      2038,
      2039,
      2040
    ]
  },
  "regional_comparison": {
    "appalachia": {
      "summary": {
        "n_simulations": 1000,
        "n_outbreaks": 976,
        "outbreak_rate": 0.976,
        "median_years_to_outbreak": 2.0,
        "mean_years_to_outbreak": 3.4006147540983607,
        "std_years": 3.474196397108827,
        "p10_years": 0.0,
        "p25_years": 1.0,
        "p75_years": 5.0,
        "p90_years": 8.0,
        "p_outbreak_5yr": 0.7838114754098361,
        "p_outbreak_10yr": 0.9487704918032787
      },
      "profile": {
        "baseline_meth": 0.25,
        "growth_rate": 0.04,
        "pwid_population": 150000
      }
    },
    "pacific_northwest": {
      "summary": {
        "n_simulations": 1000,
        "n_outbreaks": 996,
        "outbreak_rate": 0.996,
        "median_years_to_outbreak": 2.0,
        "mean_years_to_outbreak": 2.4849397590361444,
        "std_years": 2.806828681157261,
        "p10_years": 0.0,
        "p25_years": 0.0,
        "p75_years": 4.0,
        "p90_years": 6.0,
        "p_outbreak_5yr": 0.8634538152610441,
        "p_outbreak_10yr": 0.9799196787148594
      },
      "profile": {
        "baseline_meth": 0.35,
        "growth_rate": 0.03,
        "pwid_population": 120000
      }
    },
    "northeast_urban": {
      "summary": {
        "n_simulations": 1000,
        "n_outbreaks": 988,
        "outbreak_rate": 0.988,
        "median_years_to_outbreak": 2.0,
        "mean_years_to_outbreak": 3.334008097165992,
        "std_years": 3.4905565673302026,
        "p10_years": 0.0,
        "p25_years": 1.0,
        "p75_years": 5.0,
        "p90_years": 9.0,
        "p_outbreak_5yr": 0.7834008097165992,
        "p_outbreak_10yr": 0.9423076923076923
      },
      "profile": {
        "baseline_meth": 0.12,
        "growth_rate": 0.05,
        "pwid_population": 400000
      }
    },
    "national_average": {
      "summary": {
        "n_simulations": 1000,
        "n_outbreaks": 971,
        "outbreak_rate": 0.971,
        "median_years_to_outbreak": 3.0,
        "mean_years_to_outbreak": 3.8290422245108138,
        "std_years": 3.72367118513766,
        "p10_years": 0.0,
        "p25_years": 1.0,
        "p75_years": 6.0,
        "p90_years": 9.0,
        "p_outbreak_5yr": 0.7250257466529351,
        "p_outbreak_10yr": 0.9268795056642637
      },
      "profile": {
        "baseline_meth": 0.143,